[2026-09-23T00:57:50.388+0000] {manager.py:483} INFO - Processing files using up to 2 processes at a time 
[2026-09-23T00:57:50.392+0000] {manager.py:484} INFO - Process each file at most once every 30 seconds
[2026-09-23T00:57:50.393+0000] {manager.py:485} INFO - Checking for new files in /opt/airflow/dags every 300 seconds
[2026-09-23T00:57:50.396+0000] {manager.py:821} INFO - Searching for files in /opt/airflow/dags
[2026-09-23T00:57:50.402+0000] {manager.py:824} INFO - There are 0 files in /opt/airflow/dags
[2026-09-23T01:02:49.921+0000] {manager.py:465} INFO - Exiting gracefully upon receiving signal 15
[2026-09-23T23:29:25.894+0000] {manager.py:483} INFO - Processing files using up to 2 processes at a time 
[2026-09-23T23:29:25.897+0000] {manager.py:484} INFO - Process each file at most once every 30 seconds
[2026-09-23T23:29:25.898+0000] {manager.py:485} INFO - Checking for new files in /opt/airflow/dags every 300 seconds
[2026-09-23T23:29:25.903+0000] {manager.py:821} INFO - Searching for files in /opt/airflow/dags
[2026-09-23T23:29:25.913+0000] {manager.py:824} INFO - There are 1 files in /opt/airflow/dags
[2026-09-23T23:29:26.147+0000] {manager.py:997} INFO - 
================================================================================
DAG File Processing Stats

File Path                             PID  Runtime      # DAGs    # Errors  Last Runtime    Last Run      Last # of DB Queries
----------------------------------  -----  ---------  --------  ----------  --------------  ----------  ----------------------
/opt/airflow/dags/hello_airflow.py    163  0.15s             0           0                                                   0
================================================================================
[2026-09-23T23:29:53.729+0000] {manager.py:465} INFO - Exiting gracefully upon receiving signal 15
[2026-09-23T23:32:33.451+0000] {manager.py:483} INFO - Processing files using up to 2 processes at a time 
[2026-09-23T23:32:33.453+0000] {manager.py:484} INFO - Process each file at most once every 30 seconds
[2026-09-23T23:32:33.455+0000] {manager.py:485} INFO - Checking for new files in /opt/airflow/dags every 300 seconds
[2026-09-23T23:32:33.465+0000] {manager.py:821} INFO - Searching for files in /opt/airflow/dags
[2026-09-23T23:32:33.516+0000] {manager.py:824} INFO - There are 1 files in /opt/airflow/dags
[2026-09-23T23:32:33.837+0000] {manager.py:997} INFO - 
================================================================================
DAG File Processing Stats

File Path                             PID  Runtime      # DAGs    # Errors  Last Runtime    Last Run      Last # of DB Queries
----------------------------------  -----  ---------  --------  ----------  --------------  ----------  ----------------------
/opt/airflow/dags/hello_airflow.py    163  0.12s             0           0                                                   0
================================================================================
[2026-09-23T23:33:04.167+0000] {manager.py:997} INFO - 
================================================================================
DAG File Processing Stats

File Path                             PID  Runtime      # DAGs    # Errors  Last Runtime    Last Run               Last # of DB Queries
----------------------------------  -----  ---------  --------  ----------  --------------  -------------------  ----------------------
/opt/airflow/dags/hello_airflow.py    168  0.01s             0           1  0.44s           2026-09-23T23:32:34                       3
================================================================================
[2026-09-23T23:33:34.478+0000] {manager.py:997} INFO - 
================================================================================
DAG File Processing Stats

File Path                           PID    Runtime      # DAGs    # Errors  Last Runtime    Last Run               Last # of DB Queries
----------------------------------  -----  ---------  --------  ----------  --------------  -------------------  ----------------------
/opt/airflow/dags/hello_airflow.py                           0           1  0.34s           2026-09-23T23:33:04                       5
================================================================================
[2026-09-23T23:33:53.626+0000] {manager.py:465} INFO - Exiting gracefully upon receiving signal 15
[2026-09-23T23:36:30.888+0000] {manager.py:483} INFO - Processing files using up to 2 processes at a time 
[2026-09-23T23:36:30.889+0000] {manager.py:484} INFO - Process each file at most once every 30 seconds
[2026-09-23T23:36:30.890+0000] {manager.py:485} INFO - Checking for new files in /opt/airflow/dags every 300 seconds
[2026-09-23T23:36:30.892+0000] {manager.py:821} INFO - Searching for files in /opt/airflow/dags
[2026-09-23T23:36:30.917+0000] {manager.py:824} INFO - There are 1 files in /opt/airflow/dags
[2026-09-23T23:36:31.029+0000] {manager.py:997} INFO - 
================================================================================
DAG File Processing Stats

File Path                             PID  Runtime      # DAGs    # Errors  Last Runtime    Last Run      Last # of DB Queries
----------------------------------  -----  ---------  --------  ----------  --------------  ----------  ----------------------
/opt/airflow/dags/hello_airflow.py    163  0.04s             0           0                                                   0
================================================================================
[2026-09-23T23:37:01.372+0000] {manager.py:997} INFO - 
================================================================================
DAG File Processing Stats

File Path                             PID  Runtime      # DAGs    # Errors  Last Runtime    Last Run               Last # of DB Queries
----------------------------------  -----  ---------  --------  ----------  --------------  -------------------  ----------------------
/opt/airflow/dags/hello_airflow.py    168  0.01s             0           1  0.13s           2026-09-23T23:36:31                       3
================================================================================
[2026-09-23T23:37:31.828+0000] {manager.py:997} INFO - 
================================================================================
DAG File Processing Stats

File Path                             PID  Runtime      # DAGs    # Errors  Last Runtime    Last Run               Last # of DB Queries
----------------------------------  -----  ---------  --------  ----------  --------------  -------------------  ----------------------
/opt/airflow/dags/hello_airflow.py    173  0.01s             0           1  0.15s           2026-09-23T23:37:01                       5
================================================================================
[2026-09-23T23:38:02.314+0000] {manager.py:997} INFO - 
================================================================================
DAG File Processing Stats

File Path                           PID    Runtime      # DAGs    # Errors  Last Runtime    Last Run               Last # of DB Queries
----------------------------------  -----  ---------  --------  ----------  --------------  -------------------  ----------------------
/opt/airflow/dags/hello_airflow.py                           0           1  0.20s           2026-09-23T23:37:54                       5
================================================================================
[2026-09-23T23:38:32.566+0000] {manager.py:997} INFO - 
================================================================================
DAG File Processing Stats

File Path                           PID    Runtime      # DAGs    # Errors  Last Runtime    Last Run               Last # of DB Queries
----------------------------------  -----  ---------  --------  ----------  --------------  -------------------  ----------------------
/opt/airflow/dags/hello_airflow.py                           0           1  0.13s           2026-09-23T23:38:24                       5
================================================================================
[2026-09-23T23:39:02.901+0000] {manager.py:997} INFO - 
================================================================================
DAG File Processing Stats

File Path                           PID    Runtime      # DAGs    # Errors  Last Runtime    Last Run               Last # of DB Queries
----------------------------------  -----  ---------  --------  ----------  --------------  -------------------  ----------------------
/opt/airflow/dags/hello_airflow.py                           0           1  0.12s           2026-09-23T23:38:54                       5
================================================================================
[2026-09-23T23:39:33.168+0000] {manager.py:997} INFO - 
================================================================================
DAG File Processing Stats

File Path                           PID    Runtime      # DAGs    # Errors  Last Runtime    Last Run               Last # of DB Queries
----------------------------------  -----  ---------  --------  ----------  --------------  -------------------  ----------------------
/opt/airflow/dags/hello_airflow.py                           0           1  0.12s           2026-09-23T23:39:25                       5
================================================================================
[2026-09-23T23:40:03.672+0000] {manager.py:997} INFO - 
================================================================================
DAG File Processing Stats

File Path                           PID    Runtime      # DAGs    # Errors  Last Runtime    Last Run               Last # of DB Queries
----------------------------------  -----  ---------  --------  ----------  --------------  -------------------  ----------------------
/opt/airflow/dags/hello_airflow.py                           0           1  0.34s           2026-09-23T23:39:55                       5
================================================================================
[2026-09-23T23:40:34.340+0000] {manager.py:997} INFO - 
================================================================================
DAG File Processing Stats

File Path                           PID    Runtime      # DAGs    # Errors  Last Runtime    Last Run               Last # of DB Queries
----------------------------------  -----  ---------  --------  ----------  --------------  -------------------  ----------------------
/opt/airflow/dags/hello_airflow.py                           0           1  0.12s           2026-09-23T23:40:26                       5
================================================================================
[2026-09-23T23:41:04.708+0000] {manager.py:997} INFO - 
================================================================================
DAG File Processing Stats

File Path                           PID    Runtime      # DAGs    # Errors  Last Runtime    Last Run               Last # of DB Queries
----------------------------------  -----  ---------  --------  ----------  --------------  -------------------  ----------------------
/opt/airflow/dags/hello_airflow.py                           0           1  0.13s           2026-09-23T23:40:56                       5
================================================================================
[2026-09-23T23:41:05.547+0000] {manager.py:465} INFO - Exiting gracefully upon receiving signal 15
[2026-09-23T23:41:48.212+0000] {manager.py:483} INFO - Processing files using up to 2 processes at a time 
[2026-09-23T23:41:48.213+0000] {manager.py:484} INFO - Process each file at most once every 30 seconds
[2026-09-23T23:41:48.215+0000] {manager.py:485} INFO - Checking for new files in /opt/airflow/dags every 300 seconds
[2026-09-23T23:41:48.216+0000] {manager.py:821} INFO - Searching for files in /opt/airflow/dags
[2026-09-23T23:41:48.251+0000] {manager.py:824} INFO - There are 1 files in /opt/airflow/dags
[2026-09-23T23:41:48.373+0000] {manager.py:997} INFO - 
================================================================================
DAG File Processing Stats

File Path                             PID  Runtime      # DAGs    # Errors  Last Runtime    Last Run      Last # of DB Queries
----------------------------------  -----  ---------  --------  ----------  --------------  ----------  ----------------------
/opt/airflow/dags/hello_airflow.py    163  0.04s             0           0                                                   0
================================================================================
[2026-09-23T23:42:18.785+0000] {manager.py:997} INFO - 
================================================================================
DAG File Processing Stats

File Path                             PID  Runtime      # DAGs    # Errors  Last Runtime    Last Run               Last # of DB Queries
----------------------------------  -----  ---------  --------  ----------  --------------  -------------------  ----------------------
/opt/airflow/dags/hello_airflow.py    168  0.01s             0           1  0.12s           2026-09-23T23:41:48                       5
================================================================================
[2026-09-23T23:42:49.070+0000] {manager.py:997} INFO - 
================================================================================
DAG File Processing Stats

File Path                             PID  Runtime      # DAGs    # Errors  Last Runtime    Last Run               Last # of DB Queries
----------------------------------  -----  ---------  --------  ----------  --------------  -------------------  ----------------------
/opt/airflow/dags/hello_airflow.py    173  0.01s             0           1  0.14s           2026-09-23T23:42:18                       5
================================================================================
[2026-09-23T23:43:19.407+0000] {manager.py:997} INFO - 
================================================================================
DAG File Processing Stats

File Path                             PID  Runtime      # DAGs    # Errors  Last Runtime    Last Run               Last # of DB Queries
----------------------------------  -----  ---------  --------  ----------  --------------  -------------------  ----------------------
/opt/airflow/dags/hello_airflow.py    178  0.01s             0           1  0.14s           2026-09-23T23:42:49                       5
================================================================================
[2026-09-23T23:43:49.444+0000] {manager.py:997} INFO - 
================================================================================
DAG File Processing Stats

File Path                           PID    Runtime      # DAGs    # Errors  Last Runtime    Last Run               Last # of DB Queries
----------------------------------  -----  ---------  --------  ----------  --------------  -------------------  ----------------------
/opt/airflow/dags/hello_airflow.py                           1           0  0.76s           2026-09-23T23:43:31                      43
================================================================================
[2026-09-23T23:44:20.094+0000] {manager.py:997} INFO - 
================================================================================
DAG File Processing Stats

File Path                           PID    Runtime      # DAGs    # Errors  Last Runtime    Last Run               Last # of DB Queries
----------------------------------  -----  ---------  --------  ----------  --------------  -------------------  ----------------------
/opt/airflow/dags/hello_airflow.py                           1           0  0.26s           2026-09-23T23:43:52                       9
================================================================================
[2026-09-23T23:44:50.706+0000] {manager.py:997} INFO - 
================================================================================
DAG File Processing Stats

File Path                           PID    Runtime      # DAGs    # Errors  Last Runtime    Last Run               Last # of DB Queries
----------------------------------  -----  ---------  --------  ----------  --------------  -------------------  ----------------------
/opt/airflow/dags/hello_airflow.py                           1           0  0.22s           2026-09-23T23:44:22                      10
================================================================================
[2026-09-23T23:45:21.233+0000] {manager.py:997} INFO - 
================================================================================
DAG File Processing Stats

File Path                           PID    Runtime      # DAGs    # Errors  Last Runtime    Last Run               Last # of DB Queries
----------------------------------  -----  ---------  --------  ----------  --------------  -------------------  ----------------------
/opt/airflow/dags/hello_airflow.py                           1           0  0.40s           2026-09-23T23:44:56                      32
================================================================================
[2026-09-23T23:45:51.368+0000] {manager.py:997} INFO - 
================================================================================
DAG File Processing Stats

File Path                           PID    Runtime      # DAGs    # Errors  Last Runtime    Last Run               Last # of DB Queries
----------------------------------  -----  ---------  --------  ----------  --------------  -------------------  ----------------------
/opt/airflow/dags/hello_airflow.py                           1           0  0.43s           2026-09-23T23:45:32                      10
================================================================================
[2026-09-23T23:46:21.431+0000] {manager.py:997} INFO - 
================================================================================
DAG File Processing Stats

File Path                           PID    Runtime      # DAGs    # Errors  Last Runtime    Last Run               Last # of DB Queries
----------------------------------  -----  ---------  --------  ----------  --------------  -------------------  ----------------------
/opt/airflow/dags/hello_airflow.py                           1           0  0.35s           2026-09-23T23:46:16                      31
================================================================================
[2026-09-23T23:46:48.420+0000] {manager.py:821} INFO - Searching for files in /opt/airflow/dags
[2026-09-23T23:46:48.441+0000] {manager.py:824} INFO - There are 1 files in /opt/airflow/dags
[2026-09-23T23:46:51.488+0000] {manager.py:997} INFO - 
================================================================================
DAG File Processing Stats

File Path                           PID    Runtime      # DAGs    # Errors  Last Runtime    Last Run               Last # of DB Queries
----------------------------------  -----  ---------  --------  ----------  --------------  -------------------  ----------------------
/opt/airflow/dags/hello_airflow.py                           1           0  0.20s           2026-09-23T23:46:46                      10
================================================================================
[2026-09-23T23:47:21.954+0000] {manager.py:997} INFO - 
================================================================================
DAG File Processing Stats

File Path                           PID    Runtime      # DAGs    # Errors  Last Runtime    Last Run               Last # of DB Queries
----------------------------------  -----  ---------  --------  ----------  --------------  -------------------  ----------------------
/opt/airflow/dags/hello_airflow.py                           1           0  0.48s           2026-09-23T23:47:00                      32
================================================================================
[2026-09-23T23:47:52.809+0000] {manager.py:997} INFO - 
================================================================================
DAG File Processing Stats

File Path                           PID    Runtime      # DAGs    # Errors  Last Runtime    Last Run               Last # of DB Queries
----------------------------------  -----  ---------  --------  ----------  --------------  -------------------  ----------------------
/opt/airflow/dags/hello_airflow.py                           1           0  0.19s           2026-09-23T23:47:30                      10
================================================================================
[2026-09-23T23:48:23.187+0000] {manager.py:997} INFO - 
================================================================================
DAG File Processing Stats

File Path                           PID    Runtime      # DAGs    # Errors  Last Runtime    Last Run               Last # of DB Queries
----------------------------------  -----  ---------  --------  ----------  --------------  -------------------  ----------------------
/opt/airflow/dags/hello_airflow.py                           1           0  0.20s           2026-09-23T23:48:01                      10
================================================================================
[2026-09-23T23:48:53.629+0000] {manager.py:997} INFO - 
================================================================================
DAG File Processing Stats

File Path                           PID    Runtime      # DAGs    # Errors  Last Runtime    Last Run               Last # of DB Queries
----------------------------------  -----  ---------  --------  ----------  --------------  -------------------  ----------------------
/opt/airflow/dags/hello_airflow.py                           1           0  0.22s           2026-09-23T23:48:31                      10
================================================================================
[2026-09-23T23:49:23.900+0000] {manager.py:997} INFO - 
================================================================================
DAG File Processing Stats

File Path                           PID    Runtime      # DAGs    # Errors  Last Runtime    Last Run               Last # of DB Queries
----------------------------------  -----  ---------  --------  ----------  --------------  -------------------  ----------------------
/opt/airflow/dags/hello_airflow.py                           1           0  0.19s           2026-09-23T23:49:01                      10
================================================================================
[2026-09-23T23:49:54.305+0000] {manager.py:997} INFO - 
================================================================================
DAG File Processing Stats

File Path                           PID    Runtime      # DAGs    # Errors  Last Runtime    Last Run               Last # of DB Queries
----------------------------------  -----  ---------  --------  ----------  --------------  -------------------  ----------------------
/opt/airflow/dags/hello_airflow.py                           1           0  0.20s           2026-09-23T23:49:32                      10
================================================================================
[2026-09-23T23:50:24.617+0000] {manager.py:997} INFO - 
================================================================================
DAG File Processing Stats

File Path                           PID    Runtime      # DAGs    # Errors  Last Runtime    Last Run               Last # of DB Queries
----------------------------------  -----  ---------  --------  ----------  --------------  -------------------  ----------------------
/opt/airflow/dags/hello_airflow.py                           1           0  0.19s           2026-09-23T23:50:02                      10
================================================================================
[2026-09-23T23:50:55.015+0000] {manager.py:997} INFO - 
================================================================================
DAG File Processing Stats

File Path                           PID    Runtime      # DAGs    # Errors  Last Runtime    Last Run               Last # of DB Queries
----------------------------------  -----  ---------  --------  ----------  --------------  -------------------  ----------------------
/opt/airflow/dags/hello_airflow.py                           1           0  0.20s           2026-09-23T23:50:32                      10
================================================================================
[2026-09-23T23:51:25.336+0000] {manager.py:997} INFO - 
================================================================================
DAG File Processing Stats

File Path                           PID    Runtime      # DAGs    # Errors  Last Runtime    Last Run               Last # of DB Queries
----------------------------------  -----  ---------  --------  ----------  --------------  -------------------  ----------------------
/opt/airflow/dags/hello_airflow.py                           1           0  0.20s           2026-09-23T23:51:03                      10
================================================================================
[2026-09-23T23:51:48.687+0000] {manager.py:821} INFO - Searching for files in /opt/airflow/dags
[2026-09-23T23:51:48.717+0000] {manager.py:824} INFO - There are 1 files in /opt/airflow/dags
[2026-09-23T23:51:55.790+0000] {manager.py:997} INFO - 
================================================================================
DAG File Processing Stats

File Path                           PID    Runtime      # DAGs    # Errors  Last Runtime    Last Run               Last # of DB Queries
----------------------------------  -----  ---------  --------  ----------  --------------  -------------------  ----------------------
/opt/airflow/dags/hello_airflow.py                           1           0  0.21s           2026-09-23T23:51:33                      10
================================================================================
[2026-09-23T23:52:26.073+0000] {manager.py:997} INFO - 
================================================================================
DAG File Processing Stats

File Path                           PID    Runtime      # DAGs    # Errors  Last Runtime    Last Run               Last # of DB Queries
----------------------------------  -----  ---------  --------  ----------  --------------  -------------------  ----------------------
/opt/airflow/dags/hello_airflow.py                           1           0  0.18s           2026-09-23T23:52:04                      10
================================================================================
[2026-09-23T23:52:56.436+0000] {manager.py:997} INFO - 
================================================================================
DAG File Processing Stats

File Path                           PID    Runtime      # DAGs    # Errors  Last Runtime    Last Run               Last # of DB Queries
----------------------------------  -----  ---------  --------  ----------  --------------  -------------------  ----------------------
/opt/airflow/dags/hello_airflow.py                           1           0  0.19s           2026-09-23T23:52:34                      10
================================================================================
[2026-09-23T23:53:26.733+0000] {manager.py:997} INFO - 
================================================================================
DAG File Processing Stats

File Path                           PID    Runtime      # DAGs    # Errors  Last Runtime    Last Run               Last # of DB Queries
----------------------------------  -----  ---------  --------  ----------  --------------  -------------------  ----------------------
/opt/airflow/dags/hello_airflow.py                           1           0  0.19s           2026-09-23T23:53:04                      10
================================================================================
[2026-09-23T23:53:57.097+0000] {manager.py:997} INFO - 
================================================================================
DAG File Processing Stats

File Path                           PID    Runtime      # DAGs    # Errors  Last Runtime    Last Run               Last # of DB Queries
----------------------------------  -----  ---------  --------  ----------  --------------  -------------------  ----------------------
/opt/airflow/dags/hello_airflow.py                           1           0  0.19s           2026-09-23T23:53:34                      10
================================================================================
[2026-09-23T23:54:27.401+0000] {manager.py:997} INFO - 
================================================================================
DAG File Processing Stats

File Path                           PID    Runtime      # DAGs    # Errors  Last Runtime    Last Run               Last # of DB Queries
----------------------------------  -----  ---------  --------  ----------  --------------  -------------------  ----------------------
/opt/airflow/dags/hello_airflow.py                           1           0  0.20s           2026-09-23T23:54:05                      10
================================================================================
[2026-09-23T23:54:57.816+0000] {manager.py:997} INFO - 
================================================================================
DAG File Processing Stats

File Path                           PID    Runtime      # DAGs    # Errors  Last Runtime    Last Run               Last # of DB Queries
----------------------------------  -----  ---------  --------  ----------  --------------  -------------------  ----------------------
/opt/airflow/dags/hello_airflow.py                           1           0  0.20s           2026-09-23T23:54:35                      10
================================================================================
[2026-09-23T23:55:28.137+0000] {manager.py:997} INFO - 
================================================================================
DAG File Processing Stats

File Path                           PID    Runtime      # DAGs    # Errors  Last Runtime    Last Run               Last # of DB Queries
----------------------------------  -----  ---------  --------  ----------  --------------  -------------------  ----------------------
/opt/airflow/dags/hello_airflow.py                           1           0  0.22s           2026-09-23T23:55:06                      10
================================================================================
[2026-09-23T23:55:58.898+0000] {manager.py:997} INFO - 
================================================================================
DAG File Processing Stats

File Path                           PID    Runtime      # DAGs    # Errors  Last Runtime    Last Run               Last # of DB Queries
----------------------------------  -----  ---------  --------  ----------  --------------  -------------------  ----------------------
/opt/airflow/dags/hello_airflow.py                           1           0  0.29s           2026-09-23T23:55:36                      10
================================================================================
[2026-09-23T23:56:29.243+0000] {manager.py:997} INFO - 
================================================================================
DAG File Processing Stats

File Path                           PID    Runtime      # DAGs    # Errors  Last Runtime    Last Run               Last # of DB Queries
----------------------------------  -----  ---------  --------  ----------  --------------  -------------------  ----------------------
/opt/airflow/dags/hello_airflow.py                           1           0  0.28s           2026-09-23T23:56:07                      10
================================================================================
[2026-09-23T23:56:49.411+0000] {manager.py:821} INFO - Searching for files in /opt/airflow/dags
[2026-09-23T23:56:49.437+0000] {manager.py:824} INFO - There are 1 files in /opt/airflow/dags
[2026-09-23T23:56:59.522+0000] {manager.py:997} INFO - 
================================================================================
DAG File Processing Stats

File Path                           PID    Runtime      # DAGs    # Errors  Last Runtime    Last Run               Last # of DB Queries
----------------------------------  -----  ---------  --------  ----------  --------------  -------------------  ----------------------
/opt/airflow/dags/hello_airflow.py                           1           0  0.22s           2026-09-23T23:56:37                      10
================================================================================
[2026-09-23T23:57:29.920+0000] {manager.py:997} INFO - 
================================================================================
DAG File Processing Stats

File Path                           PID    Runtime      # DAGs    # Errors  Last Runtime    Last Run               Last # of DB Queries
----------------------------------  -----  ---------  --------  ----------  --------------  -------------------  ----------------------
/opt/airflow/dags/hello_airflow.py                           1           0  0.22s           2026-09-23T23:57:07                      10
================================================================================
[2026-09-23T23:58:00.262+0000] {manager.py:997} INFO - 
================================================================================
DAG File Processing Stats

File Path                           PID    Runtime      # DAGs    # Errors  Last Runtime    Last Run               Last # of DB Queries
----------------------------------  -----  ---------  --------  ----------  --------------  -------------------  ----------------------
/opt/airflow/dags/hello_airflow.py                           1           0  0.18s           2026-09-23T23:57:38                      10
================================================================================
[2026-09-23T23:58:30.670+0000] {manager.py:997} INFO - 
================================================================================
DAG File Processing Stats

File Path                           PID    Runtime      # DAGs    # Errors  Last Runtime    Last Run               Last # of DB Queries
----------------------------------  -----  ---------  --------  ----------  --------------  -------------------  ----------------------
/opt/airflow/dags/hello_airflow.py                           1           0  0.18s           2026-09-23T23:58:08                      10
================================================================================
[2026-09-23T23:59:01.008+0000] {manager.py:997} INFO - 
================================================================================
DAG File Processing Stats

File Path                           PID    Runtime      # DAGs    # Errors  Last Runtime    Last Run               Last # of DB Queries
----------------------------------  -----  ---------  --------  ----------  --------------  -------------------  ----------------------
/opt/airflow/dags/hello_airflow.py                           1           0  0.20s           2026-09-23T23:58:38                      10
================================================================================
[2026-09-23T23:59:31.376+0000] {manager.py:997} INFO - 
================================================================================
DAG File Processing Stats

File Path                           PID    Runtime      # DAGs    # Errors  Last Runtime    Last Run               Last # of DB Queries
----------------------------------  -----  ---------  --------  ----------  --------------  -------------------  ----------------------
/opt/airflow/dags/hello_airflow.py                           1           0  0.23s           2026-09-23T23:59:09                      10
================================================================================
[2026-09-24T00:00:01.681+0000] {manager.py:997} INFO - 
================================================================================
DAG File Processing Stats

File Path                           PID    Runtime      # DAGs    # Errors  Last Runtime    Last Run               Last # of DB Queries
----------------------------------  -----  ---------  --------  ----------  --------------  -------------------  ----------------------
/opt/airflow/dags/hello_airflow.py                           1           0  0.19s           2026-09-23T23:59:39                      10
================================================================================
[2026-09-24T00:00:32.025+0000] {manager.py:997} INFO - 
================================================================================
DAG File Processing Stats

File Path                           PID    Runtime      # DAGs    # Errors  Last Runtime    Last Run               Last # of DB Queries
----------------------------------  -----  ---------  --------  ----------  --------------  -------------------  ----------------------
/opt/airflow/dags/hello_airflow.py                           1           0  0.18s           2026-09-24T00:00:09                      10
================================================================================
[2026-09-24T00:01:02.339+0000] {manager.py:997} INFO - 
================================================================================
DAG File Processing Stats

File Path                           PID    Runtime      # DAGs    # Errors  Last Runtime    Last Run               Last # of DB Queries
----------------------------------  -----  ---------  --------  ----------  --------------  -------------------  ----------------------
/opt/airflow/dags/hello_airflow.py                           1           0  0.32s           2026-09-24T00:00:40                      10
================================================================================
[2026-09-24T00:01:32.864+0000] {manager.py:997} INFO - 
================================================================================
DAG File Processing Stats

File Path                           PID    Runtime      # DAGs    # Errors  Last Runtime    Last Run               Last # of DB Queries
----------------------------------  -----  ---------  --------  ----------  --------------  -------------------  ----------------------
/opt/airflow/dags/hello_airflow.py                           1           0  0.21s           2026-09-24T00:01:10                      10
================================================================================
[2026-09-24T00:01:50.145+0000] {manager.py:821} INFO - Searching for files in /opt/airflow/dags
[2026-09-24T00:01:50.168+0000] {manager.py:824} INFO - There are 1 files in /opt/airflow/dags
[2026-09-24T00:02:03.279+0000] {manager.py:997} INFO - 
================================================================================
DAG File Processing Stats

File Path                           PID    Runtime      # DAGs    # Errors  Last Runtime    Last Run               Last # of DB Queries
----------------------------------  -----  ---------  --------  ----------  --------------  -------------------  ----------------------
/opt/airflow/dags/hello_airflow.py                           1           0  0.19s           2026-09-24T00:01:41                      10
================================================================================
[2026-09-24T00:02:33.521+0000] {manager.py:997} INFO - 
================================================================================
DAG File Processing Stats

File Path                           PID    Runtime      # DAGs    # Errors  Last Runtime    Last Run               Last # of DB Queries
----------------------------------  -----  ---------  --------  ----------  --------------  -------------------  ----------------------
/opt/airflow/dags/hello_airflow.py                           1           0  0.17s           2026-09-24T00:02:11                      10
================================================================================
[2026-09-24T00:03:03.881+0000] {manager.py:997} INFO - 
================================================================================
DAG File Processing Stats

File Path                           PID    Runtime      # DAGs    # Errors  Last Runtime    Last Run               Last # of DB Queries
----------------------------------  -----  ---------  --------  ----------  --------------  -------------------  ----------------------
/opt/airflow/dags/hello_airflow.py                           1           0  0.17s           2026-09-24T00:02:41                      10
================================================================================
[2026-09-24T00:03:34.215+0000] {manager.py:997} INFO - 
================================================================================
DAG File Processing Stats

File Path                           PID    Runtime      # DAGs    # Errors  Last Runtime    Last Run               Last # of DB Queries
----------------------------------  -----  ---------  --------  ----------  --------------  -------------------  ----------------------
/opt/airflow/dags/hello_airflow.py                           1           0  0.18s           2026-09-24T00:03:12                      10
================================================================================
[2026-09-24T00:04:04.504+0000] {manager.py:997} INFO - 
================================================================================
DAG File Processing Stats

File Path                           PID    Runtime      # DAGs    # Errors  Last Runtime    Last Run               Last # of DB Queries
----------------------------------  -----  ---------  --------  ----------  --------------  -------------------  ----------------------
/opt/airflow/dags/hello_airflow.py                           1           0  0.19s           2026-09-24T00:03:42                      10
================================================================================
[2026-09-24T00:04:34.840+0000] {manager.py:997} INFO - 
================================================================================
DAG File Processing Stats

File Path                           PID    Runtime      # DAGs    # Errors  Last Runtime    Last Run               Last # of DB Queries
----------------------------------  -----  ---------  --------  ----------  --------------  -------------------  ----------------------
/opt/airflow/dags/hello_airflow.py                           1           0  0.17s           2026-09-24T00:04:12                      10
================================================================================
[2026-09-24T00:05:05.107+0000] {manager.py:997} INFO - 
================================================================================
DAG File Processing Stats

File Path                           PID    Runtime      # DAGs    # Errors  Last Runtime    Last Run               Last # of DB Queries
----------------------------------  -----  ---------  --------  ----------  --------------  -------------------  ----------------------
/opt/airflow/dags/hello_airflow.py                           1           0  0.18s           2026-09-24T00:04:43                      10
================================================================================
[2026-09-24T00:05:35.493+0000] {manager.py:997} INFO - 
================================================================================
DAG File Processing Stats

File Path                           PID    Runtime      # DAGs    # Errors  Last Runtime    Last Run               Last # of DB Queries
----------------------------------  -----  ---------  --------  ----------  --------------  -------------------  ----------------------
/opt/airflow/dags/hello_airflow.py                           1           0  0.29s           2026-09-24T00:05:13                      10
================================================================================
[2026-09-24T00:06:05.883+0000] {manager.py:997} INFO - 
================================================================================
DAG File Processing Stats

File Path                           PID    Runtime      # DAGs    # Errors  Last Runtime    Last Run               Last # of DB Queries
----------------------------------  -----  ---------  --------  ----------  --------------  -------------------  ----------------------
/opt/airflow/dags/hello_airflow.py                           1           0  0.21s           2026-09-24T00:05:43                      10
================================================================================
[2026-09-24T00:06:36.185+0000] {manager.py:997} INFO - 
================================================================================
DAG File Processing Stats

File Path                           PID    Runtime      # DAGs    # Errors  Last Runtime    Last Run               Last # of DB Queries
----------------------------------  -----  ---------  --------  ----------  --------------  -------------------  ----------------------
/opt/airflow/dags/hello_airflow.py                           1           0  0.20s           2026-09-24T00:06:14                      10
================================================================================
[2026-09-24T00:06:50.403+0000] {manager.py:821} INFO - Searching for files in /opt/airflow/dags
[2026-09-24T00:06:50.428+0000] {manager.py:824} INFO - There are 1 files in /opt/airflow/dags
[2026-09-24T00:07:06.577+0000] {manager.py:997} INFO - 
================================================================================
DAG File Processing Stats

File Path                           PID    Runtime      # DAGs    # Errors  Last Runtime    Last Run               Last # of DB Queries
----------------------------------  -----  ---------  --------  ----------  --------------  -------------------  ----------------------
/opt/airflow/dags/hello_airflow.py                           1           0  0.19s           2026-09-24T00:06:44                      10
================================================================================
[2026-09-24T00:07:36.849+0000] {manager.py:997} INFO - 
================================================================================
DAG File Processing Stats

File Path                           PID    Runtime      # DAGs    # Errors  Last Runtime    Last Run               Last # of DB Queries
----------------------------------  -----  ---------  --------  ----------  --------------  -------------------  ----------------------
/opt/airflow/dags/hello_airflow.py                           1           0  0.19s           2026-09-24T00:07:14                      10
================================================================================
[2026-09-24T00:08:07.254+0000] {manager.py:997} INFO - 
================================================================================
DAG File Processing Stats

File Path                           PID    Runtime      # DAGs    # Errors  Last Runtime    Last Run               Last # of DB Queries
----------------------------------  -----  ---------  --------  ----------  --------------  -------------------  ----------------------
/opt/airflow/dags/hello_airflow.py                           1           0  0.18s           2026-09-24T00:07:45                      10
================================================================================
[2026-09-24T00:08:37.528+0000] {manager.py:997} INFO - 
================================================================================
DAG File Processing Stats

File Path                           PID    Runtime      # DAGs    # Errors  Last Runtime    Last Run               Last # of DB Queries
----------------------------------  -----  ---------  --------  ----------  --------------  -------------------  ----------------------
/opt/airflow/dags/hello_airflow.py                           1           0  0.17s           2026-09-24T00:08:15                      10
================================================================================
[2026-09-24T00:09:07.901+0000] {manager.py:997} INFO - 
================================================================================
DAG File Processing Stats

File Path                           PID    Runtime      # DAGs    # Errors  Last Runtime    Last Run               Last # of DB Queries
----------------------------------  -----  ---------  --------  ----------  --------------  -------------------  ----------------------
/opt/airflow/dags/hello_airflow.py                           1           0  0.21s           2026-09-24T00:08:45                      10
================================================================================
[2026-09-24T00:09:38.245+0000] {manager.py:997} INFO - 
================================================================================
DAG File Processing Stats

File Path                           PID    Runtime      # DAGs    # Errors  Last Runtime    Last Run               Last # of DB Queries
----------------------------------  -----  ---------  --------  ----------  --------------  -------------------  ----------------------
/opt/airflow/dags/hello_airflow.py                           1           0  0.19s           2026-09-24T00:09:16                      10
================================================================================
[2026-09-24T00:10:08.539+0000] {manager.py:997} INFO - 
================================================================================
DAG File Processing Stats

File Path                           PID    Runtime      # DAGs    # Errors  Last Runtime    Last Run               Last # of DB Queries
----------------------------------  -----  ---------  --------  ----------  --------------  -------------------  ----------------------
/opt/airflow/dags/hello_airflow.py                           1           0  0.18s           2026-09-24T00:09:46                      10
================================================================================
[2026-09-24T00:10:38.996+0000] {manager.py:997} INFO - 
================================================================================
DAG File Processing Stats

File Path                           PID    Runtime      # DAGs    # Errors  Last Runtime    Last Run               Last # of DB Queries
----------------------------------  -----  ---------  --------  ----------  --------------  -------------------  ----------------------
/opt/airflow/dags/hello_airflow.py                           1           0  0.20s           2026-09-24T00:10:16                      10
================================================================================
[2026-09-24T00:11:09.272+0000] {manager.py:997} INFO - 
================================================================================
DAG File Processing Stats

File Path                           PID    Runtime      # DAGs    # Errors  Last Runtime    Last Run               Last # of DB Queries
----------------------------------  -----  ---------  --------  ----------  --------------  -------------------  ----------------------
/opt/airflow/dags/hello_airflow.py                           1           0  0.25s           2026-09-24T00:10:47                      10
================================================================================
[2026-09-24T00:11:39.570+0000] {manager.py:997} INFO - 
================================================================================
DAG File Processing Stats

File Path                           PID    Runtime      # DAGs    # Errors  Last Runtime    Last Run               Last # of DB Queries
----------------------------------  -----  ---------  --------  ----------  --------------  -------------------  ----------------------
/opt/airflow/dags/hello_airflow.py                           1           0  0.22s           2026-09-24T00:11:17                      10
================================================================================
[2026-09-24T00:11:50.819+0000] {manager.py:821} INFO - Searching for files in /opt/airflow/dags
[2026-09-24T00:11:50.856+0000] {manager.py:824} INFO - There are 2 files in /opt/airflow/dags
[2026-09-24T00:12:10.217+0000] {manager.py:997} INFO - 
================================================================================
DAG File Processing Stats

File Path                           PID    Runtime      # DAGs    # Errors  Last Runtime    Last Run               Last # of DB Queries
----------------------------------  -----  ---------  --------  ----------  --------------  -------------------  ----------------------
/opt/airflow/dags/hello_airflow.py                           1           0  0.19s           2026-09-24T00:11:47                      10
/opt/airflow/dags/print_airflow.py                           0           0  0.14s           2026-09-24T00:11:51                       3
================================================================================
[2026-09-24T00:12:40.633+0000] {manager.py:997} INFO - 
================================================================================
DAG File Processing Stats

File Path                           PID    Runtime      # DAGs    # Errors  Last Runtime    Last Run               Last # of DB Queries
----------------------------------  -----  ---------  --------  ----------  --------------  -------------------  ----------------------
/opt/airflow/dags/hello_airflow.py                           1           0  0.21s           2026-09-24T00:12:18                      10
/opt/airflow/dags/print_airflow.py                           0           0  0.10s           2026-09-24T00:12:21                       3
================================================================================
[2026-09-24T00:13:11.031+0000] {manager.py:997} INFO - 
================================================================================
DAG File Processing Stats

File Path                           PID    Runtime      # DAGs    # Errors  Last Runtime    Last Run               Last # of DB Queries
----------------------------------  -----  ---------  --------  ----------  --------------  -------------------  ----------------------
/opt/airflow/dags/hello_airflow.py                           1           0  0.21s           2026-09-24T00:12:48                      10
/opt/airflow/dags/print_airflow.py                           0           0  0.10s           2026-09-24T00:12:51                       3
================================================================================
[2026-09-24T00:13:41.403+0000] {manager.py:997} INFO - 
================================================================================
DAG File Processing Stats

File Path                           PID    Runtime      # DAGs    # Errors  Last Runtime    Last Run               Last # of DB Queries
----------------------------------  -----  ---------  --------  ----------  --------------  -------------------  ----------------------
/opt/airflow/dags/hello_airflow.py                           1           0  0.34s           2026-09-24T00:13:19                      10
/opt/airflow/dags/print_airflow.py                           0           0  0.10s           2026-09-24T00:13:22                       3
================================================================================
[2026-09-24T00:14:12.037+0000] {manager.py:997} INFO - 
================================================================================
DAG File Processing Stats

File Path                           PID    Runtime      # DAGs    # Errors  Last Runtime    Last Run               Last # of DB Queries
----------------------------------  -----  ---------  --------  ----------  --------------  -------------------  ----------------------
/opt/airflow/dags/hello_airflow.py                           1           0  0.19s           2026-09-24T00:13:49                      10
/opt/airflow/dags/print_airflow.py                           0           0  0.09s           2026-09-24T00:13:52                       3
================================================================================
[2026-09-24T00:14:42.360+0000] {manager.py:997} INFO - 
================================================================================
DAG File Processing Stats

File Path                           PID    Runtime      # DAGs    # Errors  Last Runtime    Last Run               Last # of DB Queries
----------------------------------  -----  ---------  --------  ----------  --------------  -------------------  ----------------------
/opt/airflow/dags/hello_airflow.py                           1           0  0.18s           2026-09-24T00:14:20                      10
/opt/airflow/dags/print_airflow.py                           0           0  0.09s           2026-09-24T00:14:23                       3
================================================================================
[2026-09-24T00:15:12.725+0000] {manager.py:997} INFO - 
================================================================================
DAG File Processing Stats

File Path                           PID    Runtime      # DAGs    # Errors  Last Runtime    Last Run               Last # of DB Queries
----------------------------------  -----  ---------  --------  ----------  --------------  -------------------  ----------------------
/opt/airflow/dags/hello_airflow.py                           1           0  0.18s           2026-09-24T00:14:50                      10
/opt/airflow/dags/print_airflow.py                           0           0  0.10s           2026-09-24T00:14:53                       3
================================================================================
[2026-09-24T00:15:43.036+0000] {manager.py:997} INFO - 
================================================================================
DAG File Processing Stats

File Path                           PID    Runtime      # DAGs    # Errors  Last Runtime    Last Run               Last # of DB Queries
----------------------------------  -----  ---------  --------  ----------  --------------  -------------------  ----------------------
/opt/airflow/dags/hello_airflow.py                           1           0  0.18s           2026-09-24T00:15:20                      10
/opt/airflow/dags/print_airflow.py                           0           0  0.10s           2026-09-24T00:15:23                       3
================================================================================
[2026-09-24T00:16:13.399+0000] {manager.py:997} INFO - 
================================================================================
DAG File Processing Stats

File Path                           PID    Runtime      # DAGs    # Errors  Last Runtime    Last Run               Last # of DB Queries
----------------------------------  -----  ---------  --------  ----------  --------------  -------------------  ----------------------
/opt/airflow/dags/hello_airflow.py                           1           0  0.18s           2026-09-24T00:15:51                      10
/opt/airflow/dags/print_airflow.py                           0           0  0.11s           2026-09-24T00:15:54                       3
================================================================================
[2026-09-24T00:16:43.727+0000] {manager.py:997} INFO - 
================================================================================
DAG File Processing Stats

File Path                           PID    Runtime      # DAGs    # Errors  Last Runtime    Last Run               Last # of DB Queries
----------------------------------  -----  ---------  --------  ----------  --------------  -------------------  ----------------------
/opt/airflow/dags/hello_airflow.py                           1           0  0.19s           2026-09-24T00:16:21                      10
/opt/airflow/dags/print_airflow.py                           0           0  0.10s           2026-09-24T00:16:24                       3
================================================================================
[2026-09-24T00:16:50.869+0000] {manager.py:821} INFO - Searching for files in /opt/airflow/dags
[2026-09-24T00:16:50.903+0000] {manager.py:824} INFO - There are 2 files in /opt/airflow/dags
[2026-09-24T00:17:14.203+0000] {manager.py:997} INFO - 
================================================================================
DAG File Processing Stats

File Path                           PID    Runtime      # DAGs    # Errors  Last Runtime    Last Run               Last # of DB Queries
----------------------------------  -----  ---------  --------  ----------  --------------  -------------------  ----------------------
/opt/airflow/dags/hello_airflow.py                           1           0  0.19s           2026-09-24T00:16:52                      10
/opt/airflow/dags/print_airflow.py                           0           0  0.11s           2026-09-24T00:16:55                       3
================================================================================
[2026-09-24T00:17:44.522+0000] {manager.py:997} INFO - 
================================================================================
DAG File Processing Stats

File Path                           PID    Runtime      # DAGs    # Errors  Last Runtime    Last Run               Last # of DB Queries
----------------------------------  -----  ---------  --------  ----------  --------------  -------------------  ----------------------
/opt/airflow/dags/hello_airflow.py                           1           0  0.18s           2026-09-24T00:17:22                      10
/opt/airflow/dags/print_airflow.py                           0           0  0.10s           2026-09-24T00:17:25                       3
================================================================================
[2026-09-24T00:18:13.873+0000] {manager.py:1288} WARNING - Skipping processing of missing file: /opt/airflow/dags/print_airflow.py
[2026-09-24T00:18:14.900+0000] {manager.py:997} INFO - 
================================================================================
DAG File Processing Stats

File Path                           PID    Runtime      # DAGs    # Errors  Last Runtime    Last Run               Last # of DB Queries
----------------------------------  -----  ---------  --------  ----------  --------------  -------------------  ----------------------
/opt/airflow/dags/hello_airflow.py                           1           0  0.17s           2026-09-24T00:17:52                      10
================================================================================
[2026-09-24T00:18:45.187+0000] {manager.py:997} INFO - 
================================================================================
DAG File Processing Stats

File Path                           PID    Runtime      # DAGs    # Errors  Last Runtime    Last Run               Last # of DB Queries
----------------------------------  -----  ---------  --------  ----------  --------------  -------------------  ----------------------
/opt/airflow/dags/hello_airflow.py                           1           0  0.20s           2026-09-24T00:18:23                      10
================================================================================
[2026-09-24T00:19:15.614+0000] {manager.py:997} INFO - 
================================================================================
DAG File Processing Stats

File Path                           PID    Runtime      # DAGs    # Errors  Last Runtime    Last Run               Last # of DB Queries
----------------------------------  -----  ---------  --------  ----------  --------------  -------------------  ----------------------
/opt/airflow/dags/hello_airflow.py                           1           0  0.19s           2026-09-24T00:18:53                      10
================================================================================
[2026-09-24T00:19:45.928+0000] {manager.py:997} INFO - 
================================================================================
DAG File Processing Stats

File Path                           PID    Runtime      # DAGs    # Errors  Last Runtime    Last Run               Last # of DB Queries
----------------------------------  -----  ---------  --------  ----------  --------------  -------------------  ----------------------
/opt/airflow/dags/hello_airflow.py                           1           0  0.18s           2026-09-24T00:19:23                      10
================================================================================
[2026-09-24T00:20:16.242+0000] {manager.py:997} INFO - 
================================================================================
DAG File Processing Stats

File Path                           PID    Runtime      # DAGs    # Errors  Last Runtime    Last Run               Last # of DB Queries
----------------------------------  -----  ---------  --------  ----------  --------------  -------------------  ----------------------
/opt/airflow/dags/hello_airflow.py                           1           0  0.17s           2026-09-24T00:19:54                      10
================================================================================
[2026-09-24T00:20:46.542+0000] {manager.py:997} INFO - 
================================================================================
DAG File Processing Stats

File Path                           PID    Runtime      # DAGs    # Errors  Last Runtime    Last Run               Last # of DB Queries
----------------------------------  -----  ---------  --------  ----------  --------------  -------------------  ----------------------
/opt/airflow/dags/hello_airflow.py                           1           0  0.22s           2026-09-24T00:20:24                      10
================================================================================
[2026-09-24T00:21:16.777+0000] {manager.py:997} INFO - 
================================================================================
DAG File Processing Stats

File Path                           PID    Runtime      # DAGs    # Errors  Last Runtime    Last Run               Last # of DB Queries
----------------------------------  -----  ---------  --------  ----------  --------------  -------------------  ----------------------
/opt/airflow/dags/hello_airflow.py                           1           0  0.18s           2026-09-24T00:20:54                      10
================================================================================
[2026-09-24T00:21:47.306+0000] {manager.py:997} INFO - 
================================================================================
DAG File Processing Stats

File Path                           PID    Runtime      # DAGs    # Errors  Last Runtime    Last Run               Last # of DB Queries
----------------------------------  -----  ---------  --------  ----------  --------------  -------------------  ----------------------
/opt/airflow/dags/hello_airflow.py                           1           0  0.30s           2026-09-24T00:21:25                      10
================================================================================
[2026-09-24T00:21:51.333+0000] {manager.py:821} INFO - Searching for files in /opt/airflow/dags
[2026-09-24T00:21:51.360+0000] {manager.py:824} INFO - There are 1 files in /opt/airflow/dags
[2026-09-24T00:22:17.625+0000] {manager.py:997} INFO - 
================================================================================
DAG File Processing Stats

File Path                           PID    Runtime      # DAGs    # Errors  Last Runtime    Last Run               Last # of DB Queries
----------------------------------  -----  ---------  --------  ----------  --------------  -------------------  ----------------------
/opt/airflow/dags/hello_airflow.py                           1           0  0.18s           2026-09-24T00:21:55                      10
================================================================================
[2026-09-24T00:22:47.979+0000] {manager.py:997} INFO - 
================================================================================
DAG File Processing Stats

File Path                           PID    Runtime      # DAGs    # Errors  Last Runtime    Last Run               Last # of DB Queries
----------------------------------  -----  ---------  --------  ----------  --------------  -------------------  ----------------------
/opt/airflow/dags/hello_airflow.py                           1           0  0.17s           2026-09-24T00:22:25                      10
================================================================================
[2026-09-24T00:23:18.352+0000] {manager.py:997} INFO - 
================================================================================
DAG File Processing Stats

File Path                           PID    Runtime      # DAGs    # Errors  Last Runtime    Last Run               Last # of DB Queries
----------------------------------  -----  ---------  --------  ----------  --------------  -------------------  ----------------------
/opt/airflow/dags/hello_airflow.py                           1           0  0.18s           2026-09-24T00:22:56                      10
================================================================================
[2026-09-24T00:23:48.682+0000] {manager.py:997} INFO - 
================================================================================
DAG File Processing Stats

File Path                           PID    Runtime      # DAGs    # Errors  Last Runtime    Last Run               Last # of DB Queries
----------------------------------  -----  ---------  --------  ----------  --------------  -------------------  ----------------------
/opt/airflow/dags/hello_airflow.py                           1           0  0.18s           2026-09-24T00:23:26                      10
================================================================================
[2026-09-24T00:24:19.166+0000] {manager.py:997} INFO - 
================================================================================
DAG File Processing Stats

File Path                           PID    Runtime      # DAGs    # Errors  Last Runtime    Last Run               Last # of DB Queries
----------------------------------  -----  ---------  --------  ----------  --------------  -------------------  ----------------------
/opt/airflow/dags/hello_airflow.py                           1           0  0.19s           2026-09-24T00:23:56                      10
================================================================================
[2026-09-24T00:24:41.151+0000] {manager.py:465} INFO - Exiting gracefully upon receiving signal 15
[2026-09-24T00:25:06.220+0000] {manager.py:483} INFO - Processing files using up to 2 processes at a time 
[2026-09-24T00:25:06.222+0000] {manager.py:484} INFO - Process each file at most once every 30 seconds
[2026-09-24T00:25:06.224+0000] {manager.py:485} INFO - Checking for new files in /opt/airflow/dags every 300 seconds
[2026-09-24T00:25:06.226+0000] {manager.py:821} INFO - Searching for files in /opt/airflow/dags
[2026-09-24T00:25:06.255+0000] {manager.py:824} INFO - There are 1 files in /opt/airflow/dags
[2026-09-24T00:25:06.354+0000] {manager.py:997} INFO - 
================================================================================
DAG File Processing Stats

File Path                             PID  Runtime      # DAGs    # Errors  Last Runtime    Last Run      Last # of DB Queries
----------------------------------  -----  ---------  --------  ----------  --------------  ----------  ----------------------
/opt/airflow/dags/hello_airflow.py    164  0.03s             0           0                                                   0
================================================================================
[2026-09-24T00:25:36.600+0000] {manager.py:997} INFO - 
================================================================================
DAG File Processing Stats

File Path                             PID  Runtime      # DAGs    # Errors  Last Runtime    Last Run               Last # of DB Queries
----------------------------------  -----  ---------  --------  ----------  --------------  -------------------  ----------------------
/opt/airflow/dags/hello_airflow.py    169  0.01s             1           0  0.22s           2026-09-24T00:25:06                      10
================================================================================
[2026-09-24T00:26:07.011+0000] {manager.py:997} INFO - 
================================================================================
DAG File Processing Stats

File Path                             PID  Runtime      # DAGs    # Errors  Last Runtime    Last Run               Last # of DB Queries
----------------------------------  -----  ---------  --------  ----------  --------------  -------------------  ----------------------
/opt/airflow/dags/hello_airflow.py    174  0.01s             1           0  0.19s           2026-09-24T00:25:36                      10
================================================================================
[2026-09-24T00:26:37.266+0000] {manager.py:997} INFO - 
================================================================================
DAG File Processing Stats

File Path                             PID  Runtime      # DAGs    # Errors  Last Runtime    Last Run               Last # of DB Queries
----------------------------------  -----  ---------  --------  ----------  --------------  -------------------  ----------------------
/opt/airflow/dags/hello_airflow.py    179  0.01s             1           0  0.17s           2026-09-24T00:26:07                      10
================================================================================
[2026-09-24T00:27:07.758+0000] {manager.py:997} INFO - 
================================================================================
DAG File Processing Stats

File Path                             PID  Runtime      # DAGs    # Errors  Last Runtime    Last Run               Last # of DB Queries
----------------------------------  -----  ---------  --------  ----------  --------------  -------------------  ----------------------
/opt/airflow/dags/hello_airflow.py    184  0.01s             1           0  0.18s           2026-09-24T00:26:37                      10
================================================================================
[2026-09-24T00:27:38.150+0000] {manager.py:997} INFO - 
================================================================================
DAG File Processing Stats

File Path                             PID  Runtime      # DAGs    # Errors  Last Runtime    Last Run               Last # of DB Queries
----------------------------------  -----  ---------  --------  ----------  --------------  -------------------  ----------------------
/opt/airflow/dags/hello_airflow.py    189  0.01s             1           0  0.17s           2026-09-24T00:27:07                      10
================================================================================
[2026-09-24T00:28:08.529+0000] {manager.py:997} INFO - 
================================================================================
DAG File Processing Stats

File Path                             PID  Runtime      # DAGs    # Errors  Last Runtime    Last Run               Last # of DB Queries
----------------------------------  -----  ---------  --------  ----------  --------------  -------------------  ----------------------
/opt/airflow/dags/hello_airflow.py    194  0.01s             1           0  0.22s           2026-09-24T00:27:38                      10
================================================================================
[2026-09-24T00:28:38.980+0000] {manager.py:997} INFO - 
================================================================================
DAG File Processing Stats

File Path                             PID  Runtime      # DAGs    # Errors  Last Runtime    Last Run               Last # of DB Queries
----------------------------------  -----  ---------  --------  ----------  --------------  -------------------  ----------------------
/opt/airflow/dags/hello_airflow.py    199  0.01s             1           0  0.20s           2026-09-24T00:28:08                      10
================================================================================
[2026-09-24T00:29:09.404+0000] {manager.py:997} INFO - 
================================================================================
DAG File Processing Stats

File Path                             PID  Runtime      # DAGs    # Errors  Last Runtime    Last Run               Last # of DB Queries
----------------------------------  -----  ---------  --------  ----------  --------------  -------------------  ----------------------
/opt/airflow/dags/hello_airflow.py    204  0.01s             1           0  0.29s           2026-09-24T00:28:39                      10
================================================================================
[2026-09-24T00:29:39.865+0000] {manager.py:997} INFO - 
================================================================================
DAG File Processing Stats

File Path                             PID  Runtime      # DAGs    # Errors  Last Runtime    Last Run               Last # of DB Queries
----------------------------------  -----  ---------  --------  ----------  --------------  -------------------  ----------------------
/opt/airflow/dags/hello_airflow.py    209  0.01s             1           0  0.18s           2026-09-24T00:29:09                      10
================================================================================
[2026-09-24T00:30:06.344+0000] {manager.py:821} INFO - Searching for files in /opt/airflow/dags
[2026-09-24T00:30:06.377+0000] {manager.py:824} INFO - There are 2 files in /opt/airflow/dags
[2026-09-24T00:30:10.279+0000] {manager.py:997} INFO - 
================================================================================
DAG File Processing Stats

File Path                             PID  Runtime      # DAGs    # Errors  Last Runtime    Last Run               Last # of DB Queries
----------------------------------  -----  ---------  --------  ----------  --------------  -------------------  ----------------------
/opt/airflow/dags/teste_python.py                            1           0  0.79s           2026-09-24T00:30:07                      43
/opt/airflow/dags/hello_airflow.py    219  0.01s             1           0  0.19s           2026-09-24T00:29:40                      10
================================================================================
[2026-09-24T00:30:40.951+0000] {manager.py:997} INFO - 
================================================================================
DAG File Processing Stats

File Path                             PID  Runtime      # DAGs    # Errors  Last Runtime    Last Run               Last # of DB Queries
----------------------------------  -----  ---------  --------  ----------  --------------  -------------------  ----------------------
/opt/airflow/dags/teste_python.py                            1           0  0.22s           2026-09-24T00:30:17                       9
/opt/airflow/dags/hello_airflow.py    233  0.01s             1           0  0.22s           2026-09-24T00:30:10                      10
================================================================================
[2026-09-24T00:31:11.650+0000] {manager.py:997} INFO - 
================================================================================
DAG File Processing Stats

File Path                             PID  Runtime      # DAGs    # Errors  Last Runtime    Last Run               Last # of DB Queries
----------------------------------  -----  ---------  --------  ----------  --------------  -------------------  ----------------------
/opt/airflow/dags/teste_python.py                            1           0  0.20s           2026-09-24T00:30:48                      10
/opt/airflow/dags/hello_airflow.py    243  0.01s             1           0  0.19s           2026-09-24T00:30:41                      10
================================================================================
[2026-09-24T00:31:41.996+0000] {manager.py:997} INFO - 
================================================================================
DAG File Processing Stats

File Path                             PID  Runtime      # DAGs    # Errors  Last Runtime    Last Run               Last # of DB Queries
----------------------------------  -----  ---------  --------  ----------  --------------  -------------------  ----------------------
/opt/airflow/dags/hello_airflow.py    253  0.01s             1           0  0.19s           2026-09-24T00:31:11                      10
/opt/airflow/dags/teste_python.py                            1           0  0.17s           2026-09-24T00:31:18                      10
================================================================================
[2026-09-24T00:32:12.971+0000] {manager.py:997} INFO - 
================================================================================
DAG File Processing Stats

File Path                             PID  Runtime      # DAGs    # Errors  Last Runtime    Last Run               Last # of DB Queries
----------------------------------  -----  ---------  --------  ----------  --------------  -------------------  ----------------------
/opt/airflow/dags/teste_python.py                            1           0  0.41s           2026-09-24T00:31:49                      43
/opt/airflow/dags/hello_airflow.py    268  0.01s             1           0  0.18s           2026-09-24T00:31:42                      10
================================================================================
[2026-09-24T00:32:43.426+0000] {manager.py:997} INFO - 
================================================================================
DAG File Processing Stats

File Path                             PID  Runtime      # DAGs    # Errors  Last Runtime    Last Run               Last # of DB Queries
----------------------------------  -----  ---------  --------  ----------  --------------  -------------------  ----------------------
/opt/airflow/dags/teste_python.py                            1           0  0.21s           2026-09-24T00:32:20                      10
/opt/airflow/dags/hello_airflow.py    282  0.01s             1           0  0.19s           2026-09-24T00:32:13                      10
================================================================================
[2026-09-24T00:33:13.956+0000] {manager.py:997} INFO - 
================================================================================
DAG File Processing Stats

File Path                             PID  Runtime      # DAGs    # Errors  Last Runtime    Last Run               Last # of DB Queries
----------------------------------  -----  ---------  --------  ----------  --------------  -------------------  ----------------------
/opt/airflow/dags/teste_python.py                            1           0  0.31s           2026-09-24T00:32:49                      32
/opt/airflow/dags/hello_airflow.py    296  0.01s             1           0  0.18s           2026-09-24T00:32:43                      10
================================================================================
[2026-09-24T00:33:44.445+0000] {manager.py:997} INFO - 
================================================================================
DAG File Processing Stats

File Path                             PID  Runtime      # DAGs    # Errors  Last Runtime    Last Run               Last # of DB Queries
----------------------------------  -----  ---------  --------  ----------  --------------  -------------------  ----------------------
/opt/airflow/dags/teste_python.py                            1           0  0.19s           2026-09-24T00:33:19                      10
/opt/airflow/dags/hello_airflow.py    306  0.01s             1           0  0.18s           2026-09-24T00:33:14                      10
================================================================================
[2026-09-24T00:34:14.967+0000] {manager.py:997} INFO - 
================================================================================
DAG File Processing Stats

File Path                             PID  Runtime      # DAGs    # Errors  Last Runtime    Last Run               Last # of DB Queries
----------------------------------  -----  ---------  --------  ----------  --------------  -------------------  ----------------------
/opt/airflow/dags/hello_airflow.py    316  0.01s             1           0  0.20s           2026-09-24T00:33:44                      10
/opt/airflow/dags/teste_python.py                            1           0  0.18s           2026-09-24T00:33:49                      10
================================================================================
[2026-09-24T00:34:17.609+0000] {manager.py:465} INFO - Exiting gracefully upon receiving signal 15
[2026-09-24T00:34:55.866+0000] {manager.py:483} INFO - Processing files using up to 2 processes at a time 
[2026-09-24T00:34:55.868+0000] {manager.py:484} INFO - Process each file at most once every 30 seconds
[2026-09-24T00:34:55.869+0000] {manager.py:485} INFO - Checking for new files in /opt/airflow/dags every 300 seconds
[2026-09-24T00:34:55.873+0000] {manager.py:821} INFO - Searching for files in /opt/airflow/dags
[2026-09-24T00:34:55.951+0000] {manager.py:824} INFO - There are 2 files in /opt/airflow/dags
[2026-09-24T00:34:56.081+0000] {manager.py:997} INFO - 
================================================================================
DAG File Processing Stats

File Path                             PID  Runtime      # DAGs    # Errors  Last Runtime    Last Run      Last # of DB Queries
----------------------------------  -----  ---------  --------  ----------  --------------  ----------  ----------------------
/opt/airflow/dags/hello_airflow.py    166  0.03s             0           0                                                   0
/opt/airflow/dags/teste_python.py     163  0.05s             0           0                                                   0
================================================================================
[2026-09-24T00:35:26.234+0000] {manager.py:997} INFO - 
================================================================================
DAG File Processing Stats

File Path                           PID    Runtime      # DAGs    # Errors  Last Runtime    Last Run               Last # of DB Queries
----------------------------------  -----  ---------  --------  ----------  --------------  -------------------  ----------------------
/opt/airflow/dags/teste_python.py                            1           0  0.94s           2026-09-24T00:34:56                      32
/opt/airflow/dags/hello_airflow.py                           1           0  0.68s           2026-09-24T00:34:56                      10
================================================================================
[2026-09-24T00:35:56.562+0000] {manager.py:997} INFO - 
================================================================================
DAG File Processing Stats

File Path                           PID    Runtime      # DAGs    # Errors  Last Runtime    Last Run               Last # of DB Queries
----------------------------------  -----  ---------  --------  ----------  --------------  -------------------  ----------------------
/opt/airflow/dags/teste_python.py                            1           0  0.25s           2026-09-24T00:35:27                      10
/opt/airflow/dags/hello_airflow.py                           1           0  0.24s           2026-09-24T00:35:27                      10
================================================================================
[2026-09-24T00:36:27.128+0000] {manager.py:997} INFO - 
================================================================================
DAG File Processing Stats

File Path                           PID    Runtime      # DAGs    # Errors  Last Runtime    Last Run               Last # of DB Queries
----------------------------------  -----  ---------  --------  ----------  --------------  -------------------  ----------------------
/opt/airflow/dags/teste_python.py                            1           0  0.21s           2026-09-24T00:35:57                      10
/opt/airflow/dags/hello_airflow.py                           1           0  0.20s           2026-09-24T00:35:57                      10
================================================================================
[2026-09-24T00:36:57.145+0000] {manager.py:997} INFO - 
================================================================================
DAG File Processing Stats

File Path                           PID    Runtime      # DAGs    # Errors  Last Runtime    Last Run               Last # of DB Queries
----------------------------------  -----  ---------  --------  ----------  --------------  -------------------  ----------------------
/opt/airflow/dags/teste_python.py                            1           0  0.19s           2026-09-24T00:36:56                       9
/opt/airflow/dags/hello_airflow.py                           1           0  0.18s           2026-09-24T00:36:28                      10
================================================================================
[2026-09-24T00:37:27.447+0000] {manager.py:997} INFO - 
================================================================================
DAG File Processing Stats

File Path                           PID    Runtime      # DAGs    # Errors  Last Runtime    Last Run               Last # of DB Queries
----------------------------------  -----  ---------  --------  ----------  --------------  -------------------  ----------------------
/opt/airflow/dags/teste_python.py                            1           0  0.40s           2026-09-24T00:37:19                      31
/opt/airflow/dags/hello_airflow.py                           1           0  0.18s           2026-09-24T00:36:59                      10
================================================================================
[2026-09-24T00:37:58.057+0000] {manager.py:997} INFO - 
================================================================================
DAG File Processing Stats

File Path                           PID    Runtime      # DAGs    # Errors  Last Runtime    Last Run               Last # of DB Queries
----------------------------------  -----  ---------  --------  ----------  --------------  -------------------  ----------------------
/opt/airflow/dags/teste_python.py                            1           0  0.20s           2026-09-24T00:37:50                      10
/opt/airflow/dags/hello_airflow.py                           1           0  0.19s           2026-09-24T00:37:29                      10
================================================================================
[2026-09-24T00:38:28.809+0000] {manager.py:997} INFO - 
================================================================================
DAG File Processing Stats

File Path                           PID    Runtime      # DAGs    # Errors  Last Runtime    Last Run               Last # of DB Queries
----------------------------------  -----  ---------  --------  ----------  --------------  -------------------  ----------------------
/opt/airflow/dags/teste_python.py                            1           0  0.26s           2026-09-24T00:38:20                      10
/opt/airflow/dags/hello_airflow.py                           1           0  0.22s           2026-09-24T00:38:00                      10
================================================================================
[2026-09-24T00:38:59.272+0000] {manager.py:997} INFO - 
================================================================================
DAG File Processing Stats

File Path                           PID    Runtime      # DAGs    # Errors  Last Runtime    Last Run               Last # of DB Queries
----------------------------------  -----  ---------  --------  ----------  --------------  -------------------  ----------------------
/opt/airflow/dags/teste_python.py                            1           0  0.23s           2026-09-24T00:38:51                      10
/opt/airflow/dags/hello_airflow.py                           1           0  0.19s           2026-09-24T00:38:31                      10
================================================================================
[2026-09-24T00:39:29.801+0000] {manager.py:997} INFO - 
================================================================================
DAG File Processing Stats

File Path                           PID    Runtime      # DAGs    # Errors  Last Runtime    Last Run               Last # of DB Queries
----------------------------------  -----  ---------  --------  ----------  --------------  -------------------  ----------------------
/opt/airflow/dags/teste_python.py                            1           0  0.19s           2026-09-24T00:39:23                      10
/opt/airflow/dags/hello_airflow.py                           1           0  0.17s           2026-09-24T00:39:01                      10
================================================================================
[2026-09-24T00:39:56.208+0000] {manager.py:821} INFO - Searching for files in /opt/airflow/dags
[2026-09-24T00:39:56.242+0000] {manager.py:824} INFO - There are 2 files in /opt/airflow/dags
[2026-09-24T00:40:00.297+0000] {manager.py:997} INFO - 
================================================================================
DAG File Processing Stats

File Path                           PID    Runtime      # DAGs    # Errors  Last Runtime    Last Run               Last # of DB Queries
----------------------------------  -----  ---------  --------  ----------  --------------  -------------------  ----------------------
/opt/airflow/dags/hello_airflow.py                           1           0  0.18s           2026-09-24T00:39:32                      10
/opt/airflow/dags/teste_python.py                            1           0  0.16s           2026-09-24T00:39:54                      10
================================================================================
[2026-09-24T00:40:30.704+0000] {manager.py:997} INFO - 
================================================================================
DAG File Processing Stats

File Path                           PID    Runtime      # DAGs    # Errors  Last Runtime    Last Run               Last # of DB Queries
----------------------------------  -----  ---------  --------  ----------  --------------  -------------------  ----------------------
/opt/airflow/dags/teste_python.py                            1           0  0.18s           2026-09-24T00:40:24                      10
/opt/airflow/dags/hello_airflow.py                           1           0  0.16s           2026-09-24T00:40:02                      10
================================================================================
[2026-09-24T00:41:01.192+0000] {manager.py:997} INFO - 
================================================================================
DAG File Processing Stats

File Path                           PID    Runtime      # DAGs    # Errors  Last Runtime    Last Run               Last # of DB Queries
----------------------------------  -----  ---------  --------  ----------  --------------  -------------------  ----------------------
/opt/airflow/dags/hello_airflow.py                           1           0  0.17s           2026-09-24T00:40:32                      10
/opt/airflow/dags/teste_python.py                            1           0  0.16s           2026-09-24T00:40:55                      10
================================================================================
[2026-09-24T00:41:31.587+0000] {manager.py:997} INFO - 
================================================================================
DAG File Processing Stats

File Path                           PID    Runtime      # DAGs    # Errors  Last Runtime    Last Run               Last # of DB Queries
----------------------------------  -----  ---------  --------  ----------  --------------  -------------------  ----------------------
/opt/airflow/dags/hello_airflow.py                           1           0  0.17s           2026-09-24T00:41:03                      10
/opt/airflow/dags/teste_python.py                            1           0  0.16s           2026-09-24T00:41:25                      10
================================================================================
[2026-09-24T00:42:02.082+0000] {manager.py:997} INFO - 
================================================================================
DAG File Processing Stats

File Path                           PID    Runtime      # DAGs    # Errors  Last Runtime    Last Run               Last # of DB Queries
----------------------------------  -----  ---------  --------  ----------  --------------  -------------------  ----------------------
/opt/airflow/dags/teste_python.py                            1           0  0.18s           2026-09-24T00:41:56                      10
/opt/airflow/dags/hello_airflow.py                           1           0  0.17s           2026-09-24T00:41:33                      10
================================================================================
[2026-09-24T00:42:32.504+0000] {manager.py:997} INFO - 
================================================================================
DAG File Processing Stats

File Path                           PID    Runtime      # DAGs    # Errors  Last Runtime    Last Run               Last # of DB Queries
----------------------------------  -----  ---------  --------  ----------  --------------  -------------------  ----------------------
/opt/airflow/dags/hello_airflow.py                           1           0  0.17s           2026-09-24T00:42:04                      10
/opt/airflow/dags/teste_python.py                            1           0  0.17s           2026-09-24T00:42:26                      10
================================================================================
[2026-09-24T00:43:02.948+0000] {manager.py:997} INFO - 
================================================================================
DAG File Processing Stats

File Path                           PID    Runtime      # DAGs    # Errors  Last Runtime    Last Run               Last # of DB Queries
----------------------------------  -----  ---------  --------  ----------  --------------  -------------------  ----------------------
/opt/airflow/dags/hello_airflow.py                           1           0  0.17s           2026-09-24T00:42:34                      10
/opt/airflow/dags/teste_python.py                            1           0  0.15s           2026-09-24T00:42:56                      10
================================================================================
[2026-09-24T00:43:33.393+0000] {manager.py:997} INFO - 
================================================================================
DAG File Processing Stats

File Path                           PID    Runtime      # DAGs    # Errors  Last Runtime    Last Run               Last # of DB Queries
----------------------------------  -----  ---------  --------  ----------  --------------  -------------------  ----------------------
/opt/airflow/dags/teste_python.py                            1           0  0.21s           2026-09-24T00:43:27                      10
/opt/airflow/dags/hello_airflow.py                           1           0  0.16s           2026-09-24T00:43:05                      10
================================================================================
[2026-09-24T00:44:03.883+0000] {manager.py:997} INFO - 
================================================================================
DAG File Processing Stats

File Path                           PID    Runtime      # DAGs    # Errors  Last Runtime    Last Run               Last # of DB Queries
----------------------------------  -----  ---------  --------  ----------  --------------  -------------------  ----------------------
/opt/airflow/dags/teste_python.py                            1           0  0.16s           2026-09-24T00:43:57                      10
/opt/airflow/dags/hello_airflow.py                           1           0  0.16s           2026-09-24T00:43:35                      10
================================================================================
[2026-09-24T00:44:34.300+0000] {manager.py:997} INFO - 
================================================================================
DAG File Processing Stats

File Path                           PID    Runtime      # DAGs    # Errors  Last Runtime    Last Run               Last # of DB Queries
----------------------------------  -----  ---------  --------  ----------  --------------  -------------------  ----------------------
/opt/airflow/dags/hello_airflow.py                           1           0  0.18s           2026-09-24T00:44:06                      10
/opt/airflow/dags/teste_python.py                            1           0  0.16s           2026-09-24T00:44:28                      10
================================================================================
[2026-09-24T00:44:56.520+0000] {manager.py:821} INFO - Searching for files in /opt/airflow/dags
[2026-09-24T00:44:56.554+0000] {manager.py:824} INFO - There are 2 files in /opt/airflow/dags
[2026-09-24T00:45:04.707+0000] {manager.py:997} INFO - 
================================================================================
DAG File Processing Stats

File Path                           PID    Runtime      # DAGs    # Errors  Last Runtime    Last Run               Last # of DB Queries
----------------------------------  -----  ---------  --------  ----------  --------------  -------------------  ----------------------
/opt/airflow/dags/hello_airflow.py                           1           0  0.16s           2026-09-24T00:44:36                      10
/opt/airflow/dags/teste_python.py                            1           0  0.15s           2026-09-24T00:44:58                      10
================================================================================
[2026-09-24T00:45:35.114+0000] {manager.py:997} INFO - 
================================================================================
DAG File Processing Stats

File Path                           PID    Runtime      # DAGs    # Errors  Last Runtime    Last Run               Last # of DB Queries
----------------------------------  -----  ---------  --------  ----------  --------------  -------------------  ----------------------
/opt/airflow/dags/hello_airflow.py                           1           0  0.16s           2026-09-24T00:45:06                      10
/opt/airflow/dags/teste_python.py                            1           0  0.16s           2026-09-24T00:45:29                      10
================================================================================
[2026-09-24T00:46:05.525+0000] {manager.py:997} INFO - 
================================================================================
DAG File Processing Stats

File Path                           PID    Runtime      # DAGs    # Errors  Last Runtime    Last Run               Last # of DB Queries
----------------------------------  -----  ---------  --------  ----------  --------------  -------------------  ----------------------
/opt/airflow/dags/hello_airflow.py                           1           0  0.17s           2026-09-24T00:45:37                      10
/opt/airflow/dags/teste_python.py                            1           0  0.16s           2026-09-24T00:45:59                      10
================================================================================
[2026-09-24T00:46:35.930+0000] {manager.py:997} INFO - 
================================================================================
DAG File Processing Stats

File Path                           PID    Runtime      # DAGs    # Errors  Last Runtime    Last Run               Last # of DB Queries
----------------------------------  -----  ---------  --------  ----------  --------------  -------------------  ----------------------
/opt/airflow/dags/hello_airflow.py                           1           0  0.18s           2026-09-24T00:46:07                      10
/opt/airflow/dags/teste_python.py                            1           0  0.16s           2026-09-24T00:46:30                      10
================================================================================
[2026-09-24T00:47:06.342+0000] {manager.py:997} INFO - 
================================================================================
DAG File Processing Stats

File Path                           PID    Runtime      # DAGs    # Errors  Last Runtime    Last Run               Last # of DB Queries
----------------------------------  -----  ---------  --------  ----------  --------------  -------------------  ----------------------
/opt/airflow/dags/teste_python.py                            1           0  0.17s           2026-09-24T00:47:00                      10
/opt/airflow/dags/hello_airflow.py                           1           0  0.16s           2026-09-24T00:46:38                      10
================================================================================
[2026-09-24T00:47:36.768+0000] {manager.py:997} INFO - 
================================================================================
DAG File Processing Stats

File Path                           PID    Runtime      # DAGs    # Errors  Last Runtime    Last Run               Last # of DB Queries
----------------------------------  -----  ---------  --------  ----------  --------------  -------------------  ----------------------
/opt/airflow/dags/teste_python.py                            1           0  0.17s           2026-09-24T00:47:30                      10
/opt/airflow/dags/hello_airflow.py                           1           0  0.16s           2026-09-24T00:47:08                      10
================================================================================
[2026-09-24T00:48:07.194+0000] {manager.py:997} INFO - 
================================================================================
DAG File Processing Stats

File Path                           PID    Runtime      # DAGs    # Errors  Last Runtime    Last Run               Last # of DB Queries
----------------------------------  -----  ---------  --------  ----------  --------------  -------------------  ----------------------
/opt/airflow/dags/hello_airflow.py                           1           0  0.16s           2026-09-24T00:47:38                      10
/opt/airflow/dags/teste_python.py                            1           0  0.15s           2026-09-24T00:48:01                      10
================================================================================
[2026-09-24T00:48:37.603+0000] {manager.py:997} INFO - 
================================================================================
DAG File Processing Stats

File Path                           PID    Runtime      # DAGs    # Errors  Last Runtime    Last Run               Last # of DB Queries
----------------------------------  -----  ---------  --------  ----------  --------------  -------------------  ----------------------
/opt/airflow/dags/teste_python.py                            1           0  0.16s           2026-09-24T00:48:31                      10
/opt/airflow/dags/hello_airflow.py                           1           0  0.16s           2026-09-24T00:48:09                      10
================================================================================
[2026-09-24T00:49:08.020+0000] {manager.py:997} INFO - 
================================================================================
DAG File Processing Stats

File Path                           PID    Runtime      # DAGs    # Errors  Last Runtime    Last Run               Last # of DB Queries
----------------------------------  -----  ---------  --------  ----------  --------------  -------------------  ----------------------
/opt/airflow/dags/hello_airflow.py                           1           0  0.16s           2026-09-24T00:48:39                      10
/opt/airflow/dags/teste_python.py                            1           0  0.16s           2026-09-24T00:49:02                      10
================================================================================
[2026-09-24T00:49:38.435+0000] {manager.py:997} INFO - 
================================================================================
DAG File Processing Stats

File Path                           PID    Runtime      # DAGs    # Errors  Last Runtime    Last Run               Last # of DB Queries
----------------------------------  -----  ---------  --------  ----------  --------------  -------------------  ----------------------
/opt/airflow/dags/teste_python.py                            1           0  0.17s           2026-09-24T00:49:32                      10
/opt/airflow/dags/hello_airflow.py                           1           0  0.16s           2026-09-24T00:49:10                      10
================================================================================
[2026-09-24T00:49:56.722+0000] {manager.py:821} INFO - Searching for files in /opt/airflow/dags
[2026-09-24T00:49:56.764+0000] {manager.py:824} INFO - There are 2 files in /opt/airflow/dags
[2026-09-24T00:50:08.906+0000] {manager.py:997} INFO - 
================================================================================
DAG File Processing Stats

File Path                           PID    Runtime      # DAGs    # Errors  Last Runtime    Last Run               Last # of DB Queries
----------------------------------  -----  ---------  --------  ----------  --------------  -------------------  ----------------------
/opt/airflow/dags/teste_python.py                            1           0  0.17s           2026-09-24T00:50:03                      10
/opt/airflow/dags/hello_airflow.py                           1           0  0.16s           2026-09-24T00:49:40                      10
================================================================================
[2026-09-24T00:50:39.335+0000] {manager.py:997} INFO - 
================================================================================
DAG File Processing Stats

File Path                           PID    Runtime      # DAGs    # Errors  Last Runtime    Last Run               Last # of DB Queries
----------------------------------  -----  ---------  --------  ----------  --------------  -------------------  ----------------------
/opt/airflow/dags/teste_python.py                            1           0  0.17s           2026-09-24T00:50:33                      10
/opt/airflow/dags/hello_airflow.py                           1           0  0.16s           2026-09-24T00:50:11                      10
================================================================================
[2026-09-24T00:51:09.809+0000] {manager.py:997} INFO - 
================================================================================
DAG File Processing Stats

File Path                           PID    Runtime      # DAGs    # Errors  Last Runtime    Last Run               Last # of DB Queries
----------------------------------  -----  ---------  --------  ----------  --------------  -------------------  ----------------------
/opt/airflow/dags/teste_python.py                            1           0  0.17s           2026-09-24T00:51:03                      10
/opt/airflow/dags/hello_airflow.py                           1           0  0.16s           2026-09-24T00:50:41                      10
================================================================================
[2026-09-24T00:51:40.233+0000] {manager.py:997} INFO - 
================================================================================
DAG File Processing Stats

File Path                           PID    Runtime      # DAGs    # Errors  Last Runtime    Last Run               Last # of DB Queries
----------------------------------  -----  ---------  --------  ----------  --------------  -------------------  ----------------------
/opt/airflow/dags/hello_airflow.py                           1           0  0.17s           2026-09-24T00:51:12                      10
/opt/airflow/dags/teste_python.py                            1           0  0.17s           2026-09-24T00:51:34                      10
================================================================================
[2026-09-24T00:52:10.768+0000] {manager.py:997} INFO - 
================================================================================
DAG File Processing Stats

File Path                           PID    Runtime      # DAGs    # Errors  Last Runtime    Last Run               Last # of DB Queries
----------------------------------  -----  ---------  --------  ----------  --------------  -------------------  ----------------------
/opt/airflow/dags/teste_python.py                            1           0  0.27s           2026-09-24T00:52:04                      10
/opt/airflow/dags/hello_airflow.py                           1           0  0.17s           2026-09-24T00:51:42                      10
================================================================================
[2026-09-24T00:52:41.033+0000] {manager.py:997} INFO - 
================================================================================
DAG File Processing Stats

File Path                           PID    Runtime      # DAGs    # Errors  Last Runtime    Last Run               Last # of DB Queries
----------------------------------  -----  ---------  --------  ----------  --------------  -------------------  ----------------------
/opt/airflow/dags/hello_airflow.py                           1           0  0.18s           2026-09-24T00:52:12                      10
/opt/airflow/dags/teste_python.py                            1           0  0.16s           2026-09-24T00:52:35                      10
================================================================================
[2026-09-24T00:53:11.567+0000] {manager.py:997} INFO - 
================================================================================
DAG File Processing Stats

File Path                           PID    Runtime      # DAGs    # Errors  Last Runtime    Last Run               Last # of DB Queries
----------------------------------  -----  ---------  --------  ----------  --------------  -------------------  ----------------------
/opt/airflow/dags/hello_airflow.py                           1           0  0.19s           2026-09-24T00:52:43                      10
/opt/airflow/dags/teste_python.py                            1           0  0.16s           2026-09-24T00:53:05                      10
================================================================================
[2026-09-24T00:53:42.015+0000] {manager.py:997} INFO - 
================================================================================
DAG File Processing Stats

File Path                           PID    Runtime      # DAGs    # Errors  Last Runtime    Last Run               Last # of DB Queries
----------------------------------  -----  ---------  --------  ----------  --------------  -------------------  ----------------------
/opt/airflow/dags/teste_python.py                            1           0  0.19s           2026-09-24T00:53:36                      10
/opt/airflow/dags/hello_airflow.py                           1           0  0.19s           2026-09-24T00:53:13                      10
================================================================================
[2026-09-24T00:54:12.517+0000] {manager.py:997} INFO - 
================================================================================
DAG File Processing Stats

File Path                           PID    Runtime      # DAGs    # Errors  Last Runtime    Last Run               Last # of DB Queries
----------------------------------  -----  ---------  --------  ----------  --------------  -------------------  ----------------------
/opt/airflow/dags/hello_airflow.py                           1           0  0.26s           2026-09-24T00:53:44                      10
/opt/airflow/dags/teste_python.py                            1           0  0.16s           2026-09-24T00:54:06                      10
================================================================================
[2026-09-24T00:54:43.063+0000] {manager.py:997} INFO - 
================================================================================
DAG File Processing Stats

File Path                           PID    Runtime      # DAGs    # Errors  Last Runtime    Last Run               Last # of DB Queries
----------------------------------  -----  ---------  --------  ----------  --------------  -------------------  ----------------------
/opt/airflow/dags/hello_airflow.py                           1           0  0.19s           2026-09-24T00:54:14                      10
/opt/airflow/dags/teste_python.py                            1           0  0.16s           2026-09-24T00:54:37                      10
================================================================================
[2026-09-24T00:54:57.225+0000] {manager.py:821} INFO - Searching for files in /opt/airflow/dags
[2026-09-24T00:54:57.273+0000] {manager.py:824} INFO - There are 3 files in /opt/airflow/dags
[2026-09-24T00:55:13.637+0000] {manager.py:997} INFO - 
================================================================================
DAG File Processing Stats

File Path                                  PID    Runtime      # DAGs    # Errors  Last Runtime    Last Run               Last # of DB Queries
-----------------------------------------  -----  ---------  --------  ----------  --------------  -------------------  ----------------------
/opt/airflow/dags/teste_python.py                                   1           0  0.19s           2026-09-24T00:55:07                      10
/opt/airflow/dags/hello_airflow.py                                  1           0  0.16s           2026-09-24T00:54:45                      10
/opt/airflow/dags/test_python_operator.py                           0           1  0.13s           2026-09-24T00:55:05                       5
================================================================================
[2026-09-24T00:55:44.213+0000] {manager.py:997} INFO - 
================================================================================
DAG File Processing Stats

File Path                                  PID    Runtime      # DAGs    # Errors  Last Runtime    Last Run               Last # of DB Queries
-----------------------------------------  -----  ---------  --------  ----------  --------------  -------------------  ----------------------
/opt/airflow/dags/teste_python.py                                   1           0  0.20s           2026-09-24T00:55:38                      10
/opt/airflow/dags/hello_airflow.py                                  1           0  0.17s           2026-09-24T00:55:15                      10
/opt/airflow/dags/test_python_operator.py                           0           1  0.11s           2026-09-24T00:55:36                       5
================================================================================
[2026-09-24T00:56:14.780+0000] {manager.py:997} INFO - 
================================================================================
DAG File Processing Stats

File Path                                  PID    Runtime      # DAGs    # Errors  Last Runtime    Last Run               Last # of DB Queries
-----------------------------------------  -----  ---------  --------  ----------  --------------  -------------------  ----------------------
/opt/airflow/dags/hello_airflow.py                                  1           0  0.17s           2026-09-24T00:55:46                      10
/opt/airflow/dags/teste_python.py                                   1           0  0.16s           2026-09-24T00:56:08                      10
/opt/airflow/dags/test_python_operator.py                           0           1  0.12s           2026-09-24T00:56:02                       5
================================================================================
[2026-09-24T00:56:45.258+0000] {manager.py:997} INFO - 
================================================================================
DAG File Processing Stats

File Path                                  PID    Runtime      # DAGs    # Errors  Last Runtime    Last Run               Last # of DB Queries
-----------------------------------------  -----  ---------  --------  ----------  --------------  -------------------  ----------------------
/opt/airflow/dags/test_python_operator.py                           1           0  0.57s           2026-09-24T00:56:28                      43
/opt/airflow/dags/hello_airflow.py                                  1           0  0.16s           2026-09-24T00:56:16                      10
/opt/airflow/dags/teste_python.py                                   1           0  0.16s           2026-09-24T00:56:39                      10
================================================================================
[2026-09-24T00:57:16.026+0000] {manager.py:997} INFO - 
================================================================================
DAG File Processing Stats

File Path                                  PID    Runtime      # DAGs    # Errors  Last Runtime    Last Run               Last # of DB Queries
-----------------------------------------  -----  ---------  --------  ----------  --------------  -------------------  ----------------------
/opt/airflow/dags/hello_airflow.py                                  1           0  0.20s           2026-09-24T00:56:47                      10
/opt/airflow/dags/test_python_operator.py                           1           0  0.18s           2026-09-24T00:56:57                       9
/opt/airflow/dags/teste_python.py                                   1           0  0.16s           2026-09-24T00:57:09                      10
================================================================================
[2026-09-24T00:57:46.620+0000] {manager.py:997} INFO - 
================================================================================
DAG File Processing Stats

File Path                                  PID    Runtime      # DAGs    # Errors  Last Runtime    Last Run               Last # of DB Queries
-----------------------------------------  -----  ---------  --------  ----------  --------------  -------------------  ----------------------
/opt/airflow/dags/teste_python.py                                   1           0  0.18s           2026-09-24T00:57:40                      10
/opt/airflow/dags/test_python_operator.py                           1           0  0.18s           2026-09-24T00:57:28                      10
/opt/airflow/dags/hello_airflow.py                                  1           0  0.17s           2026-09-24T00:57:18                      10
================================================================================
[2026-09-24T00:58:17.097+0000] {manager.py:997} INFO - 
================================================================================
DAG File Processing Stats

File Path                                  PID    Runtime      # DAGs    # Errors  Last Runtime    Last Run               Last # of DB Queries
-----------------------------------------  -----  ---------  --------  ----------  --------------  -------------------  ----------------------
/opt/airflow/dags/test_python_operator.py                           1           0  0.19s           2026-09-24T00:57:59                      10
/opt/airflow/dags/hello_airflow.py                                  1           0  0.17s           2026-09-24T00:57:48                      10
/opt/airflow/dags/teste_python.py                                   1           0  0.16s           2026-09-24T00:58:11                      10
================================================================================
[2026-09-24T00:58:47.714+0000] {manager.py:997} INFO - 
================================================================================
DAG File Processing Stats

File Path                                  PID    Runtime      # DAGs    # Errors  Last Runtime    Last Run               Last # of DB Queries
-----------------------------------------  -----  ---------  --------  ----------  --------------  -------------------  ----------------------
/opt/airflow/dags/test_python_operator.py                           1           0  0.17s           2026-09-24T00:58:29                      10
/opt/airflow/dags/teste_python.py                                   1           0  0.17s           2026-09-24T00:58:41                      10
/opt/airflow/dags/hello_airflow.py                                  1           0  0.16s           2026-09-24T00:58:19                      10
================================================================================
[2026-09-24T00:59:18.218+0000] {manager.py:997} INFO - 
================================================================================
DAG File Processing Stats

File Path                                  PID    Runtime      # DAGs    # Errors  Last Runtime    Last Run               Last # of DB Queries
-----------------------------------------  -----  ---------  --------  ----------  --------------  -------------------  ----------------------
/opt/airflow/dags/hello_airflow.py                                  1           0  0.19s           2026-09-24T00:58:49                      10
/opt/airflow/dags/test_python_operator.py                           1           0  0.18s           2026-09-24T00:59:00                      10
/opt/airflow/dags/teste_python.py                                   1           0  0.16s           2026-09-24T00:59:12                      10
================================================================================
[2026-09-24T00:59:48.834+0000] {manager.py:997} INFO - 
================================================================================
DAG File Processing Stats

File Path                                  PID    Runtime      # DAGs    # Errors  Last Runtime    Last Run               Last # of DB Queries
-----------------------------------------  -----  ---------  --------  ----------  --------------  -------------------  ----------------------
/opt/airflow/dags/test_python_operator.py                           1           0  0.18s           2026-09-24T00:59:30                      10
/opt/airflow/dags/hello_airflow.py                                  1           0  0.17s           2026-09-24T00:59:20                      10
/opt/airflow/dags/teste_python.py                                   1           0  0.17s           2026-09-24T00:59:42                      10
================================================================================
[2026-09-24T00:59:57.946+0000] {manager.py:821} INFO - Searching for files in /opt/airflow/dags
[2026-09-24T00:59:57.991+0000] {manager.py:824} INFO - There are 3 files in /opt/airflow/dags
[2026-09-24T01:00:19.379+0000] {manager.py:997} INFO - 
================================================================================
DAG File Processing Stats

File Path                                  PID    Runtime      # DAGs    # Errors  Last Runtime    Last Run               Last # of DB Queries
-----------------------------------------  -----  ---------  --------  ----------  --------------  -------------------  ----------------------
/opt/airflow/dags/hello_airflow.py                                  1           0  0.19s           2026-09-24T00:59:51                      10
/opt/airflow/dags/test_python_operator.py                           1           0  0.18s           2026-09-24T01:00:01                      10
/opt/airflow/dags/teste_python.py                                   1           0  0.15s           2026-09-24T01:00:13                      10
================================================================================
[2026-09-24T01:00:49.957+0000] {manager.py:997} INFO - 
================================================================================
DAG File Processing Stats

File Path                                  PID    Runtime      # DAGs    # Errors  Last Runtime    Last Run               Last # of DB Queries
-----------------------------------------  -----  ---------  --------  ----------  --------------  -------------------  ----------------------
/opt/airflow/dags/test_python_operator.py                           1           0  0.18s           2026-09-24T01:00:31                      10
/opt/airflow/dags/teste_python.py                                   1           0  0.17s           2026-09-24T01:00:43                      10
/opt/airflow/dags/hello_airflow.py                                  1           0  0.17s           2026-09-24T01:00:21                      10
================================================================================
[2026-09-24T01:01:20.466+0000] {manager.py:997} INFO - 
================================================================================
DAG File Processing Stats

File Path                                  PID    Runtime      # DAGs    # Errors  Last Runtime    Last Run               Last # of DB Queries
-----------------------------------------  -----  ---------  --------  ----------  --------------  -------------------  ----------------------
/opt/airflow/dags/teste_python.py                                   1           0  0.18s           2026-09-24T01:01:14                      10
/opt/airflow/dags/test_python_operator.py                           1           0  0.18s           2026-09-24T01:01:02                      10
/opt/airflow/dags/hello_airflow.py                                  1           0  0.17s           2026-09-24T01:00:52                      10
================================================================================
[2026-09-24T01:01:51.070+0000] {manager.py:997} INFO - 
================================================================================
DAG File Processing Stats

File Path                                  PID    Runtime      # DAGs    # Errors  Last Runtime    Last Run               Last # of DB Queries
-----------------------------------------  -----  ---------  --------  ----------  --------------  -------------------  ----------------------
/opt/airflow/dags/teste_python.py                                   1           0  0.19s           2026-09-24T01:01:45                      10
/opt/airflow/dags/hello_airflow.py                                  1           0  0.17s           2026-09-24T01:01:22                      10
/opt/airflow/dags/test_python_operator.py                           1           0  0.17s           2026-09-24T01:01:32                      10
================================================================================
[2026-09-24T01:02:21.677+0000] {manager.py:997} INFO - 
================================================================================
DAG File Processing Stats

File Path                                  PID    Runtime      # DAGs    # Errors  Last Runtime    Last Run               Last # of DB Queries
-----------------------------------------  -----  ---------  --------  ----------  --------------  -------------------  ----------------------
/opt/airflow/dags/hello_airflow.py                                  1           0  0.18s           2026-09-24T01:01:53                      10
/opt/airflow/dags/teste_python.py                                   1           0  0.17s           2026-09-24T01:02:15                      10
/opt/airflow/dags/test_python_operator.py                           1           0  0.16s           2026-09-24T01:02:03                      10
================================================================================
[2026-09-24T01:02:52.187+0000] {manager.py:997} INFO - 
================================================================================
DAG File Processing Stats

File Path                                  PID    Runtime      # DAGs    # Errors  Last Runtime    Last Run               Last # of DB Queries
-----------------------------------------  -----  ---------  --------  ----------  --------------  -------------------  ----------------------
/opt/airflow/dags/hello_airflow.py                                  1           0  0.17s           2026-09-24T01:02:23                      10
/opt/airflow/dags/test_python_operator.py                           1           0  0.16s           2026-09-24T01:02:34                      10
/opt/airflow/dags/teste_python.py                                   1           0  0.16s           2026-09-24T01:02:46                      10
================================================================================
[2026-09-24T01:03:22.755+0000] {manager.py:997} INFO - 
================================================================================
DAG File Processing Stats

File Path                                  PID    Runtime      # DAGs    # Errors  Last Runtime    Last Run               Last # of DB Queries
-----------------------------------------  -----  ---------  --------  ----------  --------------  -------------------  ----------------------
/opt/airflow/dags/hello_airflow.py                                  1           0  0.21s           2026-09-24T01:02:54                      10
/opt/airflow/dags/test_python_operator.py                           1           0  0.18s           2026-09-24T01:03:04                      10
/opt/airflow/dags/teste_python.py                                   1           0  0.16s           2026-09-24T01:03:16                      10
================================================================================
[2026-09-24T01:03:53.310+0000] {manager.py:997} INFO - 
================================================================================
DAG File Processing Stats

File Path                                  PID    Runtime      # DAGs    # Errors  Last Runtime    Last Run               Last # of DB Queries
-----------------------------------------  -----  ---------  --------  ----------  --------------  -------------------  ----------------------
/opt/airflow/dags/test_python_operator.py                           1           0  0.17s           2026-09-24T01:03:35                      10
/opt/airflow/dags/hello_airflow.py                                  1           0  0.16s           2026-09-24T01:03:24                      10
/opt/airflow/dags/teste_python.py                                   1           0  0.16s           2026-09-24T01:03:47                      10
================================================================================
[2026-09-24T01:04:23.796+0000] {manager.py:997} INFO - 
================================================================================
DAG File Processing Stats

File Path                                  PID    Runtime      # DAGs    # Errors  Last Runtime    Last Run               Last # of DB Queries
-----------------------------------------  -----  ---------  --------  ----------  --------------  -------------------  ----------------------
/opt/airflow/dags/test_python_operator.py                           1           0  0.16s           2026-09-24T01:04:05                      10
/opt/airflow/dags/hello_airflow.py                                  1           0  0.16s           2026-09-24T01:03:55                      10
/opt/airflow/dags/teste_python.py                                   1           0  0.16s           2026-09-24T01:04:17                      10
================================================================================
[2026-09-24T01:04:54.353+0000] {manager.py:997} INFO - 
================================================================================
DAG File Processing Stats

File Path                                  PID    Runtime      # DAGs    # Errors  Last Runtime    Last Run               Last # of DB Queries
-----------------------------------------  -----  ---------  --------  ----------  --------------  -------------------  ----------------------
/opt/airflow/dags/teste_python.py                                   1           0  0.16s           2026-09-24T01:04:48                      10
/opt/airflow/dags/hello_airflow.py                                  1           0  0.16s           2026-09-24T01:04:25                      10
/opt/airflow/dags/test_python_operator.py                           1           0  0.15s           2026-09-24T01:04:36                      10
================================================================================
[2026-09-24T01:04:58.442+0000] {manager.py:821} INFO - Searching for files in /opt/airflow/dags
[2026-09-24T01:04:58.485+0000] {manager.py:824} INFO - There are 3 files in /opt/airflow/dags
[2026-09-24T01:05:25.004+0000] {manager.py:997} INFO - 
================================================================================
DAG File Processing Stats

File Path                                  PID    Runtime      # DAGs    # Errors  Last Runtime    Last Run               Last # of DB Queries
-----------------------------------------  -----  ---------  --------  ----------  --------------  -------------------  ----------------------
/opt/airflow/dags/hello_airflow.py                                  1           0  0.24s           2026-09-24T01:04:56                      10
/opt/airflow/dags/teste_python.py                                   1           0  0.16s           2026-09-24T01:05:19                      10
/opt/airflow/dags/test_python_operator.py                           1           0  0.16s           2026-09-24T01:05:06                      10
================================================================================
[2026-09-24T01:05:32.888+0000] {manager.py:465} INFO - Exiting gracefully upon receiving signal 15
[2026-09-25T00:00:31.235+0000] {manager.py:483} INFO - Processing files using up to 2 processes at a time 
[2026-09-25T00:00:31.238+0000] {manager.py:484} INFO - Process each file at most once every 30 seconds
[2026-09-25T00:00:31.245+0000] {manager.py:485} INFO - Checking for new files in /opt/airflow/dags every 300 seconds
[2026-09-25T00:00:31.250+0000] {manager.py:821} INFO - Searching for files in /opt/airflow/dags
[2026-09-25T00:00:31.418+0000] {manager.py:824} INFO - There are 3 files in /opt/airflow/dags
[2026-09-25T00:00:31.843+0000] {manager.py:997} INFO - 
================================================================================
DAG File Processing Stats

File Path                                    PID  Runtime      # DAGs    # Errors  Last Runtime    Last Run      Last # of DB Queries
-----------------------------------------  -----  ---------  --------  ----------  --------------  ----------  ----------------------
/opt/airflow/dags/hello_airflow.py                                  0           0                                                   0
/opt/airflow/dags/teste_python.py            174  0.07s             0           0                                                   0
/opt/airflow/dags/test_python_operator.py    171  0.11s             0           0                                                   0
================================================================================
[2026-09-25T00:01:02.586+0000] {manager.py:997} INFO - 
================================================================================
DAG File Processing Stats

File Path                                    PID  Runtime      # DAGs    # Errors  Last Runtime    Last Run               Last # of DB Queries
-----------------------------------------  -----  ---------  --------  ----------  --------------  -------------------  ----------------------
/opt/airflow/dags/test_python_operator.py    186  0.02s             1           0  0.42s           2026-09-25T00:00:32                      10
/opt/airflow/dags/teste_python.py            189  0.01s             1           0  0.39s           2026-09-25T00:00:32                      10
/opt/airflow/dags/hello_airflow.py                                  1           0  0.23s           2026-09-25T00:00:32                      10
================================================================================
[2026-09-25T00:01:33.168+0000] {manager.py:997} INFO - 
================================================================================
DAG File Processing Stats

File Path                                    PID  Runtime      # DAGs    # Errors  Last Runtime    Last Run               Last # of DB Queries
-----------------------------------------  -----  ---------  --------  ----------  --------------  -------------------  ----------------------
/opt/airflow/dags/teste_python.py            204  0.01s             1           0  0.23s           2026-09-25T00:01:02                      10
/opt/airflow/dags/test_python_operator.py    201  0.02s             1           0  0.23s           2026-09-25T00:01:02                      10
/opt/airflow/dags/hello_airflow.py                                  1           0  0.17s           2026-09-25T00:01:02                      10
================================================================================
[2026-09-25T00:02:03.796+0000] {manager.py:997} INFO - 
================================================================================
DAG File Processing Stats

File Path                                    PID  Runtime      # DAGs    # Errors  Last Runtime    Last Run               Last # of DB Queries
-----------------------------------------  -----  ---------  --------  ----------  --------------  -------------------  ----------------------
/opt/airflow/dags/teste_python.py            219  0.01s             1           0  0.21s           2026-09-25T00:01:33                      10
/opt/airflow/dags/test_python_operator.py    216  0.02s             1           0  0.21s           2026-09-25T00:01:33                      10
/opt/airflow/dags/hello_airflow.py                                  1           0  0.18s           2026-09-25T00:01:33                      10
================================================================================
[2026-09-25T00:02:34.352+0000] {manager.py:997} INFO - 
================================================================================
DAG File Processing Stats

File Path                                    PID  Runtime      # DAGs    # Errors  Last Runtime    Last Run               Last # of DB Queries
-----------------------------------------  -----  ---------  --------  ----------  --------------  -------------------  ----------------------
/opt/airflow/dags/teste_python.py            234  0.01s             1           0  0.21s           2026-09-25T00:02:03                      10
/opt/airflow/dags/test_python_operator.py    231  0.02s             1           0  0.20s           2026-09-25T00:02:03                      10
/opt/airflow/dags/hello_airflow.py                                  1           0  0.17s           2026-09-25T00:02:04                      10
================================================================================
[2026-09-25T00:03:04.941+0000] {manager.py:997} INFO - 
================================================================================
DAG File Processing Stats

File Path                                    PID  Runtime      # DAGs    # Errors  Last Runtime    Last Run               Last # of DB Queries
-----------------------------------------  -----  ---------  --------  ----------  --------------  -------------------  ----------------------
/opt/airflow/dags/test_python_operator.py    246  0.02s             1           0  0.23s           2026-09-25T00:02:34                      10
/opt/airflow/dags/teste_python.py            249  0.01s             1           0  0.20s           2026-09-25T00:02:34                      10
/opt/airflow/dags/hello_airflow.py                                  1           0  0.17s           2026-09-25T00:02:34                      10
================================================================================
[2026-09-25T00:03:35.646+0000] {manager.py:997} INFO - 
================================================================================
DAG File Processing Stats

File Path                                    PID  Runtime      # DAGs    # Errors  Last Runtime    Last Run               Last # of DB Queries
-----------------------------------------  -----  ---------  --------  ----------  --------------  -------------------  ----------------------
/opt/airflow/dags/teste_python.py            264  0.01s             1           0  0.19s           2026-09-25T00:03:05                      10
/opt/airflow/dags/test_python_operator.py    261  0.03s             1           0  0.19s           2026-09-25T00:03:05                      10
/opt/airflow/dags/hello_airflow.py                                  1           0  0.16s           2026-09-25T00:03:05                      10
================================================================================
[2026-09-25T00:04:05.680+0000] {manager.py:997} INFO - 
================================================================================
DAG File Processing Stats

File Path                                  PID    Runtime      # DAGs    # Errors  Last Runtime    Last Run               Last # of DB Queries
-----------------------------------------  -----  ---------  --------  ----------  --------------  -------------------  ----------------------
/opt/airflow/dags/teste_python.py                                   1           0  0.36s           2026-09-25T00:03:35                      10
/opt/airflow/dags/test_python_operator.py                           1           0  0.36s           2026-09-25T00:03:35                      10
/opt/airflow/dags/hello_airflow.py                                  1           0  0.19s           2026-09-25T00:03:36                      10
================================================================================
[2026-09-25T00:04:35.899+0000] {manager.py:997} INFO - 
================================================================================
DAG File Processing Stats

File Path                                  PID    Runtime      # DAGs    # Errors  Last Runtime    Last Run               Last # of DB Queries
-----------------------------------------  -----  ---------  --------  ----------  --------------  -------------------  ----------------------
/opt/airflow/dags/test_python_operator.py                           1           0  0.28s           2026-09-25T00:04:07                      10
/opt/airflow/dags/teste_python.py                                   1           0  0.27s           2026-09-25T00:04:07                      10
/opt/airflow/dags/hello_airflow.py                                  1           0  0.17s           2026-09-25T00:04:07                      10
================================================================================
[2026-09-25T00:05:06.426+0000] {manager.py:997} INFO - 
================================================================================
DAG File Processing Stats

File Path                                  PID    Runtime      # DAGs    # Errors  Last Runtime    Last Run               Last # of DB Queries
-----------------------------------------  -----  ---------  --------  ----------  --------------  -------------------  ----------------------
/opt/airflow/dags/teste_python.py                                   1           0  0.27s           2026-09-25T00:04:37                      10
/opt/airflow/dags/test_python_operator.py                           1           0  0.26s           2026-09-25T00:04:37                      10
/opt/airflow/dags/hello_airflow.py                                  1           0  0.20s           2026-09-25T00:04:38                      10
================================================================================
[2026-09-25T00:05:32.078+0000] {manager.py:821} INFO - Searching for files in /opt/airflow/dags
[2026-09-25T00:05:32.150+0000] {manager.py:824} INFO - There are 4 files in /opt/airflow/dags
[2026-09-25T00:05:36.683+0000] {manager.py:997} INFO - 
================================================================================
DAG File Processing Stats

File Path                                  PID    Runtime      # DAGs    # Errors  Last Runtime    Last Run               Last # of DB Queries
-----------------------------------------  -----  ---------  --------  ----------  --------------  -------------------  ----------------------
/opt/airflow/dags/test_python_operator.py                           1           0  0.22s           2026-09-25T00:05:08                      10
/opt/airflow/dags/teste_python.py                                   1           0  0.21s           2026-09-25T00:05:08                      10
/opt/airflow/dags/hello_airflow.py                                  1           0  0.17s           2026-09-25T00:05:08                      10
/opt/airflow/dags/test_container.py                                 0           0  0.12s           2026-09-25T00:05:32                       3
================================================================================
[2026-09-25T00:06:07.391+0000] {manager.py:997} INFO - 
================================================================================
DAG File Processing Stats

File Path                                  PID    Runtime      # DAGs    # Errors  Last Runtime    Last Run               Last # of DB Queries
-----------------------------------------  -----  ---------  --------  ----------  --------------  -------------------  ----------------------
/opt/airflow/dags/teste_python.py                                   1           0  0.26s           2026-09-25T00:05:38                      10
/opt/airflow/dags/test_python_operator.py                           1           0  0.25s           2026-09-25T00:05:38                      10
/opt/airflow/dags/hello_airflow.py                                  1           0  0.19s           2026-09-25T00:05:39                      10
/opt/airflow/dags/test_container.py                                 0           0  0.09s           2026-09-25T00:06:03                       3
================================================================================
[2026-09-25T00:06:37.425+0000] {manager.py:997} INFO - 
================================================================================
DAG File Processing Stats

File Path                                  PID    Runtime      # DAGs    # Errors  Last Runtime    Last Run               Last # of DB Queries
-----------------------------------------  -----  ---------  --------  ----------  --------------  -------------------  ----------------------
/opt/airflow/dags/test_python_operator.py                           1           0  0.19s           2026-09-25T00:06:09                      10
/opt/airflow/dags/teste_python.py                                   1           0  0.18s           2026-09-25T00:06:09                      10
/opt/airflow/dags/hello_airflow.py                                  1           0  0.16s           2026-09-25T00:06:09                      10
/opt/airflow/dags/test_container.py                                 0           0  0.10s           2026-09-25T00:06:34                       3
================================================================================
[2026-09-25T00:07:08.161+0000] {manager.py:997} INFO - 
================================================================================
DAG File Processing Stats

File Path                                  PID    Runtime      # DAGs    # Errors  Last Runtime    Last Run               Last # of DB Queries
-----------------------------------------  -----  ---------  --------  ----------  --------------  -------------------  ----------------------
/opt/airflow/dags/teste_python.py                                   1           0  0.22s           2026-09-25T00:06:40                      10
/opt/airflow/dags/test_python_operator.py                           1           0  0.21s           2026-09-25T00:06:40                      10
/opt/airflow/dags/hello_airflow.py                                  1           0  0.16s           2026-09-25T00:06:40                      10
/opt/airflow/dags/test_container.py                                 0           0  0.10s           2026-09-25T00:07:05                       3
================================================================================
[2026-09-25T00:07:38.881+0000] {manager.py:997} INFO - 
================================================================================
DAG File Processing Stats

File Path                                  PID    Runtime      # DAGs    # Errors  Last Runtime    Last Run               Last # of DB Queries
-----------------------------------------  -----  ---------  --------  ----------  --------------  -------------------  ----------------------
/opt/airflow/dags/teste_python.py                                   1           0  0.34s           2026-09-25T00:07:11                      10
/opt/airflow/dags/test_python_operator.py                           1           0  0.32s           2026-09-25T00:07:11                      10
/opt/airflow/dags/hello_airflow.py                                  1           0  0.17s           2026-09-25T00:07:11                      10
/opt/airflow/dags/test_container.py                                 0           0  0.10s           2026-09-25T00:07:35                       3
================================================================================
[2026-09-25T00:08:09.529+0000] {manager.py:997} INFO - 
================================================================================
DAG File Processing Stats

File Path                                  PID    Runtime      # DAGs    # Errors  Last Runtime    Last Run               Last # of DB Queries
-----------------------------------------  -----  ---------  --------  ----------  --------------  -------------------  ----------------------
/opt/airflow/dags/test_python_operator.py                           1           0  0.22s           2026-09-25T00:07:42                      10
/opt/airflow/dags/teste_python.py                                   1           0  0.19s           2026-09-25T00:07:42                      10
/opt/airflow/dags/hello_airflow.py                                  1           0  0.18s           2026-09-25T00:07:42                      10
/opt/airflow/dags/test_container.py                                 0           1  0.14s           2026-09-25T00:07:54                       5
================================================================================
[2026-09-25T00:08:40.292+0000] {manager.py:997} INFO - 
================================================================================
DAG File Processing Stats

File Path                                  PID    Runtime      # DAGs    # Errors  Last Runtime    Last Run               Last # of DB Queries
-----------------------------------------  -----  ---------  --------  ----------  --------------  -------------------  ----------------------
/opt/airflow/dags/teste_python.py                                   1           0  0.20s           2026-09-25T00:08:12                      10
/opt/airflow/dags/test_python_operator.py                           1           0  0.20s           2026-09-25T00:08:12                      10
/opt/airflow/dags/hello_airflow.py                                  1           0  0.19s           2026-09-25T00:08:12                      10
/opt/airflow/dags/test_container.py                                 0           1  0.13s           2026-09-25T00:08:16                       5
================================================================================
[2026-09-25T00:09:11.227+0000] {manager.py:997} INFO - 
================================================================================
DAG File Processing Stats

File Path                                    PID  Runtime      # DAGs    # Errors  Last Runtime    Last Run               Last # of DB Queries
-----------------------------------------  -----  ---------  --------  ----------  --------------  -------------------  ----------------------
/opt/airflow/dags/teste_python.py                                   1           0  0.19s           2026-09-25T00:08:43                      10
/opt/airflow/dags/test_python_operator.py                           1           0  0.19s           2026-09-25T00:08:43                      10
/opt/airflow/dags/hello_airflow.py                                  1           0  0.17s           2026-09-25T00:08:43                      10
/opt/airflow/dags/test_container.py          476  0.01s             0           1  0.14s           2026-09-25T00:08:49                       5
================================================================================
[2026-09-25T00:09:42.053+0000] {manager.py:997} INFO - 
================================================================================
DAG File Processing Stats

File Path                                  PID    Runtime      # DAGs    # Errors  Last Runtime    Last Run               Last # of DB Queries
-----------------------------------------  -----  ---------  --------  ----------  --------------  -------------------  ----------------------
/opt/airflow/dags/teste_python.py                                   1           0  0.20s           2026-09-25T00:09:14                      10
/opt/airflow/dags/test_python_operator.py                           1           0  0.20s           2026-09-25T00:09:14                      10
/opt/airflow/dags/hello_airflow.py                                  1           0  0.17s           2026-09-25T00:09:14                      10
/opt/airflow/dags/test_container.py                                 0           1  0.12s           2026-09-25T00:09:30                       5
================================================================================
[2026-09-25T00:10:12.505+0000] {manager.py:997} INFO - 
================================================================================
DAG File Processing Stats

File Path                                  PID    Runtime      # DAGs    # Errors  Last Runtime    Last Run               Last # of DB Queries
-----------------------------------------  -----  ---------  --------  ----------  --------------  -------------------  ----------------------
/opt/airflow/dags/test_python_operator.py                           1           0  0.21s           2026-09-25T00:09:45                      10
/opt/airflow/dags/teste_python.py                                   1           0  0.21s           2026-09-25T00:09:45                      10
/opt/airflow/dags/hello_airflow.py                                  1           0  0.20s           2026-09-25T00:09:45                      10
/opt/airflow/dags/test_container.py                                 0           1  0.14s           2026-09-25T00:10:02                       5
================================================================================
[2026-09-25T00:10:32.124+0000] {manager.py:821} INFO - Searching for files in /opt/airflow/dags
[2026-09-25T00:10:32.234+0000] {manager.py:824} INFO - There are 4 files in /opt/airflow/dags
[2026-09-25T00:10:42.543+0000] {manager.py:997} INFO - 
================================================================================
DAG File Processing Stats

File Path                                  PID    Runtime      # DAGs    # Errors  Last Runtime    Last Run               Last # of DB Queries
-----------------------------------------  -----  ---------  --------  ----------  --------------  -------------------  ----------------------
/opt/airflow/dags/test_container.py                                 0           1  0.24s           2026-09-25T00:10:35                       5
/opt/airflow/dags/teste_python.py                                   1           0  0.21s           2026-09-25T00:10:15                      10
/opt/airflow/dags/test_python_operator.py                           1           0  0.21s           2026-09-25T00:10:15                      10
/opt/airflow/dags/hello_airflow.py                                  1           0  0.18s           2026-09-25T00:10:15                      10
================================================================================
[2026-09-25T00:11:13.345+0000] {manager.py:997} INFO - 
================================================================================
DAG File Processing Stats

File Path                                  PID    Runtime      # DAGs    # Errors  Last Runtime    Last Run               Last # of DB Queries
-----------------------------------------  -----  ---------  --------  ----------  --------------  -------------------  ----------------------
/opt/airflow/dags/teste_python.py                                   1           0  0.22s           2026-09-25T00:10:46                      10
/opt/airflow/dags/test_python_operator.py                           1           0  0.22s           2026-09-25T00:10:46                      10
/opt/airflow/dags/hello_airflow.py                                  1           0  0.18s           2026-09-25T00:10:47                      10
/opt/airflow/dags/test_container.py                                 0           1  0.13s           2026-09-25T00:10:53                       5
================================================================================
[2026-09-25T00:11:44.072+0000] {manager.py:997} INFO - 
================================================================================
DAG File Processing Stats

File Path                                  PID    Runtime      # DAGs    # Errors  Last Runtime    Last Run               Last # of DB Queries
-----------------------------------------  -----  ---------  --------  ----------  --------------  -------------------  ----------------------
/opt/airflow/dags/teste_python.py                                   1           0  0.20s           2026-09-25T00:11:17                      10
/opt/airflow/dags/test_python_operator.py                           1           0  0.20s           2026-09-25T00:11:17                      10
/opt/airflow/dags/hello_airflow.py                                  1           0  0.16s           2026-09-25T00:11:17                      10
/opt/airflow/dags/test_container.py                                 0           1  0.14s           2026-09-25T00:11:23                       5
================================================================================
[2026-09-25T00:12:14.702+0000] {manager.py:997} INFO - 
================================================================================
DAG File Processing Stats

File Path                                  PID    Runtime      # DAGs    # Errors  Last Runtime    Last Run               Last # of DB Queries
-----------------------------------------  -----  ---------  --------  ----------  --------------  -------------------  ----------------------
/opt/airflow/dags/test_python_operator.py                           1           0  0.20s           2026-09-25T00:11:48                      10
/opt/airflow/dags/teste_python.py                                   1           0  0.18s           2026-09-25T00:11:48                      10
/opt/airflow/dags/hello_airflow.py                                  1           0  0.16s           2026-09-25T00:11:48                      10
/opt/airflow/dags/test_container.py                                 0           1  0.12s           2026-09-25T00:11:54                       5
================================================================================
[2026-09-25T00:12:45.319+0000] {manager.py:997} INFO - 
================================================================================
DAG File Processing Stats

File Path                                  PID    Runtime      # DAGs    # Errors  Last Runtime    Last Run               Last # of DB Queries
-----------------------------------------  -----  ---------  --------  ----------  --------------  -------------------  ----------------------
/opt/airflow/dags/hello_airflow.py                                  1           0  0.21s           2026-09-25T00:12:19                      10
/opt/airflow/dags/teste_python.py                                   1           0  0.20s           2026-09-25T00:12:18                      10
/opt/airflow/dags/test_python_operator.py                           1           0  0.20s           2026-09-25T00:12:18                      10
/opt/airflow/dags/test_container.py                                 0           1  0.13s           2026-09-25T00:12:28                       5
================================================================================
[2026-09-25T00:13:15.558+0000] {manager.py:997} INFO - 
================================================================================
DAG File Processing Stats

File Path                                  PID    Runtime      # DAGs    # Errors  Last Runtime    Last Run               Last # of DB Queries
-----------------------------------------  -----  ---------  --------  ----------  --------------  -------------------  ----------------------
/opt/airflow/dags/test_container.py                                 1           0  0.57s           2026-09-25T00:12:51                      43
/opt/airflow/dags/test_python_operator.py                           1           0  0.21s           2026-09-25T00:12:49                      10
/opt/airflow/dags/teste_python.py                                   1           0  0.21s           2026-09-25T00:12:49                      10
/opt/airflow/dags/hello_airflow.py                                  1           0  0.16s           2026-09-25T00:12:49                      10
================================================================================
[2026-09-25T00:13:45.952+0000] {manager.py:997} INFO - 
================================================================================
DAG File Processing Stats

File Path                                  PID    Runtime      # DAGs    # Errors  Last Runtime    Last Run               Last # of DB Queries
-----------------------------------------  -----  ---------  --------  ----------  --------------  -------------------  ----------------------
/opt/airflow/dags/test_python_operator.py                           1           0  0.22s           2026-09-25T00:13:20                      10
/opt/airflow/dags/teste_python.py                                   1           0  0.19s           2026-09-25T00:13:20                      10
/opt/airflow/dags/test_container.py                                 1           0  0.18s           2026-09-25T00:13:21                      10
/opt/airflow/dags/hello_airflow.py                                  1           0  0.17s           2026-09-25T00:13:20                      10
================================================================================
[2026-09-25T00:14:16.713+0000] {manager.py:997} INFO - 
================================================================================
DAG File Processing Stats

File Path                                  PID    Runtime      # DAGs    # Errors  Last Runtime    Last Run               Last # of DB Queries
-----------------------------------------  -----  ---------  --------  ----------  --------------  -------------------  ----------------------
/opt/airflow/dags/test_container.py                                 1           0  0.34s           2026-09-25T00:13:52                      10
/opt/airflow/dags/test_python_operator.py                           1           0  0.20s           2026-09-25T00:13:51                      10
/opt/airflow/dags/teste_python.py                                   1           0  0.18s           2026-09-25T00:13:51                      10
/opt/airflow/dags/hello_airflow.py                                  1           0  0.18s           2026-09-25T00:13:51                      10
================================================================================
[2026-09-25T00:14:47.656+0000] {manager.py:997} INFO - 
================================================================================
DAG File Processing Stats

File Path                                  PID    Runtime      # DAGs    # Errors  Last Runtime    Last Run               Last # of DB Queries
-----------------------------------------  -----  ---------  --------  ----------  --------------  -------------------  ----------------------
/opt/airflow/dags/teste_python.py                                   1           0  0.22s           2026-09-25T00:14:22                      10
/opt/airflow/dags/test_python_operator.py                           1           0  0.22s           2026-09-25T00:14:22                      10
/opt/airflow/dags/test_container.py                                 1           0  0.19s           2026-09-25T00:14:23                      10
/opt/airflow/dags/hello_airflow.py                                  1           0  0.19s           2026-09-25T00:14:22                      10
================================================================================
[2026-09-25T00:15:18.527+0000] {manager.py:997} INFO - 
================================================================================
DAG File Processing Stats

File Path                                  PID    Runtime      # DAGs    # Errors  Last Runtime    Last Run               Last # of DB Queries
-----------------------------------------  -----  ---------  --------  ----------  --------------  -------------------  ----------------------
/opt/airflow/dags/teste_python.py                                   1           0  0.28s           2026-09-25T00:14:53                      10
/opt/airflow/dags/test_python_operator.py                           1           0  0.28s           2026-09-25T00:14:52                      10
/opt/airflow/dags/hello_airflow.py                                  1           0  0.20s           2026-09-25T00:14:53                      10
/opt/airflow/dags/test_container.py                                 1           0  0.18s           2026-09-25T00:14:54                      10
================================================================================
[2026-09-25T00:15:32.952+0000] {manager.py:821} INFO - Searching for files in /opt/airflow/dags
[2026-09-25T00:15:33.010+0000] {manager.py:824} INFO - There are 4 files in /opt/airflow/dags
[2026-09-25T00:15:49.206+0000] {manager.py:997} INFO - 
================================================================================
DAG File Processing Stats

File Path                                  PID    Runtime      # DAGs    # Errors  Last Runtime    Last Run               Last # of DB Queries
-----------------------------------------  -----  ---------  --------  ----------  --------------  -------------------  ----------------------
/opt/airflow/dags/teste_python.py                                   1           0  0.24s           2026-09-25T00:15:23                      10
/opt/airflow/dags/test_python_operator.py                           1           0  0.23s           2026-09-25T00:15:23                      10
/opt/airflow/dags/hello_airflow.py                                  1           0  0.19s           2026-09-25T00:15:24                      10
/opt/airflow/dags/test_container.py                                 1           0  0.18s           2026-09-25T00:15:25                      10
================================================================================
[2026-09-25T00:16:20.094+0000] {manager.py:997} INFO - 
================================================================================
DAG File Processing Stats

File Path                                  PID    Runtime      # DAGs    # Errors  Last Runtime    Last Run               Last # of DB Queries
-----------------------------------------  -----  ---------  --------  ----------  --------------  -------------------  ----------------------
/opt/airflow/dags/teste_python.py                                   1           0  0.37s           2026-09-25T00:15:54                      10
/opt/airflow/dags/test_python_operator.py                           1           0  0.36s           2026-09-25T00:15:54                      10
/opt/airflow/dags/test_container.py                                 1           0  0.19s           2026-09-25T00:15:55                      10
/opt/airflow/dags/hello_airflow.py                                  1           0  0.18s           2026-09-25T00:15:54                      10
================================================================================
[2026-09-25T00:16:50.840+0000] {manager.py:997} INFO - 
================================================================================
DAG File Processing Stats

File Path                                  PID    Runtime      # DAGs    # Errors  Last Runtime    Last Run               Last # of DB Queries
-----------------------------------------  -----  ---------  --------  ----------  --------------  -------------------  ----------------------
/opt/airflow/dags/teste_python.py                                   1           0  0.20s           2026-09-25T00:16:25                      10
/opt/airflow/dags/test_python_operator.py                           1           0  0.20s           2026-09-25T00:16:25                      10
/opt/airflow/dags/test_container.py                                 1           0  0.18s           2026-09-25T00:16:26                      10
/opt/airflow/dags/hello_airflow.py                                  1           0  0.17s           2026-09-25T00:16:25                      10
================================================================================
[2026-09-25T00:17:21.829+0000] {manager.py:997} INFO - 
================================================================================
DAG File Processing Stats

File Path                                  PID    Runtime      # DAGs    # Errors  Last Runtime    Last Run               Last # of DB Queries
-----------------------------------------  -----  ---------  --------  ----------  --------------  -------------------  ----------------------
/opt/airflow/dags/test_python_operator.py                           1           0  0.24s           2026-09-25T00:16:56                      10
/opt/airflow/dags/teste_python.py                                   1           0  0.23s           2026-09-25T00:16:56                      10
/opt/airflow/dags/test_container.py                                 1           0  0.21s           2026-09-25T00:16:57                      10
/opt/airflow/dags/hello_airflow.py                                  1           0  0.20s           2026-09-25T00:16:56                      10
================================================================================
[2026-09-25T00:17:51.855+0000] {manager.py:997} INFO - 
================================================================================
DAG File Processing Stats

File Path                                  PID    Runtime      # DAGs    # Errors  Last Runtime    Last Run               Last # of DB Queries
-----------------------------------------  -----  ---------  --------  ----------  --------------  -------------------  ----------------------
/opt/airflow/dags/test_container.py                                 1           0  0.47s           2026-09-25T00:17:28                      10
/opt/airflow/dags/teste_python.py                                   1           0  0.21s           2026-09-25T00:17:27                      10
/opt/airflow/dags/test_python_operator.py                           1           0  0.21s           2026-09-25T00:17:27                      10
/opt/airflow/dags/hello_airflow.py                                  1           0  0.18s           2026-09-25T00:17:27                      10
================================================================================
[2026-09-25T00:18:22.630+0000] {manager.py:997} INFO - 
================================================================================
DAG File Processing Stats

File Path                                  PID    Runtime      # DAGs    # Errors  Last Runtime    Last Run               Last # of DB Queries
-----------------------------------------  -----  ---------  --------  ----------  --------------  -------------------  ----------------------
/opt/airflow/dags/test_python_operator.py                           1           0  0.24s           2026-09-25T00:17:58                      10
/opt/airflow/dags/teste_python.py                                   1           0  0.20s           2026-09-25T00:17:58                      10
/opt/airflow/dags/test_container.py                                 1           0  0.18s           2026-09-25T00:17:59                      10
/opt/airflow/dags/hello_airflow.py                                  1           0  0.17s           2026-09-25T00:17:58                      10
================================================================================
[2026-09-25T00:18:53.362+0000] {manager.py:997} INFO - 
================================================================================
DAG File Processing Stats

File Path                                  PID    Runtime      # DAGs    # Errors  Last Runtime    Last Run               Last # of DB Queries
-----------------------------------------  -----  ---------  --------  ----------  --------------  -------------------  ----------------------
/opt/airflow/dags/test_python_operator.py                           1           0  0.21s           2026-09-25T00:18:28                      10
/opt/airflow/dags/test_container.py                                 1           0  0.19s           2026-09-25T00:18:30                      10
/opt/airflow/dags/teste_python.py                                   1           0  0.18s           2026-09-25T00:18:28                      10
/opt/airflow/dags/hello_airflow.py                                  1           0  0.16s           2026-09-25T00:18:29                      10
================================================================================
[2026-09-25T00:19:24.106+0000] {manager.py:997} INFO - 
================================================================================
DAG File Processing Stats

File Path                                  PID    Runtime      # DAGs    # Errors  Last Runtime    Last Run               Last # of DB Queries
-----------------------------------------  -----  ---------  --------  ----------  --------------  -------------------  ----------------------
/opt/airflow/dags/test_python_operator.py                           1           0  0.21s           2026-09-25T00:18:59                      10
/opt/airflow/dags/teste_python.py                                   1           0  0.21s           2026-09-25T00:18:59                      10
/opt/airflow/dags/test_container.py                                 1           0  0.19s           2026-09-25T00:19:00                      10
/opt/airflow/dags/hello_airflow.py                                  1           0  0.17s           2026-09-25T00:18:59                      10
================================================================================
[2026-09-25T00:19:54.884+0000] {manager.py:997} INFO - 
================================================================================
DAG File Processing Stats

File Path                                  PID    Runtime      # DAGs    # Errors  Last Runtime    Last Run               Last # of DB Queries
-----------------------------------------  -----  ---------  --------  ----------  --------------  -------------------  ----------------------
/opt/airflow/dags/test_python_operator.py                           1           0  0.24s           2026-09-25T00:19:30                      10
/opt/airflow/dags/teste_python.py                                   1           0  0.21s           2026-09-25T00:19:30                      10
/opt/airflow/dags/test_container.py                                 1           0  0.18s           2026-09-25T00:19:31                      10
/opt/airflow/dags/hello_airflow.py                                  1           0  0.18s           2026-09-25T00:19:30                      10
================================================================================
[2026-09-25T00:20:25.614+0000] {manager.py:997} INFO - 
================================================================================
DAG File Processing Stats

File Path                                  PID    Runtime      # DAGs    # Errors  Last Runtime    Last Run               Last # of DB Queries
-----------------------------------------  -----  ---------  --------  ----------  --------------  -------------------  ----------------------
/opt/airflow/dags/teste_python.py                                   1           0  0.19s           2026-09-25T00:20:01                      10
/opt/airflow/dags/test_python_operator.py                           1           0  0.19s           2026-09-25T00:20:01                      10
/opt/airflow/dags/test_container.py                                 1           0  0.18s           2026-09-25T00:20:02                      10
/opt/airflow/dags/hello_airflow.py                                  1           0  0.17s           2026-09-25T00:20:01                      10
================================================================================
[2026-09-25T00:20:33.101+0000] {manager.py:821} INFO - Searching for files in /opt/airflow/dags
[2026-09-25T00:20:33.172+0000] {manager.py:824} INFO - There are 4 files in /opt/airflow/dags
[2026-09-25T00:20:56.240+0000] {manager.py:997} INFO - 
================================================================================
DAG File Processing Stats

File Path                                  PID    Runtime      # DAGs    # Errors  Last Runtime    Last Run               Last # of DB Queries
-----------------------------------------  -----  ---------  --------  ----------  --------------  -------------------  ----------------------
/opt/airflow/dags/test_container.py                                 1           0  0.25s           2026-09-25T00:20:33                      10
/opt/airflow/dags/teste_python.py                                   1           0  0.21s           2026-09-25T00:20:31                      10
/opt/airflow/dags/test_python_operator.py                           1           0  0.21s           2026-09-25T00:20:31                      10
/opt/airflow/dags/hello_airflow.py                                  1           0  0.18s           2026-09-25T00:20:32                      10
================================================================================
[2026-09-25T00:21:26.499+0000] {manager.py:997} INFO - 
================================================================================
DAG File Processing Stats

File Path                                  PID    Runtime      # DAGs    # Errors  Last Runtime    Last Run               Last # of DB Queries
-----------------------------------------  -----  ---------  --------  ----------  --------------  -------------------  ----------------------
/opt/airflow/dags/teste_python.py                                   1           0  0.20s           2026-09-25T00:21:02                      10
/opt/airflow/dags/test_python_operator.py                           1           0  0.20s           2026-09-25T00:21:02                      10
/opt/airflow/dags/test_container.py                                 1           0  0.18s           2026-09-25T00:21:03                      10
/opt/airflow/dags/hello_airflow.py                                  1           0  0.18s           2026-09-25T00:21:02                      10
================================================================================
[2026-09-25T00:21:57.254+0000] {manager.py:997} INFO - 
================================================================================
DAG File Processing Stats

File Path                                  PID    Runtime      # DAGs    # Errors  Last Runtime    Last Run               Last # of DB Queries
-----------------------------------------  -----  ---------  --------  ----------  --------------  -------------------  ----------------------
/opt/airflow/dags/teste_python.py                                   1           0  0.21s           2026-09-25T00:21:32                      10
/opt/airflow/dags/test_python_operator.py                           1           0  0.21s           2026-09-25T00:21:32                      10
/opt/airflow/dags/test_container.py                                 1           0  0.18s           2026-09-25T00:21:33                      10
/opt/airflow/dags/hello_airflow.py                                  1           0  0.17s           2026-09-25T00:21:32                      10
================================================================================
[2026-09-25T00:22:28.010+0000] {manager.py:997} INFO - 
================================================================================
DAG File Processing Stats

File Path                                  PID    Runtime      # DAGs    # Errors  Last Runtime    Last Run               Last # of DB Queries
-----------------------------------------  -----  ---------  --------  ----------  --------------  -------------------  ----------------------
/opt/airflow/dags/teste_python.py                                   1           0  0.23s           2026-09-25T00:22:03                      10
/opt/airflow/dags/test_python_operator.py                           1           0  0.22s           2026-09-25T00:22:03                      10
/opt/airflow/dags/test_container.py                                 1           0  0.18s           2026-09-25T00:22:04                      10
/opt/airflow/dags/hello_airflow.py                                  1           0  0.17s           2026-09-25T00:22:03                      10
================================================================================
[2026-09-25T00:22:58.772+0000] {manager.py:997} INFO - 
================================================================================
DAG File Processing Stats

File Path                                  PID    Runtime      # DAGs    # Errors  Last Runtime    Last Run               Last # of DB Queries
-----------------------------------------  -----  ---------  --------  ----------  --------------  -------------------  ----------------------
/opt/airflow/dags/test_python_operator.py                           1           0  0.22s           2026-09-25T00:22:34                      10
/opt/airflow/dags/teste_python.py                                   1           0  0.19s           2026-09-25T00:22:34                      10
/opt/airflow/dags/test_container.py                                 1           0  0.18s           2026-09-25T00:22:35                      10
/opt/airflow/dags/hello_airflow.py                                  1           0  0.17s           2026-09-25T00:22:34                      10
================================================================================
[2026-09-25T00:23:29.623+0000] {manager.py:997} INFO - 
================================================================================
DAG File Processing Stats

File Path                                  PID    Runtime      # DAGs    # Errors  Last Runtime    Last Run               Last # of DB Queries
-----------------------------------------  -----  ---------  --------  ----------  --------------  -------------------  ----------------------
/opt/airflow/dags/teste_python.py                                   1           0  0.21s           2026-09-25T00:23:05                      10
/opt/airflow/dags/test_python_operator.py                           1           0  0.20s           2026-09-25T00:23:05                      10
/opt/airflow/dags/test_container.py                                 1           0  0.19s           2026-09-25T00:23:06                      10
/opt/airflow/dags/hello_airflow.py                                  1           0  0.19s           2026-09-25T00:23:05                      10
================================================================================
[2026-09-25T00:24:00.349+0000] {manager.py:997} INFO - 
================================================================================
DAG File Processing Stats

File Path                                  PID    Runtime      # DAGs    # Errors  Last Runtime    Last Run               Last # of DB Queries
-----------------------------------------  -----  ---------  --------  ----------  --------------  -------------------  ----------------------
/opt/airflow/dags/test_python_operator.py                           1           0  0.20s           2026-09-25T00:23:35                      10
/opt/airflow/dags/teste_python.py                                   1           0  0.20s           2026-09-25T00:23:35                      10
/opt/airflow/dags/test_container.py                                 1           0  0.17s           2026-09-25T00:23:37                      10
/opt/airflow/dags/hello_airflow.py                                  1           0  0.17s           2026-09-25T00:23:36                      10
================================================================================
[2026-09-25T00:24:31.063+0000] {manager.py:997} INFO - 
================================================================================
DAG File Processing Stats

File Path                                  PID    Runtime      # DAGs    # Errors  Last Runtime    Last Run               Last # of DB Queries
-----------------------------------------  -----  ---------  --------  ----------  --------------  -------------------  ----------------------
/opt/airflow/dags/test_python_operator.py                           1           0  0.19s           2026-09-25T00:24:06                      10
/opt/airflow/dags/teste_python.py                                   1           0  0.18s           2026-09-25T00:24:06                      10
/opt/airflow/dags/test_container.py                                 1           0  0.17s           2026-09-25T00:24:07                      10
/opt/airflow/dags/hello_airflow.py                                  1           0  0.17s           2026-09-25T00:24:06                      10
================================================================================
[2026-09-25T00:25:01.793+0000] {manager.py:997} INFO - 
================================================================================
DAG File Processing Stats

File Path                                  PID    Runtime      # DAGs    # Errors  Last Runtime    Last Run               Last # of DB Queries
-----------------------------------------  -----  ---------  --------  ----------  --------------  -------------------  ----------------------
/opt/airflow/dags/test_python_operator.py                           1           0  0.19s           2026-09-25T00:24:37                      10
/opt/airflow/dags/teste_python.py                                   1           0  0.17s           2026-09-25T00:24:37                      10
/opt/airflow/dags/test_container.py                                 1           0  0.17s           2026-09-25T00:24:38                      10
/opt/airflow/dags/hello_airflow.py                                  1           0  0.17s           2026-09-25T00:24:37                      10
================================================================================
[2026-09-25T00:25:31.930+0000] {manager.py:997} INFO - 
================================================================================
DAG File Processing Stats

File Path                                  PID    Runtime      # DAGs    # Errors  Last Runtime    Last Run               Last # of DB Queries
-----------------------------------------  -----  ---------  --------  ----------  --------------  -------------------  ----------------------
/opt/airflow/dags/test_python_operator.py                           1           0  0.25s           2026-09-25T00:25:08                      10
/opt/airflow/dags/teste_python.py                                   1           0  0.25s           2026-09-25T00:25:08                      10
/opt/airflow/dags/hello_airflow.py                                  1           0  0.22s           2026-09-25T00:25:08                      10
/opt/airflow/dags/test_container.py                                 1           0  0.21s           2026-09-25T00:25:09                      10
================================================================================
[2026-09-25T00:25:33.948+0000] {manager.py:821} INFO - Searching for files in /opt/airflow/dags
[2026-09-25T00:25:34.008+0000] {manager.py:824} INFO - There are 4 files in /opt/airflow/dags
[2026-09-25T00:26:02.845+0000] {manager.py:997} INFO - 
================================================================================
DAG File Processing Stats

File Path                                  PID    Runtime      # DAGs    # Errors  Last Runtime    Last Run               Last # of DB Queries
-----------------------------------------  -----  ---------  --------  ----------  --------------  -------------------  ----------------------
/opt/airflow/dags/test_python_operator.py                           1           0  0.22s           2026-09-25T00:25:39                      10
/opt/airflow/dags/teste_python.py                                   1           0  0.19s           2026-09-25T00:25:39                      10
/opt/airflow/dags/test_container.py                                 1           0  0.17s           2026-09-25T00:25:39                      10
/opt/airflow/dags/hello_airflow.py                                  1           0  0.16s           2026-09-25T00:25:39                      10
================================================================================
[2026-09-25T00:26:33.611+0000] {manager.py:997} INFO - 
================================================================================
DAG File Processing Stats

File Path                                  PID    Runtime      # DAGs    # Errors  Last Runtime    Last Run               Last # of DB Queries
-----------------------------------------  -----  ---------  --------  ----------  --------------  -------------------  ----------------------
/opt/airflow/dags/test_python_operator.py                           1           0  0.19s           2026-09-25T00:26:10                      10
/opt/airflow/dags/test_container.py                                 1           0  0.19s           2026-09-25T00:26:10                      10
/opt/airflow/dags/hello_airflow.py                                  1           0  0.18s           2026-09-25T00:26:10                      10
/opt/airflow/dags/teste_python.py                                   1           0  0.16s           2026-09-25T00:26:10                      10
================================================================================
[2026-09-25T00:27:03.700+0000] {manager.py:997} INFO - 
================================================================================
DAG File Processing Stats

File Path                                  PID    Runtime      # DAGs    # Errors  Last Runtime    Last Run               Last # of DB Queries
-----------------------------------------  -----  ---------  --------  ----------  --------------  -------------------  ----------------------
/opt/airflow/dags/test_python_operator.py                           1           0  0.28s           2026-09-25T00:26:41                      10
/opt/airflow/dags/test_container.py                                 1           0  0.27s           2026-09-25T00:26:41                      10
/opt/airflow/dags/hello_airflow.py                                  1           0  0.17s           2026-09-25T00:26:41                      10
/opt/airflow/dags/teste_python.py                                   1           0  0.17s           2026-09-25T00:26:41                      10
================================================================================
[2026-09-25T00:27:34.191+0000] {manager.py:997} INFO - 
================================================================================
DAG File Processing Stats

File Path                                  PID    Runtime      # DAGs    # Errors  Last Runtime    Last Run               Last # of DB Queries
-----------------------------------------  -----  ---------  --------  ----------  --------------  -------------------  ----------------------
/opt/airflow/dags/test_python_operator.py                           1           0  0.18s           2026-09-25T00:27:11                      10
/opt/airflow/dags/test_container.py                                 1           0  0.18s           2026-09-25T00:27:11                      10
/opt/airflow/dags/hello_airflow.py                                  1           0  0.18s           2026-09-25T00:27:12                      10
/opt/airflow/dags/teste_python.py                                   1           0  0.17s           2026-09-25T00:27:11                      10
================================================================================
[2026-09-25T00:28:04.923+0000] {manager.py:997} INFO - 
================================================================================
DAG File Processing Stats

File Path                                  PID    Runtime      # DAGs    # Errors  Last Runtime    Last Run               Last # of DB Queries
-----------------------------------------  -----  ---------  --------  ----------  --------------  -------------------  ----------------------
/opt/airflow/dags/test_python_operator.py                           1           0  0.19s           2026-09-25T00:27:42                      10
/opt/airflow/dags/test_container.py                                 1           0  0.19s           2026-09-25T00:27:42                      10
/opt/airflow/dags/teste_python.py                                   1           0  0.17s           2026-09-25T00:27:42                      10
/opt/airflow/dags/hello_airflow.py                                  1           0  0.16s           2026-09-25T00:27:42                      10
================================================================================
[2026-09-25T00:28:35.041+0000] {manager.py:997} INFO - 
================================================================================
DAG File Processing Stats

File Path                                  PID    Runtime      # DAGs    # Errors  Last Runtime    Last Run               Last # of DB Queries
-----------------------------------------  -----  ---------  --------  ----------  --------------  -------------------  ----------------------
/opt/airflow/dags/test_python_operator.py                           1           0  0.20s           2026-09-25T00:28:13                      10
/opt/airflow/dags/test_container.py                                 1           0  0.20s           2026-09-25T00:28:13                      10
/opt/airflow/dags/hello_airflow.py                                  1           0  0.18s           2026-09-25T00:28:13                      10
/opt/airflow/dags/teste_python.py                                   1           0  0.17s           2026-09-25T00:28:13                      10
================================================================================
[2026-09-25T00:29:05.632+0000] {manager.py:997} INFO - 
================================================================================
DAG File Processing Stats

File Path                                  PID    Runtime      # DAGs    # Errors  Last Runtime    Last Run               Last # of DB Queries
-----------------------------------------  -----  ---------  --------  ----------  --------------  -------------------  ----------------------
/opt/airflow/dags/test_python_operator.py                           1           0  0.20s           2026-09-25T00:28:44                      10
/opt/airflow/dags/test_container.py                                 1           0  0.19s           2026-09-25T00:28:44                      10
/opt/airflow/dags/teste_python.py                                   1           0  0.18s           2026-09-25T00:28:44                      10
/opt/airflow/dags/hello_airflow.py                                  1           0  0.18s           2026-09-25T00:28:44                      10
================================================================================
[2026-09-25T00:29:35.674+0000] {manager.py:997} INFO - 
================================================================================
DAG File Processing Stats

File Path                                  PID    Runtime      # DAGs    # Errors  Last Runtime    Last Run               Last # of DB Queries
-----------------------------------------  -----  ---------  --------  ----------  --------------  -------------------  ----------------------
/opt/airflow/dags/test_python_operator.py                           1           0  0.22s           2026-09-25T00:29:15                      10
/opt/airflow/dags/test_container.py                                 1           0  0.22s           2026-09-25T00:29:15                      10
/opt/airflow/dags/hello_airflow.py                                  1           0  0.18s           2026-09-25T00:29:15                      10
/opt/airflow/dags/teste_python.py                                   1           0  0.18s           2026-09-25T00:29:15                      10
================================================================================
[2026-09-25T00:30:06.020+0000] {manager.py:997} INFO - 
================================================================================
DAG File Processing Stats

File Path                                  PID    Runtime      # DAGs    # Errors  Last Runtime    Last Run               Last # of DB Queries
-----------------------------------------  -----  ---------  --------  ----------  --------------  -------------------  ----------------------
/opt/airflow/dags/teste_python.py                                   1           0  0.41s           2026-09-25T00:29:46                      10
/opt/airflow/dags/test_python_operator.py                           1           0  0.26s           2026-09-25T00:29:46                      10
/opt/airflow/dags/test_container.py                                 1           0  0.26s           2026-09-25T00:29:46                      10
/opt/airflow/dags/hello_airflow.py                                  1           0  0.22s           2026-09-25T00:29:46                      10
================================================================================
[2026-09-25T00:30:34.283+0000] {manager.py:821} INFO - Searching for files in /opt/airflow/dags
[2026-09-25T00:30:34.341+0000] {manager.py:824} INFO - There are 4 files in /opt/airflow/dags
[2026-09-25T00:30:36.384+0000] {manager.py:997} INFO - 
================================================================================
DAG File Processing Stats

File Path                                  PID    Runtime      # DAGs    # Errors  Last Runtime    Last Run               Last # of DB Queries
-----------------------------------------  -----  ---------  --------  ----------  --------------  -------------------  ----------------------
/opt/airflow/dags/teste_python.py                                   1           0  0.48s           2026-09-25T00:30:17                      10
/opt/airflow/dags/hello_airflow.py                                  1           0  0.37s           2026-09-25T00:30:17                      10
/opt/airflow/dags/test_python_operator.py                           1           0  0.19s           2026-09-25T00:30:16                      10
/opt/airflow/dags/test_container.py                                 1           0  0.19s           2026-09-25T00:30:16                      10
================================================================================
[2026-09-25T00:31:07.275+0000] {manager.py:997} INFO - 
================================================================================
DAG File Processing Stats

File Path                                  PID    Runtime      # DAGs    # Errors  Last Runtime    Last Run               Last # of DB Queries
-----------------------------------------  -----  ---------  --------  ----------  --------------  -------------------  ----------------------
/opt/airflow/dags/teste_python.py                                   1           0  0.29s           2026-09-25T00:30:49                      10
/opt/airflow/dags/hello_airflow.py                                  1           0  0.28s           2026-09-25T00:30:49                      10
/opt/airflow/dags/test_container.py                                 1           0  0.20s           2026-09-25T00:30:46                      10
/opt/airflow/dags/test_python_operator.py                           1           0  0.19s           2026-09-25T00:30:46                      10
================================================================================
[2026-09-25T00:31:37.864+0000] {manager.py:997} INFO - 
================================================================================
DAG File Processing Stats

File Path                                  PID    Runtime      # DAGs    # Errors  Last Runtime    Last Run               Last # of DB Queries
-----------------------------------------  -----  ---------  --------  ----------  --------------  -------------------  ----------------------
/opt/airflow/dags/teste_python.py                                   1           0  0.30s           2026-09-25T00:31:19                      10
/opt/airflow/dags/hello_airflow.py                                  1           0  0.21s           2026-09-25T00:31:19                      10
/opt/airflow/dags/test_container.py                                 1           0  0.20s           2026-09-25T00:31:17                      10
/opt/airflow/dags/test_python_operator.py                           1           0  0.19s           2026-09-25T00:31:17                      10
================================================================================
[2026-09-25T00:32:08.606+0000] {manager.py:997} INFO - 
================================================================================
DAG File Processing Stats

File Path                                  PID    Runtime      # DAGs    # Errors  Last Runtime    Last Run               Last # of DB Queries
-----------------------------------------  -----  ---------  --------  ----------  --------------  -------------------  ----------------------
/opt/airflow/dags/test_container.py                                 1           0  0.20s           2026-09-25T00:31:48                      10
/opt/airflow/dags/test_python_operator.py                           1           0  0.20s           2026-09-25T00:31:48                      10
/opt/airflow/dags/teste_python.py                                   1           0  0.20s           2026-09-25T00:31:50                      10
/opt/airflow/dags/hello_airflow.py                                  1           0  0.19s           2026-09-25T00:31:50                      10
================================================================================
[2026-09-25T00:32:39.336+0000] {manager.py:997} INFO - 
================================================================================
DAG File Processing Stats

File Path                                  PID    Runtime      # DAGs    # Errors  Last Runtime    Last Run               Last # of DB Queries
-----------------------------------------  -----  ---------  --------  ----------  --------------  -------------------  ----------------------
/opt/airflow/dags/teste_python.py                                   1           0  0.20s           2026-09-25T00:32:21                      10
/opt/airflow/dags/hello_airflow.py                                  1           0  0.20s           2026-09-25T00:32:21                      10
/opt/airflow/dags/test_container.py                                 1           0  0.19s           2026-09-25T00:32:18                      10
/opt/airflow/dags/test_python_operator.py                           1           0  0.18s           2026-09-25T00:32:18                      10
================================================================================
[2026-09-25T00:33:09.903+0000] {manager.py:997} INFO - 
================================================================================
DAG File Processing Stats

File Path                                  PID    Runtime      # DAGs    # Errors  Last Runtime    Last Run               Last # of DB Queries
-----------------------------------------  -----  ---------  --------  ----------  --------------  -------------------  ----------------------
/opt/airflow/dags/test_container.py                                 1           0  0.20s           2026-09-25T00:32:49                      10
/opt/airflow/dags/teste_python.py                                   1           0  0.19s           2026-09-25T00:32:51                      10
/opt/airflow/dags/test_python_operator.py                           1           0  0.19s           2026-09-25T00:32:49                      10
/opt/airflow/dags/hello_airflow.py                                  1           0  0.19s           2026-09-25T00:32:51                      10
================================================================================
[2026-09-25T00:33:40.565+0000] {manager.py:997} INFO - 
================================================================================
DAG File Processing Stats

File Path                                  PID    Runtime      # DAGs    # Errors  Last Runtime    Last Run               Last # of DB Queries
-----------------------------------------  -----  ---------  --------  ----------  --------------  -------------------  ----------------------
/opt/airflow/dags/teste_python.py                                   1           0  0.31s           2026-09-25T00:33:22                      10
/opt/airflow/dags/hello_airflow.py                                  1           0  0.29s           2026-09-25T00:33:22                      10
/opt/airflow/dags/test_container.py                                 1           0  0.21s           2026-09-25T00:33:20                      10
/opt/airflow/dags/test_python_operator.py                           1           0  0.20s           2026-09-25T00:33:20                      10
================================================================================
[2026-09-25T00:34:11.424+0000] {manager.py:997} INFO - 
================================================================================
DAG File Processing Stats

File Path                                  PID    Runtime      # DAGs    # Errors  Last Runtime    Last Run               Last # of DB Queries
-----------------------------------------  -----  ---------  --------  ----------  --------------  -------------------  ----------------------
/opt/airflow/dags/teste_python.py                                   1           0  0.25s           2026-09-25T00:33:53                      10
/opt/airflow/dags/hello_airflow.py                                  1           0  0.22s           2026-09-25T00:33:53                      10
/opt/airflow/dags/test_container.py                                 1           0  0.19s           2026-09-25T00:33:50                      10
/opt/airflow/dags/test_python_operator.py                           1           0  0.18s           2026-09-25T00:33:50                      10
================================================================================
[2026-09-25T00:34:42.241+0000] {manager.py:997} INFO - 
================================================================================
DAG File Processing Stats

File Path                                  PID    Runtime      # DAGs    # Errors  Last Runtime    Last Run               Last # of DB Queries
-----------------------------------------  -----  ---------  --------  ----------  --------------  -------------------  ----------------------
/opt/airflow/dags/teste_python.py                                   1           0  0.23s           2026-09-25T00:34:24                      10
/opt/airflow/dags/hello_airflow.py                                  1           0  0.22s           2026-09-25T00:34:24                      10
/opt/airflow/dags/test_container.py                                 1           0  0.19s           2026-09-25T00:34:21                      10
/opt/airflow/dags/test_python_operator.py                           1           0  0.18s           2026-09-25T00:34:21                      10
================================================================================
[2026-09-25T00:35:12.504+0000] {manager.py:997} INFO - 
================================================================================
DAG File Processing Stats

File Path                                  PID    Runtime      # DAGs    # Errors  Last Runtime    Last Run               Last # of DB Queries
-----------------------------------------  -----  ---------  --------  ----------  --------------  -------------------  ----------------------
/opt/airflow/dags/test_container.py                                 1           0  0.26s           2026-09-25T00:34:52                      10
/opt/airflow/dags/test_python_operator.py                           1           0  0.25s           2026-09-25T00:34:52                      10
/opt/airflow/dags/teste_python.py                                   1           0  0.20s           2026-09-25T00:34:55                      10
/opt/airflow/dags/hello_airflow.py                                  1           0  0.19s           2026-09-25T00:34:55                      10
================================================================================
[2026-09-25T00:35:35.052+0000] {manager.py:821} INFO - Searching for files in /opt/airflow/dags
[2026-09-25T00:35:35.112+0000] {manager.py:824} INFO - There are 4 files in /opt/airflow/dags
[2026-09-25T00:35:43.216+0000] {manager.py:997} INFO - 
================================================================================
DAG File Processing Stats

File Path                                  PID    Runtime      # DAGs    # Errors  Last Runtime    Last Run               Last # of DB Queries
-----------------------------------------  -----  ---------  --------  ----------  --------------  -------------------  ----------------------
/opt/airflow/dags/teste_python.py                                   1           0  0.23s           2026-09-25T00:35:26                      10
/opt/airflow/dags/hello_airflow.py                                  1           0  0.21s           2026-09-25T00:35:26                      10
/opt/airflow/dags/test_python_operator.py                           1           0  0.18s           2026-09-25T00:35:22                      10
/opt/airflow/dags/test_container.py                                 1           0  0.18s           2026-09-25T00:35:22                      10
================================================================================
[2026-09-25T00:36:13.818+0000] {manager.py:997} INFO - 
================================================================================
DAG File Processing Stats

File Path                                  PID    Runtime      # DAGs    # Errors  Last Runtime    Last Run               Last # of DB Queries
-----------------------------------------  -----  ---------  --------  ----------  --------------  -------------------  ----------------------
/opt/airflow/dags/teste_python.py                                   1           0  0.24s           2026-09-25T00:35:56                      10
/opt/airflow/dags/hello_airflow.py                                  1           0  0.21s           2026-09-25T00:35:56                      10
/opt/airflow/dags/test_container.py                                 1           0  0.20s           2026-09-25T00:35:53                      10
/opt/airflow/dags/test_python_operator.py                           1           0  0.19s           2026-09-25T00:35:53                      10
================================================================================
[2026-09-25T00:36:44.774+0000] {manager.py:997} INFO - 
================================================================================
DAG File Processing Stats

File Path                                  PID    Runtime      # DAGs    # Errors  Last Runtime    Last Run               Last # of DB Queries
-----------------------------------------  -----  ---------  --------  ----------  --------------  -------------------  ----------------------
/opt/airflow/dags/test_container.py                                 1           0  0.23s           2026-09-25T00:36:24                      10
/opt/airflow/dags/test_python_operator.py                           1           0  0.22s           2026-09-25T00:36:24                      10
/opt/airflow/dags/teste_python.py                                   1           0  0.21s           2026-09-25T00:36:27                      10
/opt/airflow/dags/hello_airflow.py                                  1           0  0.21s           2026-09-25T00:36:27                      10
================================================================================
[2026-09-25T00:37:15.328+0000] {manager.py:997} INFO - 
================================================================================
DAG File Processing Stats

File Path                                  PID    Runtime      # DAGs    # Errors  Last Runtime    Last Run               Last # of DB Queries
-----------------------------------------  -----  ---------  --------  ----------  --------------  -------------------  ----------------------
/opt/airflow/dags/teste_python.py                                   1           0  0.22s           2026-09-25T00:36:58                      10
/opt/airflow/dags/hello_airflow.py                                  1           0  0.21s           2026-09-25T00:36:58                      10
/opt/airflow/dags/test_container.py                                 1           0  0.19s           2026-09-25T00:36:55                      10
/opt/airflow/dags/test_python_operator.py                           1           0  0.19s           2026-09-25T00:36:55                      10
================================================================================
[2026-09-25T00:37:46.048+0000] {manager.py:997} INFO - 
================================================================================
DAG File Processing Stats

File Path                                  PID    Runtime      # DAGs    # Errors  Last Runtime    Last Run               Last # of DB Queries
-----------------------------------------  -----  ---------  --------  ----------  --------------  -------------------  ----------------------
/opt/airflow/dags/test_container.py                                 1           0  0.23s           2026-09-25T00:37:25                      10
/opt/airflow/dags/test_python_operator.py                           1           0  0.22s           2026-09-25T00:37:25                      10
/opt/airflow/dags/teste_python.py                                   1           0  0.20s           2026-09-25T00:37:28                      10
/opt/airflow/dags/hello_airflow.py                                  1           0  0.20s           2026-09-25T00:37:29                      10
================================================================================
[2026-09-25T00:38:16.798+0000] {manager.py:997} INFO - 
================================================================================
DAG File Processing Stats

File Path                                  PID    Runtime      # DAGs    # Errors  Last Runtime    Last Run               Last # of DB Queries
-----------------------------------------  -----  ---------  --------  ----------  --------------  -------------------  ----------------------
/opt/airflow/dags/test_container.py                                 1           0  0.20s           2026-09-25T00:37:56                      10
/opt/airflow/dags/test_python_operator.py                           1           0  0.19s           2026-09-25T00:37:56                      10
/opt/airflow/dags/teste_python.py                                   1           0  0.19s           2026-09-25T00:37:59                      10
/opt/airflow/dags/hello_airflow.py                                  1           0  0.19s           2026-09-25T00:37:59                      10
================================================================================
[2026-09-25T00:38:47.536+0000] {manager.py:997} INFO - 
================================================================================
DAG File Processing Stats

File Path                                  PID    Runtime      # DAGs    # Errors  Last Runtime    Last Run               Last # of DB Queries
-----------------------------------------  -----  ---------  --------  ----------  --------------  -------------------  ----------------------
/opt/airflow/dags/test_python_operator.py                           1           0  0.22s           2026-09-25T00:38:27                      10
/opt/airflow/dags/test_container.py                                 1           0  0.22s           2026-09-25T00:38:27                      10
/opt/airflow/dags/teste_python.py                                   1           0  0.20s           2026-09-25T00:38:30                      10
/opt/airflow/dags/hello_airflow.py                                  1           0  0.19s           2026-09-25T00:38:30                      10
================================================================================
[2026-09-25T00:39:17.824+0000] {manager.py:997} INFO - 
================================================================================
DAG File Processing Stats

File Path                                  PID    Runtime      # DAGs    # Errors  Last Runtime    Last Run               Last # of DB Queries
-----------------------------------------  -----  ---------  --------  ----------  --------------  -------------------  ----------------------
/opt/airflow/dags/hello_airflow.py                                  1           0  0.45s           2026-09-25T00:39:01                      10
/opt/airflow/dags/teste_python.py                                   1           0  0.37s           2026-09-25T00:39:01                      10
/opt/airflow/dags/test_container.py                                 1           0  0.20s           2026-09-25T00:38:58                      10
/opt/airflow/dags/test_python_operator.py                           1           0  0.20s           2026-09-25T00:38:58                      10
================================================================================
[2026-09-25T00:39:48.569+0000] {manager.py:997} INFO - 
================================================================================
DAG File Processing Stats

File Path                                  PID    Runtime      # DAGs    # Errors  Last Runtime    Last Run               Last # of DB Queries
-----------------------------------------  -----  ---------  --------  ----------  --------------  -------------------  ----------------------
/opt/airflow/dags/test_container.py                                 1           0  0.21s           2026-09-25T00:39:28                      10
/opt/airflow/dags/test_python_operator.py                           1           0  0.21s           2026-09-25T00:39:28                      10
/opt/airflow/dags/teste_python.py                                   1           0  0.21s           2026-09-25T00:39:32                      10
/opt/airflow/dags/hello_airflow.py                                  1           0  0.20s           2026-09-25T00:39:32                      10
================================================================================
[2026-09-25T00:40:19.287+0000] {manager.py:997} INFO - 
================================================================================
DAG File Processing Stats

File Path                                  PID    Runtime      # DAGs    # Errors  Last Runtime    Last Run               Last # of DB Queries
-----------------------------------------  -----  ---------  --------  ----------  --------------  -------------------  ----------------------
/opt/airflow/dags/test_container.py                                 1           0  0.27s           2026-09-25T00:39:59                      10
/opt/airflow/dags/test_python_operator.py                           1           0  0.25s           2026-09-25T00:39:59                      10
/opt/airflow/dags/teste_python.py                                   1           0  0.19s           2026-09-25T00:40:03                      10
/opt/airflow/dags/hello_airflow.py                                  1           0  0.17s           2026-09-25T00:40:03                      10
================================================================================
[2026-09-25T00:40:35.728+0000] {manager.py:821} INFO - Searching for files in /opt/airflow/dags
[2026-09-25T00:40:35.787+0000] {manager.py:824} INFO - There are 4 files in /opt/airflow/dags
[2026-09-25T00:40:50.028+0000] {manager.py:997} INFO - 
================================================================================
DAG File Processing Stats

File Path                                  PID    Runtime      # DAGs    # Errors  Last Runtime    Last Run               Last # of DB Queries
-----------------------------------------  -----  ---------  --------  ----------  --------------  -------------------  ----------------------
/opt/airflow/dags/teste_python.py                                   1           0  0.35s           2026-09-25T00:40:33                      10
/opt/airflow/dags/hello_airflow.py                                  1           0  0.32s           2026-09-25T00:40:33                      10
/opt/airflow/dags/test_container.py                                 1           0  0.19s           2026-09-25T00:40:29                      10
/opt/airflow/dags/test_python_operator.py                           1           0  0.18s           2026-09-25T00:40:29                      10
================================================================================
[2026-09-25T00:41:20.619+0000] {manager.py:997} INFO - 
================================================================================
DAG File Processing Stats

File Path                                  PID    Runtime      # DAGs    # Errors  Last Runtime    Last Run               Last # of DB Queries
-----------------------------------------  -----  ---------  --------  ----------  --------------  -------------------  ----------------------
/opt/airflow/dags/teste_python.py                                   1           0  0.20s           2026-09-25T00:41:04                      10
/opt/airflow/dags/test_container.py                                 1           0  0.19s           2026-09-25T00:41:00                      10
/opt/airflow/dags/hello_airflow.py                                  1           0  0.19s           2026-09-25T00:41:04                      10
/opt/airflow/dags/test_python_operator.py                           1           0  0.19s           2026-09-25T00:41:00                      10
================================================================================
[2026-09-25T00:41:50.879+0000] {manager.py:997} INFO - 
================================================================================
DAG File Processing Stats

File Path                                  PID    Runtime      # DAGs    # Errors  Last Runtime    Last Run               Last # of DB Queries
-----------------------------------------  -----  ---------  --------  ----------  --------------  -------------------  ----------------------
/opt/airflow/dags/teste_python.py                                   1           0  0.35s           2026-09-25T00:41:35                      10
/opt/airflow/dags/hello_airflow.py                                  1           0  0.32s           2026-09-25T00:41:35                      10
/opt/airflow/dags/test_python_operator.py                           1           0  0.19s           2026-09-25T00:41:30                      10
/opt/airflow/dags/test_container.py                                 1           0  0.18s           2026-09-25T00:41:30                      10
================================================================================
[2026-09-25T00:42:20.995+0000] {manager.py:997} INFO - 
================================================================================
DAG File Processing Stats

File Path                                  PID    Runtime      # DAGs    # Errors  Last Runtime    Last Run               Last # of DB Queries
-----------------------------------------  -----  ---------  --------  ----------  --------------  -------------------  ----------------------
/opt/airflow/dags/hello_airflow.py                                  1           0  0.38s           2026-09-25T00:42:05                      10
/opt/airflow/dags/teste_python.py                                   1           0  0.25s           2026-09-25T00:42:05                      10
/opt/airflow/dags/test_python_operator.py                           1           0  0.20s           2026-09-25T00:42:01                      10
/opt/airflow/dags/test_container.py                                 1           0  0.20s           2026-09-25T00:42:01                      10
================================================================================
[2026-09-25T00:42:51.786+0000] {manager.py:997} INFO - 
================================================================================
DAG File Processing Stats

File Path                                  PID    Runtime      # DAGs    # Errors  Last Runtime    Last Run               Last # of DB Queries
-----------------------------------------  -----  ---------  --------  ----------  --------------  -------------------  ----------------------
/opt/airflow/dags/hello_airflow.py                                  1           0  0.40s           2026-09-25T00:42:36                      10
/opt/airflow/dags/teste_python.py                                   1           0  0.38s           2026-09-25T00:42:36                      10
/opt/airflow/dags/test_container.py                                 1           0  0.24s           2026-09-25T00:42:32                      10
/opt/airflow/dags/test_python_operator.py                           1           0  0.20s           2026-09-25T00:42:32                      10
================================================================================
[2026-09-25T00:43:22.565+0000] {manager.py:997} INFO - 
================================================================================
DAG File Processing Stats

File Path                                  PID    Runtime      # DAGs    # Errors  Last Runtime    Last Run               Last # of DB Queries
-----------------------------------------  -----  ---------  --------  ----------  --------------  -------------------  ----------------------
/opt/airflow/dags/teste_python.py                                   1           0  0.27s           2026-09-25T00:43:07                      10
/opt/airflow/dags/hello_airflow.py                                  1           0  0.26s           2026-09-25T00:43:07                      10
/opt/airflow/dags/test_container.py                                 1           0  0.21s           2026-09-25T00:43:03                      10
/opt/airflow/dags/test_python_operator.py                           1           0  0.18s           2026-09-25T00:43:03                      10
================================================================================
[2026-09-25T00:43:52.577+0000] {manager.py:997} INFO - 
================================================================================
DAG File Processing Stats

File Path                                  PID    Runtime      # DAGs    # Errors  Last Runtime    Last Run               Last # of DB Queries
-----------------------------------------  -----  ---------  --------  ----------  --------------  -------------------  ----------------------
/opt/airflow/dags/hello_airflow.py                                  1           0  0.26s           2026-09-25T00:43:38                      10
/opt/airflow/dags/teste_python.py                                   1           0  0.26s           2026-09-25T00:43:38                      10
/opt/airflow/dags/test_python_operator.py                           1           0  0.19s           2026-09-25T00:43:34                      10
/opt/airflow/dags/test_container.py                                 1           0  0.18s           2026-09-25T00:43:34                      10
================================================================================
[2026-09-25T00:44:23.203+0000] {manager.py:997} INFO - 
================================================================================
DAG File Processing Stats

File Path                                  PID    Runtime      # DAGs    # Errors  Last Runtime    Last Run               Last # of DB Queries
-----------------------------------------  -----  ---------  --------  ----------  --------------  -------------------  ----------------------
/opt/airflow/dags/teste_python.py                                   1           0  0.26s           2026-09-25T00:44:09                      10
/opt/airflow/dags/hello_airflow.py                                  1           0  0.22s           2026-09-25T00:44:09                      10
/opt/airflow/dags/test_container.py                                 1           0  0.19s           2026-09-25T00:44:04                      10
/opt/airflow/dags/test_python_operator.py                           1           0  0.19s           2026-09-25T00:44:04                      10
================================================================================
[2026-09-25T00:44:53.776+0000] {manager.py:997} INFO - 
================================================================================
DAG File Processing Stats

File Path                                  PID    Runtime      # DAGs    # Errors  Last Runtime    Last Run               Last # of DB Queries
-----------------------------------------  -----  ---------  --------  ----------  --------------  -------------------  ----------------------
/opt/airflow/dags/test_container.py                                 1           0  0.19s           2026-09-25T00:44:35                      10
/opt/airflow/dags/teste_python.py                                   1           0  0.19s           2026-09-25T00:44:39                      10
/opt/airflow/dags/test_python_operator.py                           1           0  0.18s           2026-09-25T00:44:35                      10
/opt/airflow/dags/hello_airflow.py                                  1           0  0.18s           2026-09-25T00:44:39                      10
================================================================================
[2026-09-25T00:45:24.333+0000] {manager.py:997} INFO - 
================================================================================
DAG File Processing Stats

File Path                                  PID    Runtime      # DAGs    # Errors  Last Runtime    Last Run               Last # of DB Queries
-----------------------------------------  -----  ---------  --------  ----------  --------------  -------------------  ----------------------
/opt/airflow/dags/test_container.py                                 1           0  0.41s           2026-09-25T00:45:06                      10
/opt/airflow/dags/test_python_operator.py                           1           0  0.40s           2026-09-25T00:45:06                      10
/opt/airflow/dags/teste_python.py                                   1           0  0.29s           2026-09-25T00:45:10                      10
/opt/airflow/dags/hello_airflow.py                                  1           0  0.28s           2026-09-25T00:45:10                      10
================================================================================
[2026-09-25T00:45:36.470+0000] {manager.py:821} INFO - Searching for files in /opt/airflow/dags
[2026-09-25T00:45:36.540+0000] {manager.py:824} INFO - There are 4 files in /opt/airflow/dags
[2026-09-25T00:45:54.767+0000] {manager.py:997} INFO - 
================================================================================
DAG File Processing Stats

File Path                                  PID    Runtime      # DAGs    # Errors  Last Runtime    Last Run               Last # of DB Queries
-----------------------------------------  -----  ---------  --------  ----------  --------------  -------------------  ----------------------
/opt/airflow/dags/test_container.py                                 1           0  0.70s           2026-09-25T00:45:37                      10
/opt/airflow/dags/test_python_operator.py                           1           0  0.39s           2026-09-25T00:45:37                      10
/opt/airflow/dags/teste_python.py                                   1           0  0.33s           2026-09-25T00:45:41                      10
/opt/airflow/dags/hello_airflow.py                                  1           0  0.31s           2026-09-25T00:45:41                      10
================================================================================
[2026-09-25T00:46:24.978+0000] {manager.py:997} INFO - 
================================================================================
DAG File Processing Stats

File Path                                  PID    Runtime      # DAGs    # Errors  Last Runtime    Last Run               Last # of DB Queries
-----------------------------------------  -----  ---------  --------  ----------  --------------  -------------------  ----------------------
/opt/airflow/dags/teste_python.py                                   1           0  0.51s           2026-09-25T00:46:12                      10
/opt/airflow/dags/hello_airflow.py                                  1           0  0.40s           2026-09-25T00:46:12                      10
/opt/airflow/dags/test_container.py                                 1           0  0.20s           2026-09-25T00:46:07                      10
/opt/airflow/dags/test_python_operator.py                           1           0  0.19s           2026-09-25T00:46:07                      10
================================================================================
[2026-09-25T00:46:55.725+0000] {manager.py:997} INFO - 
================================================================================
DAG File Processing Stats

File Path                                  PID    Runtime      # DAGs    # Errors  Last Runtime    Last Run               Last # of DB Queries
-----------------------------------------  -----  ---------  --------  ----------  --------------  -------------------  ----------------------
/opt/airflow/dags/teste_python.py                                   1           0  0.24s           2026-09-25T00:46:43                      10
/opt/airflow/dags/hello_airflow.py                                  1           0  0.23s           2026-09-25T00:46:43                      10
/opt/airflow/dags/test_python_operator.py                           1           0  0.21s           2026-09-25T00:46:37                      10
/opt/airflow/dags/test_container.py                                 1           0  0.20s           2026-09-25T00:46:37                      10
================================================================================
[2026-09-25T00:47:25.789+0000] {manager.py:997} INFO - 
================================================================================
DAG File Processing Stats

File Path                                  PID    Runtime      # DAGs    # Errors  Last Runtime    Last Run               Last # of DB Queries
-----------------------------------------  -----  ---------  --------  ----------  --------------  -------------------  ----------------------
/opt/airflow/dags/test_container.py                                 1           0  0.31s           2026-09-25T00:47:08                      10
/opt/airflow/dags/test_python_operator.py                           1           0  0.28s           2026-09-25T00:47:08                      10
/opt/airflow/dags/teste_python.py                                   1           0  0.19s           2026-09-25T00:47:13                      10
/opt/airflow/dags/hello_airflow.py                                  1           0  0.19s           2026-09-25T00:47:13                      10
================================================================================
[2026-09-25T00:47:56.599+0000] {manager.py:997} INFO - 
================================================================================
DAG File Processing Stats

File Path                                  PID    Runtime      # DAGs    # Errors  Last Runtime    Last Run               Last # of DB Queries
-----------------------------------------  -----  ---------  --------  ----------  --------------  -------------------  ----------------------
/opt/airflow/dags/teste_python.py                                   1           0  0.19s           2026-09-25T00:47:44                      10
/opt/airflow/dags/test_container.py                                 1           0  0.19s           2026-09-25T00:47:39                      10
/opt/airflow/dags/hello_airflow.py                                  1           0  0.19s           2026-09-25T00:47:44                      10
/opt/airflow/dags/test_python_operator.py                           1           0  0.18s           2026-09-25T00:47:39                      10
================================================================================
[2026-09-25T00:48:27.319+0000] {manager.py:997} INFO - 
================================================================================
DAG File Processing Stats

File Path                                  PID    Runtime      # DAGs    # Errors  Last Runtime    Last Run               Last # of DB Queries
-----------------------------------------  -----  ---------  --------  ----------  --------------  -------------------  ----------------------
/opt/airflow/dags/teste_python.py                                   1           0  0.24s           2026-09-25T00:48:15                      10
/opt/airflow/dags/test_container.py                                 1           0  0.24s           2026-09-25T00:48:10                      10
/opt/airflow/dags/hello_airflow.py                                  1           0  0.23s           2026-09-25T00:48:15                      10
/opt/airflow/dags/test_python_operator.py                           1           0  0.21s           2026-09-25T00:48:10                      10
================================================================================
[2026-09-25T00:48:57.970+0000] {manager.py:997} INFO - 
================================================================================
DAG File Processing Stats

File Path                                  PID    Runtime      # DAGs    # Errors  Last Runtime    Last Run               Last # of DB Queries
-----------------------------------------  -----  ---------  --------  ----------  --------------  -------------------  ----------------------
/opt/airflow/dags/teste_python.py                                   1           0  0.30s           2026-09-25T00:48:45                      10
/opt/airflow/dags/hello_airflow.py                                  1           0  0.27s           2026-09-25T00:48:45                      10
/opt/airflow/dags/test_container.py                                 1           0  0.21s           2026-09-25T00:48:40                      10
/opt/airflow/dags/test_python_operator.py                           1           0  0.18s           2026-09-25T00:48:40                      10
================================================================================
[2026-09-25T00:49:28.666+0000] {manager.py:997} INFO - 
================================================================================
DAG File Processing Stats

File Path                                  PID    Runtime      # DAGs    # Errors  Last Runtime    Last Run               Last # of DB Queries
-----------------------------------------  -----  ---------  --------  ----------  --------------  -------------------  ----------------------
/opt/airflow/dags/teste_python.py                                   1           0  0.28s           2026-09-25T00:49:16                      10
/opt/airflow/dags/hello_airflow.py                                  1           0  0.27s           2026-09-25T00:49:16                      10
/opt/airflow/dags/test_container.py                                 1           0  0.21s           2026-09-25T00:49:11                      10
/opt/airflow/dags/test_python_operator.py                           1           0  0.20s           2026-09-25T00:49:11                      10
================================================================================
[2026-09-25T00:49:59.425+0000] {manager.py:997} INFO - 
================================================================================
DAG File Processing Stats

File Path                                  PID    Runtime      # DAGs    # Errors  Last Runtime    Last Run               Last # of DB Queries
-----------------------------------------  -----  ---------  --------  ----------  --------------  -------------------  ----------------------
/opt/airflow/dags/test_container.py                                 1           0  0.27s           2026-09-25T00:49:42                      10
/opt/airflow/dags/test_python_operator.py                           1           0  0.26s           2026-09-25T00:49:42                      10
/opt/airflow/dags/teste_python.py                                   1           0  0.25s           2026-09-25T00:49:47                      10
/opt/airflow/dags/hello_airflow.py                                  1           0  0.24s           2026-09-25T00:49:47                      10
================================================================================
[2026-09-25T00:50:29.681+0000] {manager.py:997} INFO - 
================================================================================
DAG File Processing Stats

File Path                                  PID    Runtime      # DAGs    # Errors  Last Runtime    Last Run               Last # of DB Queries
-----------------------------------------  -----  ---------  --------  ----------  --------------  -------------------  ----------------------
/opt/airflow/dags/teste_python.py                                   1           0  0.71s           2026-09-25T00:50:18                      10
/opt/airflow/dags/hello_airflow.py                                  1           0  0.69s           2026-09-25T00:50:18                      10
/opt/airflow/dags/test_container.py                                 1           0  0.24s           2026-09-25T00:50:12                      10
/opt/airflow/dags/test_python_operator.py                           1           0  0.23s           2026-09-25T00:50:12                      10
================================================================================
[2026-09-25T00:50:36.851+0000] {manager.py:821} INFO - Searching for files in /opt/airflow/dags
[2026-09-25T00:50:36.920+0000] {manager.py:824} INFO - There are 4 files in /opt/airflow/dags
[2026-09-25T00:51:00.487+0000] {manager.py:997} INFO - 
================================================================================
DAG File Processing Stats

File Path                                  PID    Runtime      # DAGs    # Errors  Last Runtime    Last Run               Last # of DB Queries
-----------------------------------------  -----  ---------  --------  ----------  --------------  -------------------  ----------------------
/opt/airflow/dags/test_container.py                                 1           0  0.34s           2026-09-25T00:50:32                      32
/opt/airflow/dags/teste_python.py                                   1           0  0.21s           2026-09-25T00:50:49                      10
/opt/airflow/dags/test_python_operator.py                           1           0  0.19s           2026-09-25T00:50:43                      10
/opt/airflow/dags/hello_airflow.py                                  1           0  0.19s           2026-09-25T00:50:49                      10
================================================================================
[2026-09-25T00:51:31.339+0000] {manager.py:997} INFO - 
================================================================================
DAG File Processing Stats

File Path                                  PID    Runtime      # DAGs    # Errors  Last Runtime    Last Run               Last # of DB Queries
-----------------------------------------  -----  ---------  --------  ----------  --------------  -------------------  ----------------------
/opt/airflow/dags/test_python_operator.py                           1           0  0.22s           2026-09-25T00:51:14                      10
/opt/airflow/dags/teste_python.py                                   1           0  0.19s           2026-09-25T00:51:20                      10
/opt/airflow/dags/test_container.py                                 1           0  0.19s           2026-09-25T00:51:02                      10
/opt/airflow/dags/hello_airflow.py                                  1           0  0.18s           2026-09-25T00:51:20                      10
================================================================================
[2026-09-25T00:52:02.172+0000] {manager.py:997} INFO - 
================================================================================
DAG File Processing Stats

File Path                                  PID    Runtime      # DAGs    # Errors  Last Runtime    Last Run               Last # of DB Queries
-----------------------------------------  -----  ---------  --------  ----------  --------------  -------------------  ----------------------
/opt/airflow/dags/test_python_operator.py                           1           0  0.20s           2026-09-25T00:51:44                      10
/opt/airflow/dags/hello_airflow.py                                  1           0  0.19s           2026-09-25T00:51:51                      10
/opt/airflow/dags/teste_python.py                                   1           0  0.18s           2026-09-25T00:51:51                      10
/opt/airflow/dags/test_container.py                                 1           0  0.17s           2026-09-25T00:51:33                      10
================================================================================
[2026-09-25T00:52:32.916+0000] {manager.py:997} INFO - 
================================================================================
DAG File Processing Stats

File Path                                  PID    Runtime      # DAGs    # Errors  Last Runtime    Last Run               Last # of DB Queries
-----------------------------------------  -----  ---------  --------  ----------  --------------  -------------------  ----------------------
/opt/airflow/dags/test_python_operator.py                           1           0  0.19s           2026-09-25T00:52:15                      10
/opt/airflow/dags/hello_airflow.py                                  1           0  0.19s           2026-09-25T00:52:21                      10
/opt/airflow/dags/teste_python.py                                   1           0  0.19s           2026-09-25T00:52:21                      10
/opt/airflow/dags/test_container.py                                 1           0  0.17s           2026-09-25T00:52:04                      10
================================================================================
[2026-09-25T00:53:03.729+0000] {manager.py:997} INFO - 
================================================================================
DAG File Processing Stats

File Path                                  PID    Runtime      # DAGs    # Errors  Last Runtime    Last Run               Last # of DB Queries
-----------------------------------------  -----  ---------  --------  ----------  --------------  -------------------  ----------------------
/opt/airflow/dags/hello_airflow.py                                  1           0  0.23s           2026-09-25T00:52:52                      10
/opt/airflow/dags/teste_python.py                                   1           0  0.23s           2026-09-25T00:52:52                      10
/opt/airflow/dags/test_python_operator.py                           1           0  0.20s           2026-09-25T00:52:46                      10
/opt/airflow/dags/test_container.py                                 1           0  0.17s           2026-09-25T00:52:35                      10
================================================================================
[2026-09-25T00:53:34.463+0000] {manager.py:997} INFO - 
================================================================================
DAG File Processing Stats

File Path                                  PID    Runtime      # DAGs    # Errors  Last Runtime    Last Run               Last # of DB Queries
-----------------------------------------  -----  ---------  --------  ----------  --------------  -------------------  ----------------------
/opt/airflow/dags/teste_python.py                                   1           0  0.22s           2026-09-25T00:53:23                      10
/opt/airflow/dags/hello_airflow.py                                  1           0  0.21s           2026-09-25T00:53:23                      10
/opt/airflow/dags/test_python_operator.py                           1           0  0.20s           2026-09-25T00:53:17                      10
/opt/airflow/dags/test_container.py                                 1           0  0.18s           2026-09-25T00:53:05                      10
================================================================================
[2026-09-25T00:54:05.081+0000] {manager.py:997} INFO - 
================================================================================
DAG File Processing Stats

File Path                                  PID    Runtime      # DAGs    # Errors  Last Runtime    Last Run               Last # of DB Queries
-----------------------------------------  -----  ---------  --------  ----------  --------------  -------------------  ----------------------
/opt/airflow/dags/teste_python.py                                   1           0  0.22s           2026-09-25T00:53:54                      10
/opt/airflow/dags/hello_airflow.py                                  1           0  0.21s           2026-09-25T00:53:54                      10
/opt/airflow/dags/test_container.py                                 1           0  0.20s           2026-09-25T00:53:36                      10
/opt/airflow/dags/test_python_operator.py                           1           0  0.18s           2026-09-25T00:53:47                      10
================================================================================
[2026-09-25T00:54:35.861+0000] {manager.py:997} INFO - 
================================================================================
DAG File Processing Stats

File Path                                  PID    Runtime      # DAGs    # Errors  Last Runtime    Last Run               Last # of DB Queries
-----------------------------------------  -----  ---------  --------  ----------  --------------  -------------------  ----------------------
/opt/airflow/dags/teste_python.py                                   1           0  1.15s           2026-09-25T00:54:25                      10
/opt/airflow/dags/hello_airflow.py                                  1           0  1.06s           2026-09-25T00:54:25                      10
/opt/airflow/dags/test_container.py                                 1           0  0.21s           2026-09-25T00:54:07                      10
/opt/airflow/dags/test_python_operator.py                           1           0  0.17s           2026-09-25T00:54:18                      10
================================================================================
[2026-09-25T00:55:06.532+0000] {manager.py:997} INFO - 
================================================================================
DAG File Processing Stats

File Path                                  PID    Runtime      # DAGs    # Errors  Last Runtime    Last Run               Last # of DB Queries
-----------------------------------------  -----  ---------  --------  ----------  --------------  -------------------  ----------------------
/opt/airflow/dags/teste_python.py                                   1           0  0.22s           2026-09-25T00:54:56                      10
/opt/airflow/dags/test_container.py                                 1           0  0.21s           2026-09-25T00:54:38                      10
/opt/airflow/dags/hello_airflow.py                                  1           0  0.21s           2026-09-25T00:54:56                      10
/opt/airflow/dags/test_python_operator.py                           1           0  0.19s           2026-09-25T00:54:49                      10
================================================================================
[2026-09-25T00:55:37.269+0000] {manager.py:821} INFO - Searching for files in /opt/airflow/dags
[2026-09-25T00:55:37.320+0000] {manager.py:824} INFO - There are 4 files in /opt/airflow/dags
[2026-09-25T00:55:37.338+0000] {manager.py:997} INFO - 
================================================================================
DAG File Processing Stats

File Path                                  PID    Runtime      # DAGs    # Errors  Last Runtime    Last Run               Last # of DB Queries
-----------------------------------------  -----  ---------  --------  ----------  --------------  -------------------  ----------------------
/opt/airflow/dags/teste_python.py                                   1           0  0.21s           2026-09-25T00:55:27                      10
/opt/airflow/dags/hello_airflow.py                                  1           0  0.20s           2026-09-25T00:55:27                      10
/opt/airflow/dags/test_python_operator.py                           1           0  0.18s           2026-09-25T00:55:20                      10
/opt/airflow/dags/test_container.py                                 1           0  0.17s           2026-09-25T00:55:08                      10
================================================================================
[2026-09-25T00:56:07.981+0000] {manager.py:997} INFO - 
================================================================================
DAG File Processing Stats

File Path                                  PID    Runtime      # DAGs    # Errors  Last Runtime    Last Run               Last # of DB Queries
-----------------------------------------  -----  ---------  --------  ----------  --------------  -------------------  ----------------------
/opt/airflow/dags/teste_python.py                                   1           0  0.24s           2026-09-25T00:55:57                      10
/opt/airflow/dags/hello_airflow.py                                  1           0  0.23s           2026-09-25T00:55:57                      10
/opt/airflow/dags/test_python_operator.py                           1           0  0.18s           2026-09-25T00:55:50                      10
/opt/airflow/dags/test_container.py                                 1           0  0.17s           2026-09-25T00:55:39                      10
================================================================================
[2026-09-25T00:56:38.635+0000] {manager.py:997} INFO - 
================================================================================
DAG File Processing Stats

File Path                                  PID    Runtime      # DAGs    # Errors  Last Runtime    Last Run               Last # of DB Queries
-----------------------------------------  -----  ---------  --------  ----------  --------------  -------------------  ----------------------
/opt/airflow/dags/test_container.py                                 1           0  0.30s           2026-09-25T00:56:10                      10
/opt/airflow/dags/teste_python.py                                   1           0  0.20s           2026-09-25T00:56:28                      10
/opt/airflow/dags/test_python_operator.py                           1           0  0.18s           2026-09-25T00:56:21                      10
/opt/airflow/dags/hello_airflow.py                                  1           0  0.18s           2026-09-25T00:56:28                      10
================================================================================
[2026-09-25T00:57:09.241+0000] {manager.py:997} INFO - 
================================================================================
DAG File Processing Stats

File Path                                  PID    Runtime      # DAGs    # Errors  Last Runtime    Last Run               Last # of DB Queries
-----------------------------------------  -----  ---------  --------  ----------  --------------  -------------------  ----------------------
/opt/airflow/dags/test_container.py                                 1           0  0.24s           2026-09-25T00:56:40                      10
/opt/airflow/dags/teste_python.py                                   1           0  0.19s           2026-09-25T00:56:59                      10
/opt/airflow/dags/hello_airflow.py                                  1           0  0.18s           2026-09-25T00:56:59                      10
/opt/airflow/dags/test_python_operator.py                           1           0  0.18s           2026-09-25T00:56:52                      10
================================================================================
[2026-09-25T00:57:39.808+0000] {manager.py:997} INFO - 
================================================================================
DAG File Processing Stats

File Path                                  PID    Runtime      # DAGs    # Errors  Last Runtime    Last Run               Last # of DB Queries
-----------------------------------------  -----  ---------  --------  ----------  --------------  -------------------  ----------------------
/opt/airflow/dags/teste_python.py                                   1           0  0.19s           2026-09-25T00:57:29                      10
/opt/airflow/dags/hello_airflow.py                                  1           0  0.19s           2026-09-25T00:57:29                      10
/opt/airflow/dags/test_container.py                                 1           0  0.18s           2026-09-25T00:57:11                      10
/opt/airflow/dags/test_python_operator.py                           1           0  0.17s           2026-09-25T00:57:22                      10
================================================================================
[2026-09-25T00:58:10.506+0000] {manager.py:997} INFO - 
================================================================================
DAG File Processing Stats

File Path                                  PID    Runtime      # DAGs    # Errors  Last Runtime    Last Run               Last # of DB Queries
-----------------------------------------  -----  ---------  --------  ----------  --------------  -------------------  ----------------------
/opt/airflow/dags/test_python_operator.py                           1           0  0.20s           2026-09-25T00:57:53                      10
/opt/airflow/dags/teste_python.py                                   1           0  0.19s           2026-09-25T00:58:00                      10
/opt/airflow/dags/hello_airflow.py                                  1           0  0.17s           2026-09-25T00:58:00                      10
/opt/airflow/dags/test_container.py                                 1           0  0.17s           2026-09-25T00:57:42                      10
================================================================================
[2026-09-25T00:58:41.109+0000] {manager.py:997} INFO - 
================================================================================
DAG File Processing Stats

File Path                                  PID    Runtime      # DAGs    # Errors  Last Runtime    Last Run               Last # of DB Queries
-----------------------------------------  -----  ---------  --------  ----------  --------------  -------------------  ----------------------
/opt/airflow/dags/teste_python.py                                   1           0  0.23s           2026-09-25T00:58:31                      10
/opt/airflow/dags/hello_airflow.py                                  1           0  0.22s           2026-09-25T00:58:31                      10
/opt/airflow/dags/test_python_operator.py                           1           0  0.18s           2026-09-25T00:58:23                      10
/opt/airflow/dags/test_container.py                                 1           0  0.16s           2026-09-25T00:58:12                      10
================================================================================
[2026-09-25T00:59:11.786+0000] {manager.py:997} INFO - 
================================================================================
DAG File Processing Stats

File Path                                  PID    Runtime      # DAGs    # Errors  Last Runtime    Last Run               Last # of DB Queries
-----------------------------------------  -----  ---------  --------  ----------  --------------  -------------------  ----------------------
/opt/airflow/dags/hello_airflow.py                                  1           0  0.31s           2026-09-25T00:59:01                      10
/opt/airflow/dags/test_container.py                                 1           0  0.31s           2026-09-25T00:58:43                      10
/opt/airflow/dags/teste_python.py                                   1           0  0.29s           2026-09-25T00:59:01                      10
/opt/airflow/dags/test_python_operator.py                           1           0  0.22s           2026-09-25T00:58:54                      10
================================================================================
[2026-09-25T00:59:42.361+0000] {manager.py:997} INFO - 
================================================================================
DAG File Processing Stats

File Path                                  PID    Runtime      # DAGs    # Errors  Last Runtime    Last Run               Last # of DB Queries
-----------------------------------------  -----  ---------  --------  ----------  --------------  -------------------  ----------------------
/opt/airflow/dags/teste_python.py                                   1           0  0.20s           2026-09-25T00:59:32                      10
/opt/airflow/dags/hello_airflow.py                                  1           0  0.18s           2026-09-25T00:59:32                      10
/opt/airflow/dags/test_python_operator.py                           1           0  0.18s           2026-09-25T00:59:25                      10
/opt/airflow/dags/test_container.py                                 1           0  0.18s           2026-09-25T00:59:13                      10
================================================================================
[2026-09-25T01:00:13.118+0000] {manager.py:997} INFO - 
================================================================================
DAG File Processing Stats

File Path                                  PID    Runtime      # DAGs    # Errors  Last Runtime    Last Run               Last # of DB Queries
-----------------------------------------  -----  ---------  --------  ----------  --------------  -------------------  ----------------------
/opt/airflow/dags/teste_python.py                                   1           0  0.21s           2026-09-25T01:00:02                      10
/opt/airflow/dags/hello_airflow.py                                  1           0  0.20s           2026-09-25T01:00:03                      10
/opt/airflow/dags/test_python_operator.py                           1           0  0.18s           2026-09-25T00:59:55                      10
/opt/airflow/dags/test_container.py                                 1           0  0.18s           2026-09-25T00:59:44                      10
================================================================================
[2026-09-25T01:00:37.780+0000] {manager.py:821} INFO - Searching for files in /opt/airflow/dags
[2026-09-25T01:00:37.855+0000] {manager.py:824} INFO - There are 4 files in /opt/airflow/dags
[2026-09-25T01:00:44.031+0000] {manager.py:997} INFO - 
================================================================================
DAG File Processing Stats

File Path                                  PID    Runtime      # DAGs    # Errors  Last Runtime    Last Run               Last # of DB Queries
-----------------------------------------  -----  ---------  --------  ----------  --------------  -------------------  ----------------------
/opt/airflow/dags/test_python_operator.py                           1           0  0.19s           2026-09-25T01:00:26                      10
/opt/airflow/dags/teste_python.py                                   1           0  0.19s           2026-09-25T01:00:33                      10
/opt/airflow/dags/hello_airflow.py                                  1           0  0.19s           2026-09-25T01:00:33                      10
/opt/airflow/dags/test_container.py                                 1           0  0.17s           2026-09-25T01:00:15                      10
================================================================================
[2026-09-25T01:01:14.724+0000] {manager.py:997} INFO - 
================================================================================
DAG File Processing Stats

File Path                                  PID    Runtime      # DAGs    # Errors  Last Runtime    Last Run               Last # of DB Queries
-----------------------------------------  -----  ---------  --------  ----------  --------------  -------------------  ----------------------
/opt/airflow/dags/teste_python.py                                   1           0  0.21s           2026-09-25T01:01:04                      10
/opt/airflow/dags/hello_airflow.py                                  1           0  0.20s           2026-09-25T01:01:04                      10
/opt/airflow/dags/test_python_operator.py                           1           0  0.18s           2026-09-25T01:00:57                      10
/opt/airflow/dags/test_container.py                                 1           0  0.17s           2026-09-25T01:00:46                      10
================================================================================
[2026-09-25T01:01:45.360+0000] {manager.py:997} INFO - 
================================================================================
DAG File Processing Stats

File Path                                  PID    Runtime      # DAGs    # Errors  Last Runtime    Last Run               Last # of DB Queries
-----------------------------------------  -----  ---------  --------  ----------  --------------  -------------------  ----------------------
/opt/airflow/dags/teste_python.py                                   1           0  0.20s           2026-09-25T01:01:35                      10
/opt/airflow/dags/test_python_operator.py                           1           0  0.19s           2026-09-25T01:01:28                      10
/opt/airflow/dags/hello_airflow.py                                  1           0  0.19s           2026-09-25T01:01:35                      10
/opt/airflow/dags/test_container.py                                 1           0  0.18s           2026-09-25T01:01:16                      10
================================================================================
[2026-09-25T01:02:15.913+0000] {manager.py:997} INFO - 
================================================================================
DAG File Processing Stats

File Path                                  PID    Runtime      # DAGs    # Errors  Last Runtime    Last Run               Last # of DB Queries
-----------------------------------------  -----  ---------  --------  ----------  --------------  -------------------  ----------------------
/opt/airflow/dags/hello_airflow.py                                  1           0  0.30s           2026-09-25T01:02:05                      10
/opt/airflow/dags/teste_python.py                                   1           0  0.18s           2026-09-25T01:02:05                      10
/opt/airflow/dags/test_python_operator.py                           1           0  0.18s           2026-09-25T01:01:58                      10
/opt/airflow/dags/test_container.py                                 1           0  0.17s           2026-09-25T01:01:47                      10
================================================================================
[2026-09-25T01:02:46.671+0000] {manager.py:997} INFO - 
================================================================================
DAG File Processing Stats

File Path                                  PID    Runtime      # DAGs    # Errors  Last Runtime    Last Run               Last # of DB Queries
-----------------------------------------  -----  ---------  --------  ----------  --------------  -------------------  ----------------------
/opt/airflow/dags/test_python_operator.py                           1           0  0.20s           2026-09-25T01:02:29                      10
/opt/airflow/dags/teste_python.py                                   1           0  0.18s           2026-09-25T01:02:36                      10
/opt/airflow/dags/hello_airflow.py                                  1           0  0.18s           2026-09-25T01:02:36                      10
/opt/airflow/dags/test_container.py                                 1           0  0.18s           2026-09-25T01:02:18                      10
================================================================================
[2026-09-25T01:03:17.265+0000] {manager.py:997} INFO - 
================================================================================
DAG File Processing Stats

File Path                                  PID    Runtime      # DAGs    # Errors  Last Runtime    Last Run               Last # of DB Queries
-----------------------------------------  -----  ---------  --------  ----------  --------------  -------------------  ----------------------
/opt/airflow/dags/teste_python.py                                   1           0  0.19s           2026-09-25T01:03:07                      10
/opt/airflow/dags/hello_airflow.py                                  1           0  0.19s           2026-09-25T01:03:07                      10
/opt/airflow/dags/test_python_operator.py                           1           0  0.19s           2026-09-25T01:03:00                      10
/opt/airflow/dags/test_container.py                                 1           0  0.18s           2026-09-25T01:02:48                      10
================================================================================
[2026-09-25T01:03:47.839+0000] {manager.py:997} INFO - 
================================================================================
DAG File Processing Stats

File Path                                  PID    Runtime      # DAGs    # Errors  Last Runtime    Last Run               Last # of DB Queries
-----------------------------------------  -----  ---------  --------  ----------  --------------  -------------------  ----------------------
/opt/airflow/dags/test_python_operator.py                           1           0  0.19s           2026-09-25T01:03:30                      10
/opt/airflow/dags/teste_python.py                                   1           0  0.19s           2026-09-25T01:03:37                      10
/opt/airflow/dags/hello_airflow.py                                  1           0  0.18s           2026-09-25T01:03:37                      10
/opt/airflow/dags/test_container.py                                 1           0  0.17s           2026-09-25T01:03:19                      10
================================================================================
[2026-09-25T01:04:18.740+0000] {manager.py:997} INFO - 
================================================================================
DAG File Processing Stats

File Path                                  PID    Runtime      # DAGs    # Errors  Last Runtime    Last Run               Last # of DB Queries
-----------------------------------------  -----  ---------  --------  ----------  --------------  -------------------  ----------------------
/opt/airflow/dags/test_container.py                                 1           0  0.18s           2026-09-25T01:03:50                      10
/opt/airflow/dags/test_python_operator.py                           1           0  0.18s           2026-09-25T01:04:01                      10
/opt/airflow/dags/hello_airflow.py                                  1           0  0.18s           2026-09-25T01:04:08                      10
/opt/airflow/dags/teste_python.py                                   1           0  0.18s           2026-09-25T01:04:08                      10
================================================================================
[2026-09-25T01:04:49.335+0000] {manager.py:997} INFO - 
================================================================================
DAG File Processing Stats

File Path                                  PID    Runtime      # DAGs    # Errors  Last Runtime    Last Run               Last # of DB Queries
-----------------------------------------  -----  ---------  --------  ----------  --------------  -------------------  ----------------------
/opt/airflow/dags/teste_python.py                                   1           0  0.19s           2026-09-25T01:04:39                      10
/opt/airflow/dags/hello_airflow.py                                  1           0  0.18s           2026-09-25T01:04:39                      10
/opt/airflow/dags/test_python_operator.py                           1           0  0.18s           2026-09-25T01:04:32                      10
/opt/airflow/dags/test_container.py                                 1           0  0.17s           2026-09-25T01:04:20                      10
================================================================================
[2026-09-25T01:05:19.503+0000] {manager.py:997} INFO - 
================================================================================
DAG File Processing Stats

File Path                                  PID    Runtime      # DAGs    # Errors  Last Runtime    Last Run               Last # of DB Queries
-----------------------------------------  -----  ---------  --------  ----------  --------------  -------------------  ----------------------
/opt/airflow/dags/test_container.py                                 1           0  0.44s           2026-09-25T01:04:51                      10
/opt/airflow/dags/teste_python.py                                   1           0  0.38s           2026-09-25T01:05:10                      10
/opt/airflow/dags/hello_airflow.py                                  1           0  0.23s           2026-09-25T01:05:10                      10
/opt/airflow/dags/test_python_operator.py                           1           0  0.18s           2026-09-25T01:05:03                      10
================================================================================
[2026-09-25T01:05:38.503+0000] {manager.py:821} INFO - Searching for files in /opt/airflow/dags
[2026-09-25T01:05:38.563+0000] {manager.py:824} INFO - There are 4 files in /opt/airflow/dags
[2026-09-25T01:05:49.835+0000] {manager.py:997} INFO - 
================================================================================
DAG File Processing Stats

File Path                                  PID    Runtime      # DAGs    # Errors  Last Runtime    Last Run               Last # of DB Queries
-----------------------------------------  -----  ---------  --------  ----------  --------------  -------------------  ----------------------
/opt/airflow/dags/teste_python.py                                   1           0  0.22s           2026-09-25T01:05:40                      10
/opt/airflow/dags/hello_airflow.py                                  1           0  0.21s           2026-09-25T01:05:40                      10
/opt/airflow/dags/test_container.py                                 1           0  0.21s           2026-09-25T01:05:22                      10
/opt/airflow/dags/test_python_operator.py                           1           0  0.19s           2026-09-25T01:05:33                      10
================================================================================
[2026-09-25T01:06:20.636+0000] {manager.py:997} INFO - 
================================================================================
DAG File Processing Stats

File Path                                  PID    Runtime      # DAGs    # Errors  Last Runtime    Last Run               Last # of DB Queries
-----------------------------------------  -----  ---------  --------  ----------  --------------  -------------------  ----------------------
/opt/airflow/dags/hello_airflow.py                                  1           0  0.26s           2026-09-25T01:06:11                      10
/opt/airflow/dags/teste_python.py                                   1           0  0.26s           2026-09-25T01:06:11                      10
/opt/airflow/dags/test_container.py                                 1           0  0.18s           2026-09-25T01:05:53                      10
/opt/airflow/dags/test_python_operator.py                           1           0  0.18s           2026-09-25T01:06:04                      10
================================================================================
[2026-09-25T01:06:51.422+0000] {manager.py:997} INFO - 
================================================================================
DAG File Processing Stats

File Path                                  PID    Runtime      # DAGs    # Errors  Last Runtime    Last Run               Last # of DB Queries
-----------------------------------------  -----  ---------  --------  ----------  --------------  -------------------  ----------------------
/opt/airflow/dags/teste_python.py                                   1           0  0.21s           2026-09-25T01:06:42                      10
/opt/airflow/dags/hello_airflow.py                                  1           0  0.20s           2026-09-25T01:06:42                      10
/opt/airflow/dags/test_container.py                                 1           0  0.19s           2026-09-25T01:06:23                      10
/opt/airflow/dags/test_python_operator.py                           1           0  0.19s           2026-09-25T01:06:35                      10
================================================================================
[2026-09-25T01:07:22.008+0000] {manager.py:997} INFO - 
================================================================================
DAG File Processing Stats

File Path                                  PID    Runtime      # DAGs    # Errors  Last Runtime    Last Run               Last # of DB Queries
-----------------------------------------  -----  ---------  --------  ----------  --------------  -------------------  ----------------------
/opt/airflow/dags/teste_python.py                                   1           0  0.20s           2026-09-25T01:07:13                      10
/opt/airflow/dags/test_python_operator.py                           1           0  0.20s           2026-09-25T01:07:05                      10
/opt/airflow/dags/hello_airflow.py                                  1           0  0.18s           2026-09-25T01:07:13                      10
/opt/airflow/dags/test_container.py                                 1           0  0.18s           2026-09-25T01:06:54                      10
================================================================================
[2026-09-25T01:07:52.739+0000] {manager.py:997} INFO - 
================================================================================
DAG File Processing Stats

File Path                                  PID    Runtime      # DAGs    # Errors  Last Runtime    Last Run               Last # of DB Queries
-----------------------------------------  -----  ---------  --------  ----------  --------------  -------------------  ----------------------
/opt/airflow/dags/test_container.py                                 1           0  0.20s           2026-09-25T01:07:25                      10
/opt/airflow/dags/teste_python.py                                   1           0  0.19s           2026-09-25T01:07:43                      10
/opt/airflow/dags/hello_airflow.py                                  1           0  0.19s           2026-09-25T01:07:43                      10
/opt/airflow/dags/test_python_operator.py                           1           0  0.18s           2026-09-25T01:07:36                      10
================================================================================
[2026-09-25T01:08:23.487+0000] {manager.py:997} INFO - 
================================================================================
DAG File Processing Stats

File Path                                  PID    Runtime      # DAGs    # Errors  Last Runtime    Last Run               Last # of DB Queries
-----------------------------------------  -----  ---------  --------  ----------  --------------  -------------------  ----------------------
/opt/airflow/dags/teste_python.py                                   1           0  0.19s           2026-09-25T01:08:14                      10
/opt/airflow/dags/test_container.py                                 1           0  0.19s           2026-09-25T01:07:55                      10
/opt/airflow/dags/hello_airflow.py                                  1           0  0.18s           2026-09-25T01:08:14                      10
/opt/airflow/dags/test_python_operator.py                           1           0  0.18s           2026-09-25T01:08:07                      10
================================================================================
[2026-09-25T01:08:54.058+0000] {manager.py:997} INFO - 
================================================================================
DAG File Processing Stats

File Path                                  PID    Runtime      # DAGs    # Errors  Last Runtime    Last Run               Last # of DB Queries
-----------------------------------------  -----  ---------  --------  ----------  --------------  -------------------  ----------------------
/opt/airflow/dags/test_container.py                                 1           0  0.29s           2026-09-25T01:08:26                      10
/opt/airflow/dags/teste_python.py                                   1           0  0.20s           2026-09-25T01:08:44                      10
/opt/airflow/dags/hello_airflow.py                                  1           0  0.19s           2026-09-25T01:08:45                      10
/opt/airflow/dags/test_python_operator.py                           1           0  0.18s           2026-09-25T01:08:37                      10
================================================================================
[2026-09-25T01:09:24.817+0000] {manager.py:997} INFO - 
================================================================================
DAG File Processing Stats

File Path                                  PID    Runtime      # DAGs    # Errors  Last Runtime    Last Run               Last # of DB Queries
-----------------------------------------  -----  ---------  --------  ----------  --------------  -------------------  ----------------------
/opt/airflow/dags/test_container.py                                 1           0  0.19s           2026-09-25T01:08:57                      10
/opt/airflow/dags/teste_python.py                                   1           0  0.19s           2026-09-25T01:09:15                      10
/opt/airflow/dags/hello_airflow.py                                  1           0  0.19s           2026-09-25T01:09:15                      10
/opt/airflow/dags/test_python_operator.py                           1           0  0.17s           2026-09-25T01:09:08                      10
================================================================================
[2026-09-25T01:09:55.406+0000] {manager.py:997} INFO - 
================================================================================
DAG File Processing Stats

File Path                                  PID    Runtime      # DAGs    # Errors  Last Runtime    Last Run               Last # of DB Queries
-----------------------------------------  -----  ---------  --------  ----------  --------------  -------------------  ----------------------
/opt/airflow/dags/test_container.py                                 1           0  0.20s           2026-09-25T01:09:28                      10
/opt/airflow/dags/teste_python.py                                   1           0  0.19s           2026-09-25T01:09:46                      10
/opt/airflow/dags/hello_airflow.py                                  1           0  0.19s           2026-09-25T01:09:46                      10
/opt/airflow/dags/test_python_operator.py                           1           0  0.18s           2026-09-25T01:09:39                      10
================================================================================
[2026-09-25T01:10:26.298+0000] {manager.py:997} INFO - 
================================================================================
DAG File Processing Stats

File Path                                  PID    Runtime      # DAGs    # Errors  Last Runtime    Last Run               Last # of DB Queries
-----------------------------------------  -----  ---------  --------  ----------  --------------  -------------------  ----------------------
/opt/airflow/dags/test_python_operator.py                           1           0  0.34s           2026-09-25T01:10:10                      10
/opt/airflow/dags/teste_python.py                                   1           0  0.20s           2026-09-25T01:10:17                      10
/opt/airflow/dags/hello_airflow.py                                  1           0  0.19s           2026-09-25T01:10:17                      10
/opt/airflow/dags/test_container.py                                 1           0  0.18s           2026-09-25T01:09:58                      10
================================================================================
[2026-09-25T01:10:38.515+0000] {manager.py:821} INFO - Searching for files in /opt/airflow/dags
[2026-09-25T01:10:38.609+0000] {manager.py:824} INFO - There are 4 files in /opt/airflow/dags
[2026-09-25T01:10:56.525+0000] {manager.py:997} INFO - 
================================================================================
DAG File Processing Stats

File Path                                  PID    Runtime      # DAGs    # Errors  Last Runtime    Last Run               Last # of DB Queries
-----------------------------------------  -----  ---------  --------  ----------  --------------  -------------------  ----------------------
/opt/airflow/dags/teste_python.py                                   1           0  0.25s           2026-09-25T01:10:48                      10
/opt/airflow/dags/hello_airflow.py                                  1           0  0.24s           2026-09-25T01:10:48                      10
/opt/airflow/dags/test_python_operator.py                           1           0  0.20s           2026-09-25T01:10:40                      10
/opt/airflow/dags/test_container.py                                 1           0  0.20s           2026-09-25T01:10:51                      10
================================================================================
[2026-09-25T01:11:27.163+0000] {manager.py:997} INFO - 
================================================================================
DAG File Processing Stats

File Path                                  PID    Runtime      # DAGs    # Errors  Last Runtime    Last Run               Last # of DB Queries
-----------------------------------------  -----  ---------  --------  ----------  --------------  -------------------  ----------------------
/opt/airflow/dags/teste_python.py                                   1           0  0.19s           2026-09-25T01:11:19                      10
/opt/airflow/dags/hello_airflow.py                                  1           0  0.19s           2026-09-25T01:11:19                      10
/opt/airflow/dags/test_container.py                                 1           0  0.19s           2026-09-25T01:11:22                      10
/opt/airflow/dags/test_python_operator.py                           1           0  0.17s           2026-09-25T01:11:11                      10
================================================================================
[2026-09-25T01:11:57.881+0000] {manager.py:997} INFO - 
================================================================================
DAG File Processing Stats

File Path                                  PID    Runtime      # DAGs    # Errors  Last Runtime    Last Run               Last # of DB Queries
-----------------------------------------  -----  ---------  --------  ----------  --------------  -------------------  ----------------------
/opt/airflow/dags/teste_python.py                                   1           0  0.21s           2026-09-25T01:11:49                      10
/opt/airflow/dags/test_container.py                                 1           0  0.19s           2026-09-25T01:11:52                      10
/opt/airflow/dags/hello_airflow.py                                  1           0  0.18s           2026-09-25T01:11:49                      10
/opt/airflow/dags/test_python_operator.py                           1           0  0.18s           2026-09-25T01:11:42                      10
================================================================================
[2026-09-25T01:12:28.676+0000] {manager.py:997} INFO - 
================================================================================
DAG File Processing Stats

File Path                                  PID    Runtime      # DAGs    # Errors  Last Runtime    Last Run               Last # of DB Queries
-----------------------------------------  -----  ---------  --------  ----------  --------------  -------------------  ----------------------
/opt/airflow/dags/teste_python.py                                   1           0  0.20s           2026-09-25T01:12:20                      10
/opt/airflow/dags/test_python_operator.py                           1           0  0.19s           2026-09-25T01:12:13                      10
/opt/airflow/dags/hello_airflow.py                                  1           0  0.19s           2026-09-25T01:12:20                      10
/opt/airflow/dags/test_container.py                                 1           0  0.18s           2026-09-25T01:12:23                      10
================================================================================
[2026-09-25T01:12:58.699+0000] {manager.py:997} INFO - 
================================================================================
DAG File Processing Stats

File Path                                  PID    Runtime      # DAGs    # Errors  Last Runtime    Last Run               Last # of DB Queries
-----------------------------------------  -----  ---------  --------  ----------  --------------  -------------------  ----------------------
/opt/airflow/dags/hello_airflow.py                                  1           0  0.38s           2026-09-25T01:12:51                      10
/opt/airflow/dags/teste_python.py                                   1           0  0.36s           2026-09-25T01:12:51                      10
/opt/airflow/dags/test_container.py                                 1           0  0.25s           2026-09-25T01:12:40                      10
/opt/airflow/dags/test_python_operator.py                           1           0  0.19s           2026-09-25T01:12:44                      10
================================================================================
[2026-09-25T01:13:29.627+0000] {manager.py:997} INFO - 
================================================================================
DAG File Processing Stats

File Path                                  PID    Runtime      # DAGs    # Errors  Last Runtime    Last Run               Last # of DB Queries
-----------------------------------------  -----  ---------  --------  ----------  --------------  -------------------  ----------------------
/opt/airflow/dags/teste_python.py                                   1           0  0.26s           2026-09-25T01:13:22                      10
/opt/airflow/dags/hello_airflow.py                                  1           0  0.25s           2026-09-25T01:13:22                      10
/opt/airflow/dags/test_container.py                                 1           0  0.24s           2026-09-25T01:13:11                      10
/opt/airflow/dags/test_python_operator.py                           1           0  0.19s           2026-09-25T01:13:15                      10
================================================================================
[2026-09-25T01:14:00.245+0000] {manager.py:997} INFO - 
================================================================================
DAG File Processing Stats

File Path                                  PID    Runtime      # DAGs    # Errors  Last Runtime    Last Run               Last # of DB Queries
-----------------------------------------  -----  ---------  --------  ----------  --------------  -------------------  ----------------------
/opt/airflow/dags/teste_python.py                                   1           0  0.21s           2026-09-25T01:13:53                      10
/opt/airflow/dags/hello_airflow.py                                  1           0  0.19s           2026-09-25T01:13:53                      10
/opt/airflow/dags/test_container.py                                 1           0  0.17s           2026-09-25T01:13:41                      10
/opt/airflow/dags/test_python_operator.py                           1           0  0.17s           2026-09-25T01:13:46                      10
================================================================================
[2026-09-25T01:14:30.373+0000] {manager.py:997} INFO - 
================================================================================
DAG File Processing Stats

File Path                                  PID    Runtime      # DAGs    # Errors  Last Runtime    Last Run               Last # of DB Queries
-----------------------------------------  -----  ---------  --------  ----------  --------------  -------------------  ----------------------
/opt/airflow/dags/teste_python.py                                   1           0  0.39s           2026-09-25T01:14:24                      10
/opt/airflow/dags/hello_airflow.py                                  1           0  0.38s           2026-09-25T01:14:24                      10
/opt/airflow/dags/test_container.py                                 1           0  0.19s           2026-09-25T01:14:12                      10
/opt/airflow/dags/test_python_operator.py                           1           0  0.18s           2026-09-25T01:14:16                      10
================================================================================
[2026-09-25T01:15:00.614+0000] {manager.py:997} INFO - 
================================================================================
DAG File Processing Stats

File Path                                  PID    Runtime      # DAGs    # Errors  Last Runtime    Last Run               Last # of DB Queries
-----------------------------------------  -----  ---------  --------  ----------  --------------  -------------------  ----------------------
/opt/airflow/dags/hello_airflow.py                                  1           0  0.27s           2026-09-25T01:14:55                      10
/opt/airflow/dags/teste_python.py                                   1           0  0.26s           2026-09-25T01:14:55                      10
/opt/airflow/dags/test_python_operator.py                           1           0  0.24s           2026-09-25T01:14:48                      10
/opt/airflow/dags/test_container.py                                 1           0  0.18s           2026-09-25T01:14:43                      10
================================================================================
[2026-09-25T01:15:30.768+0000] {manager.py:997} INFO - 
================================================================================
DAG File Processing Stats

File Path                                    PID  Runtime      # DAGs    # Errors  Last Runtime    Last Run               Last # of DB Queries
-----------------------------------------  -----  ---------  --------  ----------  --------------  -------------------  ----------------------
/opt/airflow/dags/teste_python.py                                   1           0  0.24s           2026-09-25T01:15:25                      10
/opt/airflow/dags/hello_airflow.py                                  1           0  0.23s           2026-09-25T01:15:25                      10
/opt/airflow/dags/test_python_operator.py                           1           0  0.20s           2026-09-25T01:15:19                      10
/opt/airflow/dags/test_container.py         3121  0.21s             0           1  0.15s           2026-09-25T01:15:19                       3
================================================================================
[2026-09-25T01:15:38.869+0000] {manager.py:821} INFO - Searching for files in /opt/airflow/dags
[2026-09-25T01:15:38.943+0000] {manager.py:824} INFO - There are 4 files in /opt/airflow/dags
[2026-09-25T01:16:01.341+0000] {manager.py:997} INFO - 
================================================================================
DAG File Processing Stats

File Path                                    PID  Runtime      # DAGs    # Errors  Last Runtime    Last Run               Last # of DB Queries
-----------------------------------------  -----  ---------  --------  ----------  --------------  -------------------  ----------------------
/opt/airflow/dags/test_python_operator.py                           1           0  0.37s           2026-09-25T01:15:50                      10
/opt/airflow/dags/test_container.py         3141  0.01s             0           1  0.26s           2026-09-25T01:15:30                       5
/opt/airflow/dags/teste_python.py                                   1           0  0.24s           2026-09-25T01:15:56                      10
/opt/airflow/dags/hello_airflow.py                                  1           0  0.24s           2026-09-25T01:15:56                      10
================================================================================
[2026-09-25T01:16:31.933+0000] {manager.py:997} INFO - 
================================================================================
DAG File Processing Stats

File Path                                    PID  Runtime      # DAGs    # Errors  Last Runtime    Last Run               Last # of DB Queries
-----------------------------------------  -----  ---------  --------  ----------  --------------  -------------------  ----------------------
/opt/airflow/dags/test_container.py         3166  0.01s             1           0  0.39s           2026-09-25T01:16:01                      10
/opt/airflow/dags/test_python_operator.py                           1           0  0.24s           2026-09-25T01:16:20                      10
/opt/airflow/dags/hello_airflow.py                                  1           0  0.22s           2026-09-25T01:16:27                      10
/opt/airflow/dags/teste_python.py                                   1           0  0.21s           2026-09-25T01:16:27                      10
================================================================================
[2026-09-25T01:17:02.540+0000] {manager.py:997} INFO - 
================================================================================
DAG File Processing Stats

File Path                                    PID  Runtime      # DAGs    # Errors  Last Runtime    Last Run               Last # of DB Queries
-----------------------------------------  -----  ---------  --------  ----------  --------------  -------------------  ----------------------
/opt/airflow/dags/teste_python.py                                   1           0  0.22s           2026-09-25T01:16:57                      10
/opt/airflow/dags/test_python_operator.py                           1           0  0.21s           2026-09-25T01:16:51                      10
/opt/airflow/dags/hello_airflow.py                                  1           0  0.20s           2026-09-25T01:16:57                      10
/opt/airflow/dags/test_container.py         3186  0.01s             1           0  0.18s           2026-09-25T01:16:32                      10
================================================================================
[2026-09-25T01:17:33.463+0000] {manager.py:997} INFO - 
================================================================================
DAG File Processing Stats

File Path                                  PID    Runtime      # DAGs    # Errors  Last Runtime    Last Run               Last # of DB Queries
-----------------------------------------  -----  ---------  --------  ----------  --------------  -------------------  ----------------------
/opt/airflow/dags/test_python_operator.py                           1           0  0.35s           2026-09-25T01:17:22                      10
/opt/airflow/dags/test_container.py                                 1           0  0.20s           2026-09-25T01:17:10                      10
/opt/airflow/dags/hello_airflow.py                                  1           0  0.19s           2026-09-25T01:17:28                      10
/opt/airflow/dags/teste_python.py                                   1           0  0.19s           2026-09-25T01:17:28                      10
================================================================================
[2026-09-25T01:18:04.267+0000] {manager.py:997} INFO - 
================================================================================
DAG File Processing Stats

File Path                                  PID    Runtime      # DAGs    # Errors  Last Runtime    Last Run               Last # of DB Queries
-----------------------------------------  -----  ---------  --------  ----------  --------------  -------------------  ----------------------
/opt/airflow/dags/hello_airflow.py                                  1           0  0.21s           2026-09-25T01:17:59                      10
/opt/airflow/dags/test_python_operator.py                           1           0  0.21s           2026-09-25T01:17:53                      10
/opt/airflow/dags/teste_python.py                                   1           0  0.20s           2026-09-25T01:17:59                      10
/opt/airflow/dags/test_container.py                                 1           0  0.19s           2026-09-25T01:17:41                      10
================================================================================
[2026-09-25T01:18:35.088+0000] {manager.py:997} INFO - 
================================================================================
DAG File Processing Stats

File Path                                  PID    Runtime      # DAGs    # Errors  Last Runtime    Last Run               Last # of DB Queries
-----------------------------------------  -----  ---------  --------  ----------  --------------  -------------------  ----------------------
/opt/airflow/dags/teste_python.py                                   1           0  0.24s           2026-09-25T01:18:30                      10
/opt/airflow/dags/hello_airflow.py                                  1           0  0.24s           2026-09-25T01:18:30                      10
/opt/airflow/dags/test_python_operator.py                           1           0  0.18s           2026-09-25T01:18:23                      10
/opt/airflow/dags/test_container.py                                 1           0  0.18s           2026-09-25T01:18:12                      10
================================================================================
[2026-09-25T01:19:05.843+0000] {manager.py:997} INFO - 
================================================================================
DAG File Processing Stats

File Path                                  PID    Runtime      # DAGs    # Errors  Last Runtime    Last Run               Last # of DB Queries
-----------------------------------------  -----  ---------  --------  ----------  --------------  -------------------  ----------------------
/opt/airflow/dags/hello_airflow.py                                  1           0  0.20s           2026-09-25T01:19:00                      10
/opt/airflow/dags/teste_python.py                                   1           0  0.20s           2026-09-25T01:19:00                      10
/opt/airflow/dags/test_python_operator.py                           1           0  0.18s           2026-09-25T01:18:54                      10
/opt/airflow/dags/test_container.py                                 1           0  0.17s           2026-09-25T01:18:43                      10
================================================================================
[2026-09-25T01:19:36.581+0000] {manager.py:997} INFO - 
================================================================================
DAG File Processing Stats

File Path                                  PID    Runtime      # DAGs    # Errors  Last Runtime    Last Run               Last # of DB Queries
-----------------------------------------  -----  ---------  --------  ----------  --------------  -------------------  ----------------------
/opt/airflow/dags/teste_python.py                                   1           0  0.20s           2026-09-25T01:19:31                      10
/opt/airflow/dags/hello_airflow.py                                  1           0  0.20s           2026-09-25T01:19:31                      10
/opt/airflow/dags/test_python_operator.py                           1           0  0.19s           2026-09-25T01:19:25                      10
/opt/airflow/dags/test_container.py                                 1           0  0.18s           2026-09-25T01:19:14                      10
================================================================================
[2026-09-25T01:19:57.110+0000] {manager.py:1288} WARNING - Skipping processing of missing file: /opt/airflow/dags/hello_airflow.py
[2026-09-25T01:20:07.473+0000] {manager.py:997} INFO - 
================================================================================
DAG File Processing Stats

File Path                                  PID    Runtime      # DAGs    # Errors  Last Runtime    Last Run               Last # of DB Queries
-----------------------------------------  -----  ---------  --------  ----------  --------------  -------------------  ----------------------
/opt/airflow/dags/test_python_operator.py                           1           0  0.27s           2026-09-25T01:19:56                      10
/opt/airflow/dags/teste_python.py                                   1           0  0.19s           2026-09-25T01:20:02                      10
/opt/airflow/dags/test_container.py                                 1           0  0.19s           2026-09-25T01:19:44                      10
================================================================================
[2026-09-25T01:20:10.533+0000] {manager.py:1288} WARNING - Skipping processing of missing file: /opt/airflow/dags/test_python_operator.py
[2026-09-25T01:20:38.166+0000] {manager.py:997} INFO - 
================================================================================
DAG File Processing Stats

File Path                            PID    Runtime      # DAGs    # Errors  Last Runtime    Last Run               Last # of DB Queries
-----------------------------------  -----  ---------  --------  ----------  --------------  -------------------  ----------------------
/opt/airflow/dags/test_container.py                           1           0  0.20s           2026-09-25T01:20:15                      10
/opt/airflow/dags/teste_python.py                             1           0  0.18s           2026-09-25T01:20:33                      10
================================================================================
[2026-09-25T01:20:39.171+0000] {manager.py:821} INFO - Searching for files in /opt/airflow/dags
[2026-09-25T01:20:39.225+0000] {manager.py:824} INFO - There are 2 files in /opt/airflow/dags
[2026-09-25T01:21:08.849+0000] {manager.py:997} INFO - 
================================================================================
DAG File Processing Stats

File Path                            PID    Runtime      # DAGs    # Errors  Last Runtime    Last Run               Last # of DB Queries
-----------------------------------  -----  ---------  --------  ----------  --------------  -------------------  ----------------------
/opt/airflow/dags/test_container.py                           1           0  0.24s           2026-09-25T01:20:46                      10
/opt/airflow/dags/teste_python.py                             1           0  0.21s           2026-09-25T01:21:03                      10
================================================================================
[2026-09-25T01:21:39.306+0000] {manager.py:997} INFO - 
================================================================================
DAG File Processing Stats

File Path                            PID    Runtime      # DAGs    # Errors  Last Runtime    Last Run               Last # of DB Queries
-----------------------------------  -----  ---------  --------  ----------  --------------  -------------------  ----------------------
/opt/airflow/dags/teste_python.py                             1           0  0.20s           2026-09-25T01:21:34                      10
/opt/airflow/dags/test_container.py                           1           0  0.18s           2026-09-25T01:21:17                      10
================================================================================
[2026-09-25T01:22:09.919+0000] {manager.py:997} INFO - 
================================================================================
DAG File Processing Stats

File Path                            PID    Runtime      # DAGs    # Errors  Last Runtime    Last Run               Last # of DB Queries
-----------------------------------  -----  ---------  --------  ----------  --------------  -------------------  ----------------------
/opt/airflow/dags/teste_python.py                             1           0  0.20s           2026-09-25T01:22:04                      10
/opt/airflow/dags/test_container.py                           1           0  0.17s           2026-09-25T01:21:47                      10
================================================================================
[2026-09-25T01:22:40.477+0000] {manager.py:997} INFO - 
================================================================================
DAG File Processing Stats

File Path                            PID    Runtime      # DAGs    # Errors  Last Runtime    Last Run               Last # of DB Queries
-----------------------------------  -----  ---------  --------  ----------  --------------  -------------------  ----------------------
/opt/airflow/dags/test_container.py                           1           0  0.21s           2026-09-25T01:22:18                      10
/opt/airflow/dags/teste_python.py                             1           0  0.19s           2026-09-25T01:22:35                      10
================================================================================
[2026-09-25T01:23:11.114+0000] {manager.py:997} INFO - 
================================================================================
DAG File Processing Stats

File Path                            PID    Runtime      # DAGs    # Errors  Last Runtime    Last Run               Last # of DB Queries
-----------------------------------  -----  ---------  --------  ----------  --------------  -------------------  ----------------------
/opt/airflow/dags/test_container.py                           1           0  0.18s           2026-09-25T01:22:48                      10
/opt/airflow/dags/teste_python.py                             1           0  0.16s           2026-09-25T01:23:06                      10
================================================================================
[2026-09-25T01:23:41.743+0000] {manager.py:997} INFO - 
================================================================================
DAG File Processing Stats

File Path                            PID    Runtime      # DAGs    # Errors  Last Runtime    Last Run               Last # of DB Queries
-----------------------------------  -----  ---------  --------  ----------  --------------  -------------------  ----------------------
/opt/airflow/dags/teste_python.py                             1           0  0.23s           2026-09-25T01:23:36                      10
/opt/airflow/dags/test_container.py                           1           0  0.18s           2026-09-25T01:23:19                      10
================================================================================
[2026-09-25T01:24:12.117+0000] {manager.py:997} INFO - 
================================================================================
DAG File Processing Stats

File Path                            PID    Runtime      # DAGs    # Errors  Last Runtime    Last Run               Last # of DB Queries
-----------------------------------  -----  ---------  --------  ----------  --------------  -------------------  ----------------------
/opt/airflow/dags/test_container.py                           1           0  0.38s           2026-09-25T01:23:50                      10
/opt/airflow/dags/teste_python.py                             1           0  0.30s           2026-09-25T01:24:07                      10
================================================================================
[2026-09-25T01:24:42.973+0000] {manager.py:997} INFO - 
================================================================================
DAG File Processing Stats

File Path                            PID    Runtime      # DAGs    # Errors  Last Runtime    Last Run               Last # of DB Queries
-----------------------------------  -----  ---------  --------  ----------  --------------  -------------------  ----------------------
/opt/airflow/dags/test_container.py                           1           0  0.23s           2026-09-25T01:24:20                      10
/opt/airflow/dags/teste_python.py                             1           0  0.17s           2026-09-25T01:24:37                      10
================================================================================
[2026-09-25T01:25:13.470+0000] {manager.py:997} INFO - 
================================================================================
DAG File Processing Stats

File Path                            PID    Runtime      # DAGs    # Errors  Last Runtime    Last Run               Last # of DB Queries
-----------------------------------  -----  ---------  --------  ----------  --------------  -------------------  ----------------------
/opt/airflow/dags/test_container.py                           1           0  0.20s           2026-09-25T01:24:51                      10
/opt/airflow/dags/teste_python.py                             1           0  0.18s           2026-09-25T01:25:08                      10
================================================================================
[2026-09-25T01:25:40.045+0000] {manager.py:821} INFO - Searching for files in /opt/airflow/dags
[2026-09-25T01:25:40.102+0000] {manager.py:824} INFO - There are 2 files in /opt/airflow/dags
[2026-09-25T01:25:44.166+0000] {manager.py:997} INFO - 
================================================================================
DAG File Processing Stats

File Path                            PID    Runtime      # DAGs    # Errors  Last Runtime    Last Run               Last # of DB Queries
-----------------------------------  -----  ---------  --------  ----------  --------------  -------------------  ----------------------
/opt/airflow/dags/teste_python.py                             1           0  0.50s           2026-09-25T01:25:39                      10
/opt/airflow/dags/test_container.py                           1           0  0.22s           2026-09-25T01:25:21                      10
================================================================================
[2026-09-25T01:26:14.799+0000] {manager.py:997} INFO - 
================================================================================
DAG File Processing Stats

File Path                            PID    Runtime      # DAGs    # Errors  Last Runtime    Last Run               Last # of DB Queries
-----------------------------------  -----  ---------  --------  ----------  --------------  -------------------  ----------------------
/opt/airflow/dags/test_container.py                           1           0  0.20s           2026-09-25T01:25:52                      10
/opt/airflow/dags/teste_python.py                             1           0  0.20s           2026-09-25T01:26:09                      10
================================================================================
[2026-09-25T01:26:45.214+0000] {manager.py:997} INFO - 
================================================================================
DAG File Processing Stats

File Path                            PID    Runtime      # DAGs    # Errors  Last Runtime    Last Run               Last # of DB Queries
-----------------------------------  -----  ---------  --------  ----------  --------------  -------------------  ----------------------
/opt/airflow/dags/teste_python.py                             1           0  0.18s           2026-09-25T01:26:40                      10
/opt/airflow/dags/test_container.py                           1           0  0.18s           2026-09-25T01:26:23                      10
================================================================================
[2026-09-25T01:27:15.768+0000] {manager.py:997} INFO - 
================================================================================
DAG File Processing Stats

File Path                            PID    Runtime      # DAGs    # Errors  Last Runtime    Last Run               Last # of DB Queries
-----------------------------------  -----  ---------  --------  ----------  --------------  -------------------  ----------------------
/opt/airflow/dags/test_container.py                           1           0  0.20s           2026-09-25T01:26:53                      10
/opt/airflow/dags/teste_python.py                             1           0  0.18s           2026-09-25T01:27:10                      10
================================================================================
[2026-09-25T01:27:46.311+0000] {manager.py:997} INFO - 
================================================================================
DAG File Processing Stats

File Path                            PID    Runtime      # DAGs    # Errors  Last Runtime    Last Run               Last # of DB Queries
-----------------------------------  -----  ---------  --------  ----------  --------------  -------------------  ----------------------
/opt/airflow/dags/test_container.py                           1           0  0.38s           2026-09-25T01:27:24                      10
/opt/airflow/dags/teste_python.py                             1           0  0.20s           2026-09-25T01:27:41                      10
================================================================================
[2026-09-25T01:28:16.792+0000] {manager.py:997} INFO - 
================================================================================
DAG File Processing Stats

File Path                            PID    Runtime      # DAGs    # Errors  Last Runtime    Last Run               Last # of DB Queries
-----------------------------------  -----  ---------  --------  ----------  --------------  -------------------  ----------------------
/opt/airflow/dags/teste_python.py                             1           0  0.20s           2026-09-25T01:28:11                      10
/opt/airflow/dags/test_container.py                           1           0  0.20s           2026-09-25T01:27:54                      10
================================================================================
[2026-09-25T01:28:47.327+0000] {manager.py:997} INFO - 
================================================================================
DAG File Processing Stats

File Path                            PID    Runtime      # DAGs    # Errors  Last Runtime    Last Run               Last # of DB Queries
-----------------------------------  -----  ---------  --------  ----------  --------------  -------------------  ----------------------
/opt/airflow/dags/teste_python.py                             1           0  0.21s           2026-09-25T01:28:42                      10
/opt/airflow/dags/test_container.py                           1           0  0.17s           2026-09-25T01:28:25                      10
================================================================================
[2026-09-25T01:29:17.415+0000] {manager.py:997} INFO - 
================================================================================
DAG File Processing Stats

File Path                            PID    Runtime      # DAGs    # Errors  Last Runtime    Last Run               Last # of DB Queries
-----------------------------------  -----  ---------  --------  ----------  --------------  -------------------  ----------------------
/opt/airflow/dags/teste_python.py                             1           0  0.25s           2026-09-25T01:29:13                      10
/opt/airflow/dags/test_container.py                           1           0  0.20s           2026-09-25T01:28:55                      10
================================================================================
[2026-09-25T01:29:48.170+0000] {manager.py:997} INFO - 
================================================================================
DAG File Processing Stats

File Path                            PID    Runtime      # DAGs    # Errors  Last Runtime    Last Run               Last # of DB Queries
-----------------------------------  -----  ---------  --------  ----------  --------------  -------------------  ----------------------
/opt/airflow/dags/test_container.py                           1           0  0.20s           2026-09-25T01:29:26                      10
/opt/airflow/dags/teste_python.py                             1           0  0.18s           2026-09-25T01:29:33                       9
================================================================================
[2026-09-25T01:30:18.645+0000] {manager.py:997} INFO - 
================================================================================
DAG File Processing Stats

File Path                            PID    Runtime      # DAGs    # Errors  Last Runtime    Last Run               Last # of DB Queries
-----------------------------------  -----  ---------  --------  ----------  --------------  -------------------  ----------------------
/opt/airflow/dags/teste_python.py                             1           0  0.19s           2026-09-25T01:30:03                      10
/opt/airflow/dags/test_container.py                           1           0  0.18s           2026-09-25T01:29:57                      10
================================================================================
[2026-09-25T01:30:40.085+0000] {manager.py:821} INFO - Searching for files in /opt/airflow/dags
[2026-09-25T01:30:40.150+0000] {manager.py:824} INFO - There are 2 files in /opt/airflow/dags
[2026-09-25T01:30:49.246+0000] {manager.py:997} INFO - 
================================================================================
DAG File Processing Stats

File Path                            PID    Runtime      # DAGs    # Errors  Last Runtime    Last Run               Last # of DB Queries
-----------------------------------  -----  ---------  --------  ----------  --------------  -------------------  ----------------------
/opt/airflow/dags/teste_python.py                             1           0  0.21s           2026-09-25T01:30:34                      10
/opt/airflow/dags/test_container.py                           1           0  0.18s           2026-09-25T01:30:27                      10
================================================================================
[2026-09-25T01:31:19.825+0000] {manager.py:997} INFO - 
================================================================================
DAG File Processing Stats

File Path                            PID    Runtime      # DAGs    # Errors  Last Runtime    Last Run               Last # of DB Queries
-----------------------------------  -----  ---------  --------  ----------  --------------  -------------------  ----------------------
/opt/airflow/dags/test_container.py                           1           0  0.25s           2026-09-25T01:30:58                      10
/opt/airflow/dags/teste_python.py                             1           0  0.18s           2026-09-25T01:31:04                      10
================================================================================
[2026-09-25T01:31:50.351+0000] {manager.py:997} INFO - 
================================================================================
DAG File Processing Stats

File Path                            PID    Runtime      # DAGs    # Errors  Last Runtime    Last Run               Last # of DB Queries
-----------------------------------  -----  ---------  --------  ----------  --------------  -------------------  ----------------------
/opt/airflow/dags/teste_python.py                             1           0  0.18s           2026-09-25T01:31:35                      10
/opt/airflow/dags/test_container.py                           1           0  0.18s           2026-09-25T01:31:29                      10
================================================================================
[2026-09-25T01:32:20.826+0000] {manager.py:997} INFO - 
================================================================================
DAG File Processing Stats

File Path                            PID    Runtime      # DAGs    # Errors  Last Runtime    Last Run               Last # of DB Queries
-----------------------------------  -----  ---------  --------  ----------  --------------  -------------------  ----------------------
/opt/airflow/dags/teste_python.py                             1           0  0.18s           2026-09-25T01:32:05                      10
/opt/airflow/dags/test_container.py                           1           0  0.18s           2026-09-25T01:31:59                      10
================================================================================
[2026-09-25T01:32:51.387+0000] {manager.py:997} INFO - 
================================================================================
DAG File Processing Stats

File Path                            PID    Runtime      # DAGs    # Errors  Last Runtime    Last Run               Last # of DB Queries
-----------------------------------  -----  ---------  --------  ----------  --------------  -------------------  ----------------------
/opt/airflow/dags/test_container.py                           1           0  0.20s           2026-09-25T01:32:30                      10
/opt/airflow/dags/teste_python.py                             1           0  0.17s           2026-09-25T01:32:36                      10
================================================================================
[2026-09-25T01:33:22.178+0000] {manager.py:997} INFO - 
================================================================================
DAG File Processing Stats

File Path                            PID    Runtime      # DAGs    # Errors  Last Runtime    Last Run               Last # of DB Queries
-----------------------------------  -----  ---------  --------  ----------  --------------  -------------------  ----------------------
/opt/airflow/dags/teste_python.py                             1           0  0.18s           2026-09-25T01:33:06                      10
/opt/airflow/dags/test_container.py                           1           0  0.18s           2026-09-25T01:33:00                      10
================================================================================
[2026-09-25T01:33:52.643+0000] {manager.py:997} INFO - 
================================================================================
DAG File Processing Stats

File Path                            PID    Runtime      # DAGs    # Errors  Last Runtime    Last Run               Last # of DB Queries
-----------------------------------  -----  ---------  --------  ----------  --------------  -------------------  ----------------------
/opt/airflow/dags/teste_python.py                             1           0  0.18s           2026-09-25T01:33:37                      10
/opt/airflow/dags/test_container.py                           1           0  0.18s           2026-09-25T01:33:31                      10
================================================================================
[2026-09-25T01:34:23.237+0000] {manager.py:997} INFO - 
================================================================================
DAG File Processing Stats

File Path                            PID    Runtime      # DAGs    # Errors  Last Runtime    Last Run               Last # of DB Queries
-----------------------------------  -----  ---------  --------  ----------  --------------  -------------------  ----------------------
/opt/airflow/dags/teste_python.py                             1           0  0.19s           2026-09-25T01:34:08                      10
/opt/airflow/dags/test_container.py                           1           0  0.17s           2026-09-25T01:34:01                      10
================================================================================
[2026-09-25T01:34:53.743+0000] {manager.py:997} INFO - 
================================================================================
DAG File Processing Stats

File Path                            PID    Runtime      # DAGs    # Errors  Last Runtime    Last Run               Last # of DB Queries
-----------------------------------  -----  ---------  --------  ----------  --------------  -------------------  ----------------------
/opt/airflow/dags/teste_python.py                             1           0  0.18s           2026-09-25T01:34:38                      10
/opt/airflow/dags/test_container.py                           1           0  0.17s           2026-09-25T01:34:32                      10
================================================================================
[2026-09-25T01:35:24.392+0000] {manager.py:997} INFO - 
================================================================================
DAG File Processing Stats

File Path                            PID    Runtime      # DAGs    # Errors  Last Runtime    Last Run               Last # of DB Queries
-----------------------------------  -----  ---------  --------  ----------  --------------  -------------------  ----------------------
/opt/airflow/dags/teste_python.py                             1           0  0.20s           2026-09-25T01:35:09                      10
/opt/airflow/dags/test_container.py                           1           0  0.19s           2026-09-25T01:35:03                      10
================================================================================
[2026-09-25T01:35:40.779+0000] {manager.py:821} INFO - Searching for files in /opt/airflow/dags
[2026-09-25T01:35:40.824+0000] {manager.py:824} INFO - There are 2 files in /opt/airflow/dags
[2026-09-25T01:35:55.033+0000] {manager.py:997} INFO - 
================================================================================
DAG File Processing Stats

File Path                            PID    Runtime      # DAGs    # Errors  Last Runtime    Last Run               Last # of DB Queries
-----------------------------------  -----  ---------  --------  ----------  --------------  -------------------  ----------------------
/opt/airflow/dags/test_container.py                           1           0  0.21s           2026-09-25T01:35:33                      10
/opt/airflow/dags/teste_python.py                             1           0  0.19s           2026-09-25T01:35:39                      10
================================================================================
[2026-09-25T01:36:25.679+0000] {manager.py:997} INFO - 
================================================================================
DAG File Processing Stats

File Path                            PID    Runtime      # DAGs    # Errors  Last Runtime    Last Run               Last # of DB Queries
-----------------------------------  -----  ---------  --------  ----------  --------------  -------------------  ----------------------
/opt/airflow/dags/test_container.py                           1           0  0.19s           2026-09-25T01:36:04                      10
/opt/airflow/dags/teste_python.py                             1           0  0.17s           2026-09-25T01:36:10                      10
================================================================================
[2026-09-25T01:36:55.709+0000] {manager.py:997} INFO - 
================================================================================
DAG File Processing Stats

File Path                            PID    Runtime      # DAGs    # Errors  Last Runtime    Last Run               Last # of DB Queries
-----------------------------------  -----  ---------  --------  ----------  --------------  -------------------  ----------------------
/opt/airflow/dags/test_container.py                           1           0  0.20s           2026-09-25T01:36:35                      10
/opt/airflow/dags/teste_python.py                             1           0  0.19s           2026-09-25T01:36:41                      10
================================================================================
[2026-09-25T01:37:26.277+0000] {manager.py:997} INFO - 
================================================================================
DAG File Processing Stats

File Path                            PID    Runtime      # DAGs    # Errors  Last Runtime    Last Run               Last # of DB Queries
-----------------------------------  -----  ---------  --------  ----------  --------------  -------------------  ----------------------
/opt/airflow/dags/teste_python.py                             1           0  0.21s           2026-09-25T01:37:12                      10
/opt/airflow/dags/test_container.py                           1           0  0.19s           2026-09-25T01:37:05                      10
================================================================================
[2026-09-25T01:37:56.675+0000] {manager.py:997} INFO - 
================================================================================
DAG File Processing Stats

File Path                            PID    Runtime      # DAGs    # Errors  Last Runtime    Last Run               Last # of DB Queries
-----------------------------------  -----  ---------  --------  ----------  --------------  -------------------  ----------------------
/opt/airflow/dags/test_container.py                           1           0  0.32s           2026-09-25T01:37:36                      10
/opt/airflow/dags/teste_python.py                             1           0  0.20s           2026-09-25T01:37:42                      10
================================================================================
[2026-09-25T01:38:27.061+0000] {manager.py:997} INFO - 
================================================================================
DAG File Processing Stats

File Path                            PID    Runtime      # DAGs    # Errors  Last Runtime    Last Run               Last # of DB Queries
-----------------------------------  -----  ---------  --------  ----------  --------------  -------------------  ----------------------
/opt/airflow/dags/teste_python.py                             1           0  0.56s           2026-09-25T01:38:27                      32
/opt/airflow/dags/test_container.py                           1           0  0.20s           2026-09-25T01:38:07                      10
================================================================================
[2026-09-25T01:38:57.670+0000] {manager.py:997} INFO - 
================================================================================
DAG File Processing Stats

File Path                            PID    Runtime      # DAGs    # Errors  Last Runtime    Last Run               Last # of DB Queries
-----------------------------------  -----  ---------  --------  ----------  --------------  -------------------  ----------------------
/opt/airflow/dags/test_container.py                           1           0  0.29s           2026-09-25T01:38:37                      10
/opt/airflow/dags/teste_python.py                             1           0  0.18s           2026-09-25T01:38:54                       9
================================================================================
[2026-09-25T01:39:27.702+0000] {manager.py:997} INFO - 
================================================================================
DAG File Processing Stats

File Path                            PID    Runtime      # DAGs    # Errors  Last Runtime    Last Run               Last # of DB Queries
-----------------------------------  -----  ---------  --------  ----------  --------------  -------------------  ----------------------
/opt/airflow/dags/teste_python.py                             1           0  0.34s           2026-09-25T01:39:25                      32
/opt/airflow/dags/test_container.py                           1           0  0.19s           2026-09-25T01:39:08                      10
================================================================================
[2026-09-25T01:39:58.110+0000] {manager.py:997} INFO - 
================================================================================
DAG File Processing Stats

File Path                            PID    Runtime      # DAGs    # Errors  Last Runtime    Last Run               Last # of DB Queries
-----------------------------------  -----  ---------  --------  ----------  --------------  -------------------  ----------------------
/opt/airflow/dags/teste_python.py                             1           0  0.20s           2026-09-25T01:39:56                      10
/opt/airflow/dags/test_container.py                           1           0  0.20s           2026-09-25T01:39:39                      10
================================================================================
[2026-09-25T01:40:28.603+0000] {manager.py:997} INFO - 
================================================================================
DAG File Processing Stats

File Path                            PID    Runtime      # DAGs    # Errors  Last Runtime    Last Run               Last # of DB Queries
-----------------------------------  -----  ---------  --------  ----------  --------------  -------------------  ----------------------
/opt/airflow/dags/teste_python.py                             1           0  0.24s           2026-09-25T01:40:26                      10
/opt/airflow/dags/test_container.py                           1           0  0.19s           2026-09-25T01:40:09                      10
================================================================================
[2026-09-25T01:40:40.916+0000] {manager.py:821} INFO - Searching for files in /opt/airflow/dags
[2026-09-25T01:40:40.965+0000] {manager.py:824} INFO - There are 2 files in /opt/airflow/dags
[2026-09-25T01:40:59.146+0000] {manager.py:997} INFO - 
================================================================================
DAG File Processing Stats

File Path                            PID    Runtime      # DAGs    # Errors  Last Runtime    Last Run               Last # of DB Queries
-----------------------------------  -----  ---------  --------  ----------  --------------  -------------------  ----------------------
/opt/airflow/dags/teste_python.py                             1           0  0.19s           2026-09-25T01:40:57                      10
/opt/airflow/dags/test_container.py                           1           0  0.19s           2026-09-25T01:40:39                      10
================================================================================
[2026-09-25T01:41:29.285+0000] {manager.py:997} INFO - 
================================================================================
DAG File Processing Stats

File Path                            PID    Runtime      # DAGs    # Errors  Last Runtime    Last Run               Last # of DB Queries
-----------------------------------  -----  ---------  --------  ----------  --------------  -------------------  ----------------------
/opt/airflow/dags/teste_python.py                             1           0  0.20s           2026-09-25T01:41:28                      10
/opt/airflow/dags/test_container.py                           1           0  0.16s           2026-09-25T01:41:10                      10
================================================================================
[2026-09-25T01:41:59.776+0000] {manager.py:997} INFO - 
================================================================================
DAG File Processing Stats

File Path                            PID    Runtime      # DAGs    # Errors  Last Runtime    Last Run               Last # of DB Queries
-----------------------------------  -----  ---------  --------  ----------  --------------  -------------------  ----------------------
/opt/airflow/dags/test_container.py                           1           0  0.32s           2026-09-25T01:41:41                      10
/opt/airflow/dags/teste_python.py                             1           0  0.19s           2026-09-25T01:41:58                      10
================================================================================
[2026-09-25T01:42:30.247+0000] {manager.py:997} INFO - 
================================================================================
DAG File Processing Stats

File Path                            PID    Runtime      # DAGs    # Errors  Last Runtime    Last Run               Last # of DB Queries
-----------------------------------  -----  ---------  --------  ----------  --------------  -------------------  ----------------------
/opt/airflow/dags/test_container.py                           1           0  0.18s           2026-09-25T01:42:12                      10
/opt/airflow/dags/teste_python.py                             1           0  0.18s           2026-09-25T01:42:29                      10
================================================================================
[2026-09-25T01:43:00.868+0000] {manager.py:997} INFO - 
================================================================================
DAG File Processing Stats

File Path                            PID    Runtime      # DAGs    # Errors  Last Runtime    Last Run               Last # of DB Queries
-----------------------------------  -----  ---------  --------  ----------  --------------  -------------------  ----------------------
/opt/airflow/dags/teste_python.py                             1           0  0.33s           2026-09-25T01:43:00                      10
/opt/airflow/dags/test_container.py                           1           0  0.19s           2026-09-25T01:42:42                      10
================================================================================
[2026-09-25T01:43:31.335+0000] {manager.py:997} INFO - 
================================================================================
DAG File Processing Stats

File Path                            PID    Runtime      # DAGs    # Errors  Last Runtime    Last Run               Last # of DB Queries
-----------------------------------  -----  ---------  --------  ----------  --------------  -------------------  ----------------------
/opt/airflow/dags/test_container.py                           1           0  0.19s           2026-09-25T01:43:13                      10
/opt/airflow/dags/teste_python.py                             1           0  0.18s           2026-09-25T01:43:30                      10
================================================================================
[2026-09-25T01:44:01.894+0000] {manager.py:997} INFO - 
================================================================================
DAG File Processing Stats

File Path                            PID    Runtime      # DAGs    # Errors  Last Runtime    Last Run               Last # of DB Queries
-----------------------------------  -----  ---------  --------  ----------  --------------  -------------------  ----------------------
/opt/airflow/dags/test_container.py                           1           0  0.23s           2026-09-25T01:43:43                      10
/opt/airflow/dags/teste_python.py                             1           0  0.18s           2026-09-25T01:44:00                      10
================================================================================
[2026-09-25T01:44:32.451+0000] {manager.py:997} INFO - 
================================================================================
DAG File Processing Stats

File Path                            PID    Runtime      # DAGs    # Errors  Last Runtime    Last Run               Last # of DB Queries
-----------------------------------  -----  ---------  --------  ----------  --------------  -------------------  ----------------------
/opt/airflow/dags/teste_python.py                             1           0  0.22s           2026-09-25T01:44:31                      10
/opt/airflow/dags/test_container.py                           1           0  0.21s           2026-09-25T01:44:14                      10
================================================================================
[2026-09-25T01:45:03.071+0000] {manager.py:997} INFO - 
================================================================================
DAG File Processing Stats

File Path                            PID    Runtime      # DAGs    # Errors  Last Runtime    Last Run               Last # of DB Queries
-----------------------------------  -----  ---------  --------  ----------  --------------  -------------------  ----------------------
/opt/airflow/dags/test_container.py                           1           0  0.28s           2026-09-25T01:44:44                      10
/opt/airflow/dags/teste_python.py                             1           0  0.21s           2026-09-25T01:45:02                      10
================================================================================
[2026-09-25T01:45:33.545+0000] {manager.py:997} INFO - 
================================================================================
DAG File Processing Stats

File Path                            PID    Runtime      # DAGs    # Errors  Last Runtime    Last Run               Last # of DB Queries
-----------------------------------  -----  ---------  --------  ----------  --------------  -------------------  ----------------------
/opt/airflow/dags/teste_python.py                             1           0  0.20s           2026-09-25T01:45:32                      10
/opt/airflow/dags/test_container.py                           1           0  0.18s           2026-09-25T01:45:15                      10
================================================================================
[2026-09-25T01:45:41.613+0000] {manager.py:821} INFO - Searching for files in /opt/airflow/dags
[2026-09-25T01:45:41.658+0000] {manager.py:824} INFO - There are 2 files in /opt/airflow/dags
[2026-09-25T01:46:04.070+0000] {manager.py:997} INFO - 
================================================================================
DAG File Processing Stats

File Path                            PID    Runtime      # DAGs    # Errors  Last Runtime    Last Run               Last # of DB Queries
-----------------------------------  -----  ---------  --------  ----------  --------------  -------------------  ----------------------
/opt/airflow/dags/teste_python.py                             1           0  0.19s           2026-09-25T01:46:03                      10
/opt/airflow/dags/test_container.py                           1           0  0.17s           2026-09-25T01:45:45                      10
================================================================================
[2026-09-25T01:46:34.572+0000] {manager.py:997} INFO - 
================================================================================
DAG File Processing Stats

File Path                            PID    Runtime      # DAGs    # Errors  Last Runtime    Last Run               Last # of DB Queries
-----------------------------------  -----  ---------  --------  ----------  --------------  -------------------  ----------------------
/opt/airflow/dags/test_container.py                           1           0  0.20s           2026-09-25T01:46:16                      10
/opt/airflow/dags/teste_python.py                             1           0  0.18s           2026-09-25T01:46:33                      10
================================================================================
[2026-09-25T01:47:05.231+0000] {manager.py:997} INFO - 
================================================================================
DAG File Processing Stats

File Path                            PID    Runtime      # DAGs    # Errors  Last Runtime    Last Run               Last # of DB Queries
-----------------------------------  -----  ---------  --------  ----------  --------------  -------------------  ----------------------
/opt/airflow/dags/teste_python.py                             1           0  0.19s           2026-09-25T01:47:04                      10
/opt/airflow/dags/test_container.py                           1           0  0.18s           2026-09-25T01:46:46                      10
================================================================================
[2026-09-25T01:47:35.888+0000] {manager.py:997} INFO - 
================================================================================
DAG File Processing Stats

File Path                            PID    Runtime      # DAGs    # Errors  Last Runtime    Last Run               Last # of DB Queries
-----------------------------------  -----  ---------  --------  ----------  --------------  -------------------  ----------------------
/opt/airflow/dags/teste_python.py                             1           0  0.19s           2026-09-25T01:47:34                      10
/opt/airflow/dags/test_container.py                           1           0  0.18s           2026-09-25T01:47:17                      10
================================================================================
[2026-09-25T01:48:06.375+0000] {manager.py:997} INFO - 
================================================================================
DAG File Processing Stats

File Path                            PID    Runtime      # DAGs    # Errors  Last Runtime    Last Run               Last # of DB Queries
-----------------------------------  -----  ---------  --------  ----------  --------------  -------------------  ----------------------
/opt/airflow/dags/test_container.py                           1           0  0.27s           2026-09-25T01:47:48                      10
/opt/airflow/dags/teste_python.py                             1           0  0.18s           2026-09-25T01:48:05                      10
================================================================================
[2026-09-25T01:48:37.038+0000] {manager.py:997} INFO - 
================================================================================
DAG File Processing Stats

File Path                            PID    Runtime      # DAGs    # Errors  Last Runtime    Last Run               Last # of DB Queries
-----------------------------------  -----  ---------  --------  ----------  --------------  -------------------  ----------------------
/opt/airflow/dags/teste_python.py                             1           0  0.21s           2026-09-25T01:48:36                      10
/opt/airflow/dags/test_container.py                           1           0  0.20s           2026-09-25T01:48:18                      10
================================================================================
[2026-09-25T01:49:07.554+0000] {manager.py:997} INFO - 
================================================================================
DAG File Processing Stats

File Path                            PID    Runtime      # DAGs    # Errors  Last Runtime    Last Run               Last # of DB Queries
-----------------------------------  -----  ---------  --------  ----------  --------------  -------------------  ----------------------
/opt/airflow/dags/teste_python.py                             1           0  0.18s           2026-09-25T01:49:06                      10
/opt/airflow/dags/test_container.py                           1           0  0.17s           2026-09-25T01:48:49                      10
================================================================================
[2026-09-25T01:49:38.027+0000] {manager.py:997} INFO - 
================================================================================
DAG File Processing Stats

File Path                            PID    Runtime      # DAGs    # Errors  Last Runtime    Last Run               Last # of DB Queries
-----------------------------------  -----  ---------  --------  ----------  --------------  -------------------  ----------------------
/opt/airflow/dags/teste_python.py                             1           0  0.20s           2026-09-25T01:49:37                      10
/opt/airflow/dags/test_container.py                           1           0  0.18s           2026-09-25T01:49:19                      10
================================================================================
[2026-09-25T01:50:08.592+0000] {manager.py:997} INFO - 
================================================================================
DAG File Processing Stats

File Path                            PID    Runtime      # DAGs    # Errors  Last Runtime    Last Run               Last # of DB Queries
-----------------------------------  -----  ---------  --------  ----------  --------------  -------------------  ----------------------
/opt/airflow/dags/teste_python.py                             1           0  0.19s           2026-09-25T01:50:07                      10
/opt/airflow/dags/test_container.py                           1           0  0.17s           2026-09-25T01:49:50                      10
================================================================================
[2026-09-25T01:50:39.203+0000] {manager.py:997} INFO - 
================================================================================
DAG File Processing Stats

File Path                            PID    Runtime      # DAGs    # Errors  Last Runtime    Last Run               Last # of DB Queries
-----------------------------------  -----  ---------  --------  ----------  --------------  -------------------  ----------------------
/opt/airflow/dags/teste_python.py                             1           0  0.19s           2026-09-25T01:50:38                      10
/opt/airflow/dags/test_container.py                           1           0  0.17s           2026-09-25T01:50:21                      10
================================================================================
[2026-09-25T01:50:42.224+0000] {manager.py:821} INFO - Searching for files in /opt/airflow/dags
[2026-09-25T01:50:42.272+0000] {manager.py:824} INFO - There are 2 files in /opt/airflow/dags
[2026-09-25T01:51:09.863+0000] {manager.py:997} INFO - 
================================================================================
DAG File Processing Stats

File Path                            PID    Runtime      # DAGs    # Errors  Last Runtime    Last Run               Last # of DB Queries
-----------------------------------  -----  ---------  --------  ----------  --------------  -------------------  ----------------------
/opt/airflow/dags/teste_python.py                             1           0  0.36s           2026-09-25T01:51:09                      10
/opt/airflow/dags/test_container.py                           1           0  0.28s           2026-09-25T01:50:51                      10
================================================================================
[2026-09-25T01:51:40.396+0000] {manager.py:997} INFO - 
================================================================================
DAG File Processing Stats

File Path                            PID    Runtime      # DAGs    # Errors  Last Runtime    Last Run               Last # of DB Queries
-----------------------------------  -----  ---------  --------  ----------  --------------  -------------------  ----------------------
/opt/airflow/dags/teste_python.py                             1           0  0.20s           2026-09-25T01:51:39                      10
/opt/airflow/dags/test_container.py                           1           0  0.17s           2026-09-25T01:51:22                      10
================================================================================
[2026-09-25T01:52:10.953+0000] {manager.py:997} INFO - 
================================================================================
DAG File Processing Stats

File Path                            PID    Runtime      # DAGs    # Errors  Last Runtime    Last Run               Last # of DB Queries
-----------------------------------  -----  ---------  --------  ----------  --------------  -------------------  ----------------------
/opt/airflow/dags/teste_python.py                             1           0  0.19s           2026-09-25T01:52:10                      10
/opt/airflow/dags/test_container.py                           1           0  0.18s           2026-09-25T01:51:52                      10
================================================================================
[2026-09-25T01:52:41.484+0000] {manager.py:997} INFO - 
================================================================================
DAG File Processing Stats

File Path                            PID    Runtime      # DAGs    # Errors  Last Runtime    Last Run               Last # of DB Queries
-----------------------------------  -----  ---------  --------  ----------  --------------  -------------------  ----------------------
/opt/airflow/dags/test_container.py                           1           0  0.20s           2026-09-25T01:52:23                      10
/opt/airflow/dags/teste_python.py                             1           0  0.18s           2026-09-25T01:52:40                      10
================================================================================
[2026-09-25T01:53:11.978+0000] {manager.py:997} INFO - 
================================================================================
DAG File Processing Stats

File Path                            PID    Runtime      # DAGs    # Errors  Last Runtime    Last Run               Last # of DB Queries
-----------------------------------  -----  ---------  --------  ----------  --------------  -------------------  ----------------------
/opt/airflow/dags/test_container.py                           1           0  0.20s           2026-09-25T01:52:53                      10
/opt/airflow/dags/teste_python.py                             1           0  0.19s           2026-09-25T01:53:10                      10
================================================================================
[2026-09-25T01:53:42.290+0000] {manager.py:997} INFO - 
================================================================================
DAG File Processing Stats

File Path                            PID    Runtime      # DAGs    # Errors  Last Runtime    Last Run               Last # of DB Queries
-----------------------------------  -----  ---------  --------  ----------  --------------  -------------------  ----------------------
/opt/airflow/dags/test_container.py                           1           0  0.43s           2026-09-25T01:53:24                      10
/opt/airflow/dags/teste_python.py                             1           0  0.17s           2026-09-25T01:53:41                      10
================================================================================
[2026-09-25T01:54:12.896+0000] {manager.py:997} INFO - 
================================================================================
DAG File Processing Stats

File Path                            PID    Runtime      # DAGs    # Errors  Last Runtime    Last Run               Last # of DB Queries
-----------------------------------  -----  ---------  --------  ----------  --------------  -------------------  ----------------------
/opt/airflow/dags/test_container.py                           1           0  0.18s           2026-09-25T01:53:54                      10
/opt/airflow/dags/teste_python.py                             1           0  0.18s           2026-09-25T01:54:11                      10
================================================================================
[2026-09-25T01:54:43.333+0000] {manager.py:997} INFO - 
================================================================================
DAG File Processing Stats

File Path                            PID    Runtime      # DAGs    # Errors  Last Runtime    Last Run               Last # of DB Queries
-----------------------------------  -----  ---------  --------  ----------  --------------  -------------------  ----------------------
/opt/airflow/dags/test_container.py                           1           0  0.17s           2026-09-25T01:54:25                      10
/opt/airflow/dags/teste_python.py                             1           0  0.17s           2026-09-25T01:54:42                      10
================================================================================
[2026-09-25T01:55:13.779+0000] {manager.py:997} INFO - 
================================================================================
DAG File Processing Stats

File Path                            PID    Runtime      # DAGs    # Errors  Last Runtime    Last Run               Last # of DB Queries
-----------------------------------  -----  ---------  --------  ----------  --------------  -------------------  ----------------------
/opt/airflow/dags/test_container.py                           1           0  0.18s           2026-09-25T01:54:55                      10
/opt/airflow/dags/teste_python.py                             1           0  0.17s           2026-09-25T01:55:12                      10
================================================================================
[2026-09-25T01:55:42.234+0000] {manager.py:821} INFO - Searching for files in /opt/airflow/dags
[2026-09-25T01:55:42.297+0000] {manager.py:824} INFO - There are 2 files in /opt/airflow/dags
[2026-09-25T01:55:44.333+0000] {manager.py:997} INFO - 
================================================================================
DAG File Processing Stats

File Path                            PID    Runtime      # DAGs    # Errors  Last Runtime    Last Run               Last # of DB Queries
-----------------------------------  -----  ---------  --------  ----------  --------------  -------------------  ----------------------
/opt/airflow/dags/teste_python.py                             1           0  0.21s           2026-09-25T01:55:43                      10
/opt/airflow/dags/test_container.py                           1           0  0.21s           2026-09-25T01:55:26                      10
================================================================================
[2026-09-25T01:56:14.904+0000] {manager.py:997} INFO - 
================================================================================
DAG File Processing Stats

File Path                            PID    Runtime      # DAGs    # Errors  Last Runtime    Last Run               Last # of DB Queries
-----------------------------------  -----  ---------  --------  ----------  --------------  -------------------  ----------------------
/opt/airflow/dags/test_container.py                           1           0  0.20s           2026-09-25T01:55:56                      10
/opt/airflow/dags/teste_python.py                             1           0  0.18s           2026-09-25T01:56:13                      10
================================================================================
[2026-09-25T01:56:45.379+0000] {manager.py:997} INFO - 
================================================================================
DAG File Processing Stats

File Path                            PID    Runtime      # DAGs    # Errors  Last Runtime    Last Run               Last # of DB Queries
-----------------------------------  -----  ---------  --------  ----------  --------------  -------------------  ----------------------
/opt/airflow/dags/test_container.py                           1           0  0.18s           2026-09-25T01:56:27                      10
/opt/airflow/dags/teste_python.py                             1           0  0.18s           2026-09-25T01:56:44                      10
================================================================================
[2026-09-25T01:57:15.826+0000] {manager.py:997} INFO - 
================================================================================
DAG File Processing Stats

File Path                            PID    Runtime      # DAGs    # Errors  Last Runtime    Last Run               Last # of DB Queries
-----------------------------------  -----  ---------  --------  ----------  --------------  -------------------  ----------------------
/opt/airflow/dags/teste_python.py                             1           0  0.17s           2026-09-25T01:57:14                      10
/opt/airflow/dags/test_container.py                           1           0  0.17s           2026-09-25T01:56:57                      10
================================================================================
[2026-09-25T01:57:46.289+0000] {manager.py:997} INFO - 
================================================================================
DAG File Processing Stats

File Path                            PID    Runtime      # DAGs    # Errors  Last Runtime    Last Run               Last # of DB Queries
-----------------------------------  -----  ---------  --------  ----------  --------------  -------------------  ----------------------
/opt/airflow/dags/teste_python.py                             1           0  0.19s           2026-09-25T01:57:45                      10
/opt/airflow/dags/test_container.py                           1           0  0.19s           2026-09-25T01:57:28                      10
================================================================================
[2026-09-25T01:58:16.763+0000] {manager.py:997} INFO - 
================================================================================
DAG File Processing Stats

File Path                            PID    Runtime      # DAGs    # Errors  Last Runtime    Last Run               Last # of DB Queries
-----------------------------------  -----  ---------  --------  ----------  --------------  -------------------  ----------------------
/opt/airflow/dags/test_container.py                           1           0  0.18s           2026-09-25T01:57:58                      10
/opt/airflow/dags/teste_python.py                             1           0  0.18s           2026-09-25T01:58:15                      10
================================================================================
[2026-09-25T01:58:47.123+0000] {manager.py:997} INFO - 
================================================================================
DAG File Processing Stats

File Path                            PID    Runtime      # DAGs    # Errors  Last Runtime    Last Run               Last # of DB Queries
-----------------------------------  -----  ---------  --------  ----------  --------------  -------------------  ----------------------
/opt/airflow/dags/test_container.py                           1           0  0.40s           2026-09-25T01:58:29                      10
/opt/airflow/dags/teste_python.py                             1           0  0.19s           2026-09-25T01:58:46                      10
================================================================================
[2026-09-25T01:59:16.627+0000] {manager.py:1288} WARNING - Skipping processing of missing file: /opt/airflow/dags/test_container.py
[2026-09-25T01:59:17.744+0000] {manager.py:997} INFO - 
================================================================================
DAG File Processing Stats

File Path                            PID  Runtime      # DAGs    # Errors  Last Runtime    Last Run               Last # of DB Queries
---------------------------------  -----  ---------  --------  ----------  --------------  -------------------  ----------------------
/opt/airflow/dags/teste_python.py   4135  1.11s             1           0  0.19s           2026-09-25T01:58:46                      10
================================================================================
[2026-09-25T01:59:29.935+0000] {manager.py:1288} WARNING - Skipping processing of missing file: /opt/airflow/dags/teste_python.py
[2026-09-25T02:00:42.459+0000] {manager.py:821} INFO - Searching for files in /opt/airflow/dags
[2026-09-25T02:00:42.501+0000] {manager.py:824} INFO - There are 1 files in /opt/airflow/dags
[2026-09-25T02:00:48.603+0000] {manager.py:997} INFO - 
================================================================================
DAG File Processing Stats

File Path                         PID    Runtime      # DAGs    # Errors  Last Runtime    Last Run               Last # of DB Queries
--------------------------------  -----  ---------  --------  ----------  --------------  -------------------  ----------------------
/opt/airflow/dags/ELT_Projeto.py                           1           0  0.67s           2026-09-25T02:00:43                      43
================================================================================
[2026-09-25T02:01:18.767+0000] {manager.py:997} INFO - 
================================================================================
DAG File Processing Stats

File Path                         PID    Runtime      # DAGs    # Errors  Last Runtime    Last Run               Last # of DB Queries
--------------------------------  -----  ---------  --------  ----------  --------------  -------------------  ----------------------
/opt/airflow/dags/ELT_Projeto.py                           1           0  0.21s           2026-09-25T02:01:13                      10
================================================================================
[2026-09-25T02:01:49.150+0000] {manager.py:997} INFO - 
================================================================================
DAG File Processing Stats

File Path                         PID    Runtime      # DAGs    # Errors  Last Runtime    Last Run               Last # of DB Queries
--------------------------------  -----  ---------  --------  ----------  --------------  -------------------  ----------------------
/opt/airflow/dags/ELT_Projeto.py                           1           0  0.20s           2026-09-25T02:01:44                      10
================================================================================
