[2026-09-25T00:00:32.216+0000] {processor.py:186} INFO - Started process (PID=181) to work on /opt/airflow/dags/hello_airflow.py
[2026-09-25T00:00:32.218+0000] {processor.py:914} INFO - Processing file /opt/airflow/dags/hello_airflow.py for tasks to queue
[2026-09-25T00:00:32.224+0000] {logging_mixin.py:190} INFO - [2026-09-25T00:00:32.223+0000] {dagbag.py:588} INFO - Filling up the DagBag from /opt/airflow/dags/hello_airflow.py
[2026-09-25T00:00:32.253+0000] {processor.py:925} INFO - DAG(s) 'hello_airflow' retrieved from /opt/airflow/dags/hello_airflow.py
[2026-09-25T00:00:32.310+0000] {logging_mixin.py:190} INFO - [2026-09-25T00:00:32.309+0000] {dag.py:3239} INFO - Sync 1 DAGs
[2026-09-25T00:00:32.340+0000] {logging_mixin.py:190} INFO - [2026-09-25T00:00:32.340+0000] {dag.py:4180} INFO - Setting next_dagrun for hello_airflow to None, run_after=None
[2026-09-25T00:00:32.383+0000] {processor.py:208} INFO - Processing /opt/airflow/dags/hello_airflow.py took 0.179 seconds
[2026-09-25T00:01:02.828+0000] {processor.py:186} INFO - Started process (PID=196) to work on /opt/airflow/dags/hello_airflow.py
[2026-09-25T00:01:02.830+0000] {processor.py:914} INFO - Processing file /opt/airflow/dags/hello_airflow.py for tasks to queue
[2026-09-25T00:01:02.834+0000] {logging_mixin.py:190} INFO - [2026-09-25T00:01:02.833+0000] {dagbag.py:588} INFO - Filling up the DagBag from /opt/airflow/dags/hello_airflow.py
[2026-09-25T00:01:02.858+0000] {processor.py:925} INFO - DAG(s) 'hello_airflow' retrieved from /opt/airflow/dags/hello_airflow.py
[2026-09-25T00:01:02.907+0000] {logging_mixin.py:190} INFO - [2026-09-25T00:01:02.907+0000] {dag.py:3239} INFO - Sync 1 DAGs
[2026-09-25T00:01:02.929+0000] {logging_mixin.py:190} INFO - [2026-09-25T00:01:02.929+0000] {dag.py:4180} INFO - Setting next_dagrun for hello_airflow to None, run_after=None
[2026-09-25T00:01:02.955+0000] {processor.py:208} INFO - Processing /opt/airflow/dags/hello_airflow.py took 0.137 seconds
[2026-09-25T00:01:33.393+0000] {processor.py:186} INFO - Started process (PID=211) to work on /opt/airflow/dags/hello_airflow.py
[2026-09-25T00:01:33.395+0000] {processor.py:914} INFO - Processing file /opt/airflow/dags/hello_airflow.py for tasks to queue
[2026-09-25T00:01:33.401+0000] {logging_mixin.py:190} INFO - [2026-09-25T00:01:33.400+0000] {dagbag.py:588} INFO - Filling up the DagBag from /opt/airflow/dags/hello_airflow.py
[2026-09-25T00:01:33.427+0000] {processor.py:925} INFO - DAG(s) 'hello_airflow' retrieved from /opt/airflow/dags/hello_airflow.py
[2026-09-25T00:01:33.475+0000] {logging_mixin.py:190} INFO - [2026-09-25T00:01:33.475+0000] {dag.py:3239} INFO - Sync 1 DAGs
[2026-09-25T00:01:33.502+0000] {logging_mixin.py:190} INFO - [2026-09-25T00:01:33.501+0000] {dag.py:4180} INFO - Setting next_dagrun for hello_airflow to None, run_after=None
[2026-09-25T00:01:33.533+0000] {processor.py:208} INFO - Processing /opt/airflow/dags/hello_airflow.py took 0.149 seconds
[2026-09-25T00:02:04.018+0000] {processor.py:186} INFO - Started process (PID=226) to work on /opt/airflow/dags/hello_airflow.py
[2026-09-25T00:02:04.020+0000] {processor.py:914} INFO - Processing file /opt/airflow/dags/hello_airflow.py for tasks to queue
[2026-09-25T00:02:04.025+0000] {logging_mixin.py:190} INFO - [2026-09-25T00:02:04.024+0000] {dagbag.py:588} INFO - Filling up the DagBag from /opt/airflow/dags/hello_airflow.py
[2026-09-25T00:02:04.047+0000] {processor.py:925} INFO - DAG(s) 'hello_airflow' retrieved from /opt/airflow/dags/hello_airflow.py
[2026-09-25T00:02:04.090+0000] {logging_mixin.py:190} INFO - [2026-09-25T00:02:04.090+0000] {dag.py:3239} INFO - Sync 1 DAGs
[2026-09-25T00:02:04.114+0000] {logging_mixin.py:190} INFO - [2026-09-25T00:02:04.114+0000] {dag.py:4180} INFO - Setting next_dagrun for hello_airflow to None, run_after=None
[2026-09-25T00:02:04.140+0000] {processor.py:208} INFO - Processing /opt/airflow/dags/hello_airflow.py took 0.131 seconds
[2026-09-25T00:02:34.589+0000] {processor.py:186} INFO - Started process (PID=241) to work on /opt/airflow/dags/hello_airflow.py
[2026-09-25T00:02:34.592+0000] {processor.py:914} INFO - Processing file /opt/airflow/dags/hello_airflow.py for tasks to queue
[2026-09-25T00:02:34.595+0000] {logging_mixin.py:190} INFO - [2026-09-25T00:02:34.595+0000] {dagbag.py:588} INFO - Filling up the DagBag from /opt/airflow/dags/hello_airflow.py
[2026-09-25T00:02:34.617+0000] {processor.py:925} INFO - DAG(s) 'hello_airflow' retrieved from /opt/airflow/dags/hello_airflow.py
[2026-09-25T00:02:34.658+0000] {logging_mixin.py:190} INFO - [2026-09-25T00:02:34.657+0000] {dag.py:3239} INFO - Sync 1 DAGs
[2026-09-25T00:02:34.679+0000] {logging_mixin.py:190} INFO - [2026-09-25T00:02:34.678+0000] {dag.py:4180} INFO - Setting next_dagrun for hello_airflow to None, run_after=None
[2026-09-25T00:02:34.713+0000] {processor.py:208} INFO - Processing /opt/airflow/dags/hello_airflow.py took 0.133 seconds
[2026-09-25T00:03:05.152+0000] {processor.py:186} INFO - Started process (PID=256) to work on /opt/airflow/dags/hello_airflow.py
[2026-09-25T00:03:05.154+0000] {processor.py:914} INFO - Processing file /opt/airflow/dags/hello_airflow.py for tasks to queue
[2026-09-25T00:03:05.158+0000] {logging_mixin.py:190} INFO - [2026-09-25T00:03:05.157+0000] {dagbag.py:588} INFO - Filling up the DagBag from /opt/airflow/dags/hello_airflow.py
[2026-09-25T00:03:05.179+0000] {processor.py:925} INFO - DAG(s) 'hello_airflow' retrieved from /opt/airflow/dags/hello_airflow.py
[2026-09-25T00:03:05.221+0000] {logging_mixin.py:190} INFO - [2026-09-25T00:03:05.221+0000] {dag.py:3239} INFO - Sync 1 DAGs
[2026-09-25T00:03:05.244+0000] {logging_mixin.py:190} INFO - [2026-09-25T00:03:05.243+0000] {dag.py:4180} INFO - Setting next_dagrun for hello_airflow to None, run_after=None
[2026-09-25T00:03:05.272+0000] {processor.py:208} INFO - Processing /opt/airflow/dags/hello_airflow.py took 0.128 seconds
[2026-09-25T00:03:36.016+0000] {processor.py:186} INFO - Started process (PID=271) to work on /opt/airflow/dags/hello_airflow.py
[2026-09-25T00:03:36.022+0000] {processor.py:914} INFO - Processing file /opt/airflow/dags/hello_airflow.py for tasks to queue
[2026-09-25T00:03:36.029+0000] {logging_mixin.py:190} INFO - [2026-09-25T00:03:36.029+0000] {dagbag.py:588} INFO - Filling up the DagBag from /opt/airflow/dags/hello_airflow.py
[2026-09-25T00:03:36.060+0000] {processor.py:925} INFO - DAG(s) 'hello_airflow' retrieved from /opt/airflow/dags/hello_airflow.py
[2026-09-25T00:03:36.111+0000] {logging_mixin.py:190} INFO - [2026-09-25T00:03:36.110+0000] {dag.py:3239} INFO - Sync 1 DAGs
[2026-09-25T00:03:36.133+0000] {logging_mixin.py:190} INFO - [2026-09-25T00:03:36.133+0000] {dag.py:4180} INFO - Setting next_dagrun for hello_airflow to None, run_after=None
[2026-09-25T00:03:36.158+0000] {processor.py:208} INFO - Processing /opt/airflow/dags/hello_airflow.py took 0.151 seconds
[2026-09-25T00:04:07.210+0000] {processor.py:186} INFO - Started process (PID=284) to work on /opt/airflow/dags/hello_airflow.py
[2026-09-25T00:04:07.212+0000] {processor.py:914} INFO - Processing file /opt/airflow/dags/hello_airflow.py for tasks to queue
[2026-09-25T00:04:07.215+0000] {logging_mixin.py:190} INFO - [2026-09-25T00:04:07.215+0000] {dagbag.py:588} INFO - Filling up the DagBag from /opt/airflow/dags/hello_airflow.py
[2026-09-25T00:04:07.239+0000] {processor.py:925} INFO - DAG(s) 'hello_airflow' retrieved from /opt/airflow/dags/hello_airflow.py
[2026-09-25T00:04:07.283+0000] {logging_mixin.py:190} INFO - [2026-09-25T00:04:07.283+0000] {dag.py:3239} INFO - Sync 1 DAGs
[2026-09-25T00:04:07.304+0000] {logging_mixin.py:190} INFO - [2026-09-25T00:04:07.304+0000] {dag.py:4180} INFO - Setting next_dagrun for hello_airflow to None, run_after=None
[2026-09-25T00:04:07.340+0000] {processor.py:208} INFO - Processing /opt/airflow/dags/hello_airflow.py took 0.140 seconds
[2026-09-25T00:04:37.933+0000] {processor.py:186} INFO - Started process (PID=301) to work on /opt/airflow/dags/hello_airflow.py
[2026-09-25T00:04:37.937+0000] {processor.py:914} INFO - Processing file /opt/airflow/dags/hello_airflow.py for tasks to queue
[2026-09-25T00:04:37.941+0000] {logging_mixin.py:190} INFO - [2026-09-25T00:04:37.940+0000] {dagbag.py:588} INFO - Filling up the DagBag from /opt/airflow/dags/hello_airflow.py
[2026-09-25T00:04:37.967+0000] {processor.py:925} INFO - DAG(s) 'hello_airflow' retrieved from /opt/airflow/dags/hello_airflow.py
[2026-09-25T00:04:38.013+0000] {logging_mixin.py:190} INFO - [2026-09-25T00:04:38.013+0000] {dag.py:3239} INFO - Sync 1 DAGs
[2026-09-25T00:04:38.045+0000] {logging_mixin.py:190} INFO - [2026-09-25T00:04:38.044+0000] {dag.py:4180} INFO - Setting next_dagrun for hello_airflow to None, run_after=None
[2026-09-25T00:04:38.084+0000] {processor.py:208} INFO - Processing /opt/airflow/dags/hello_airflow.py took 0.162 seconds
[2026-09-25T00:05:08.721+0000] {processor.py:186} INFO - Started process (PID=316) to work on /opt/airflow/dags/hello_airflow.py
[2026-09-25T00:05:08.723+0000] {processor.py:914} INFO - Processing file /opt/airflow/dags/hello_airflow.py for tasks to queue
[2026-09-25T00:05:08.729+0000] {logging_mixin.py:190} INFO - [2026-09-25T00:05:08.728+0000] {dagbag.py:588} INFO - Filling up the DagBag from /opt/airflow/dags/hello_airflow.py
[2026-09-25T00:05:08.751+0000] {processor.py:925} INFO - DAG(s) 'hello_airflow' retrieved from /opt/airflow/dags/hello_airflow.py
[2026-09-25T00:05:08.801+0000] {logging_mixin.py:190} INFO - [2026-09-25T00:05:08.801+0000] {dag.py:3239} INFO - Sync 1 DAGs
[2026-09-25T00:05:08.825+0000] {logging_mixin.py:190} INFO - [2026-09-25T00:05:08.825+0000] {dag.py:4180} INFO - Setting next_dagrun for hello_airflow to None, run_after=None
[2026-09-25T00:05:08.853+0000] {processor.py:208} INFO - Processing /opt/airflow/dags/hello_airflow.py took 0.141 seconds
[2026-09-25T00:05:39.018+0000] {processor.py:186} INFO - Started process (PID=336) to work on /opt/airflow/dags/hello_airflow.py
[2026-09-25T00:05:39.024+0000] {processor.py:914} INFO - Processing file /opt/airflow/dags/hello_airflow.py for tasks to queue
[2026-09-25T00:05:39.028+0000] {logging_mixin.py:190} INFO - [2026-09-25T00:05:39.027+0000] {dagbag.py:588} INFO - Filling up the DagBag from /opt/airflow/dags/hello_airflow.py
[2026-09-25T00:05:39.052+0000] {processor.py:925} INFO - DAG(s) 'hello_airflow' retrieved from /opt/airflow/dags/hello_airflow.py
[2026-09-25T00:05:39.099+0000] {logging_mixin.py:190} INFO - [2026-09-25T00:05:39.098+0000] {dag.py:3239} INFO - Sync 1 DAGs
[2026-09-25T00:05:39.127+0000] {logging_mixin.py:190} INFO - [2026-09-25T00:05:39.126+0000] {dag.py:4180} INFO - Setting next_dagrun for hello_airflow to None, run_after=None
[2026-09-25T00:05:39.158+0000] {processor.py:208} INFO - Processing /opt/airflow/dags/hello_airflow.py took 0.151 seconds
[2026-09-25T00:06:09.658+0000] {processor.py:186} INFO - Started process (PID=356) to work on /opt/airflow/dags/hello_airflow.py
[2026-09-25T00:06:09.660+0000] {processor.py:914} INFO - Processing file /opt/airflow/dags/hello_airflow.py for tasks to queue
[2026-09-25T00:06:09.664+0000] {logging_mixin.py:190} INFO - [2026-09-25T00:06:09.664+0000] {dagbag.py:588} INFO - Filling up the DagBag from /opt/airflow/dags/hello_airflow.py
[2026-09-25T00:06:09.686+0000] {processor.py:925} INFO - DAG(s) 'hello_airflow' retrieved from /opt/airflow/dags/hello_airflow.py
[2026-09-25T00:06:09.729+0000] {logging_mixin.py:190} INFO - [2026-09-25T00:06:09.728+0000] {dag.py:3239} INFO - Sync 1 DAGs
[2026-09-25T00:06:09.749+0000] {logging_mixin.py:190} INFO - [2026-09-25T00:06:09.749+0000] {dag.py:4180} INFO - Setting next_dagrun for hello_airflow to None, run_after=None
[2026-09-25T00:06:09.775+0000] {processor.py:208} INFO - Processing /opt/airflow/dags/hello_airflow.py took 0.126 seconds
[2026-09-25T00:06:40.694+0000] {processor.py:186} INFO - Started process (PID=376) to work on /opt/airflow/dags/hello_airflow.py
[2026-09-25T00:06:40.696+0000] {processor.py:914} INFO - Processing file /opt/airflow/dags/hello_airflow.py for tasks to queue
[2026-09-25T00:06:40.700+0000] {logging_mixin.py:190} INFO - [2026-09-25T00:06:40.700+0000] {dagbag.py:588} INFO - Filling up the DagBag from /opt/airflow/dags/hello_airflow.py
[2026-09-25T00:06:40.723+0000] {processor.py:925} INFO - DAG(s) 'hello_airflow' retrieved from /opt/airflow/dags/hello_airflow.py
[2026-09-25T00:06:40.765+0000] {logging_mixin.py:190} INFO - [2026-09-25T00:06:40.764+0000] {dag.py:3239} INFO - Sync 1 DAGs
[2026-09-25T00:06:40.786+0000] {logging_mixin.py:190} INFO - [2026-09-25T00:06:40.786+0000] {dag.py:4180} INFO - Setting next_dagrun for hello_airflow to None, run_after=None
[2026-09-25T00:06:40.812+0000] {processor.py:208} INFO - Processing /opt/airflow/dags/hello_airflow.py took 0.127 seconds
[2026-09-25T00:07:11.570+0000] {processor.py:186} INFO - Started process (PID=395) to work on /opt/airflow/dags/hello_airflow.py
[2026-09-25T00:07:11.572+0000] {processor.py:914} INFO - Processing file /opt/airflow/dags/hello_airflow.py for tasks to queue
[2026-09-25T00:07:11.576+0000] {logging_mixin.py:190} INFO - [2026-09-25T00:07:11.576+0000] {dagbag.py:588} INFO - Filling up the DagBag from /opt/airflow/dags/hello_airflow.py
[2026-09-25T00:07:11.598+0000] {processor.py:925} INFO - DAG(s) 'hello_airflow' retrieved from /opt/airflow/dags/hello_airflow.py
[2026-09-25T00:07:11.640+0000] {logging_mixin.py:190} INFO - [2026-09-25T00:07:11.640+0000] {dag.py:3239} INFO - Sync 1 DAGs
[2026-09-25T00:07:11.664+0000] {logging_mixin.py:190} INFO - [2026-09-25T00:07:11.664+0000] {dag.py:4180} INFO - Setting next_dagrun for hello_airflow to None, run_after=None
[2026-09-25T00:07:11.693+0000] {processor.py:208} INFO - Processing /opt/airflow/dags/hello_airflow.py took 0.133 seconds
[2026-09-25T00:07:42.171+0000] {processor.py:186} INFO - Started process (PID=416) to work on /opt/airflow/dags/hello_airflow.py
[2026-09-25T00:07:42.173+0000] {processor.py:914} INFO - Processing file /opt/airflow/dags/hello_airflow.py for tasks to queue
[2026-09-25T00:07:42.178+0000] {logging_mixin.py:190} INFO - [2026-09-25T00:07:42.177+0000] {dagbag.py:588} INFO - Filling up the DagBag from /opt/airflow/dags/hello_airflow.py
[2026-09-25T00:07:42.203+0000] {processor.py:925} INFO - DAG(s) 'hello_airflow' retrieved from /opt/airflow/dags/hello_airflow.py
[2026-09-25T00:07:42.248+0000] {logging_mixin.py:190} INFO - [2026-09-25T00:07:42.247+0000] {dag.py:3239} INFO - Sync 1 DAGs
[2026-09-25T00:07:42.269+0000] {logging_mixin.py:190} INFO - [2026-09-25T00:07:42.269+0000] {dag.py:4180} INFO - Setting next_dagrun for hello_airflow to None, run_after=None
[2026-09-25T00:07:42.299+0000] {processor.py:208} INFO - Processing /opt/airflow/dags/hello_airflow.py took 0.138 seconds
[2026-09-25T00:08:12.816+0000] {processor.py:186} INFO - Started process (PID=441) to work on /opt/airflow/dags/hello_airflow.py
[2026-09-25T00:08:12.820+0000] {processor.py:914} INFO - Processing file /opt/airflow/dags/hello_airflow.py for tasks to queue
[2026-09-25T00:08:12.824+0000] {logging_mixin.py:190} INFO - [2026-09-25T00:08:12.824+0000] {dagbag.py:588} INFO - Filling up the DagBag from /opt/airflow/dags/hello_airflow.py
[2026-09-25T00:08:12.850+0000] {processor.py:925} INFO - DAG(s) 'hello_airflow' retrieved from /opt/airflow/dags/hello_airflow.py
[2026-09-25T00:08:12.893+0000] {logging_mixin.py:190} INFO - [2026-09-25T00:08:12.892+0000] {dag.py:3239} INFO - Sync 1 DAGs
[2026-09-25T00:08:12.917+0000] {logging_mixin.py:190} INFO - [2026-09-25T00:08:12.916+0000] {dag.py:4180} INFO - Setting next_dagrun for hello_airflow to None, run_after=None
[2026-09-25T00:08:12.950+0000] {processor.py:208} INFO - Processing /opt/airflow/dags/hello_airflow.py took 0.144 seconds
[2026-09-25T00:08:43.568+0000] {processor.py:186} INFO - Started process (PID=461) to work on /opt/airflow/dags/hello_airflow.py
[2026-09-25T00:08:43.570+0000] {processor.py:914} INFO - Processing file /opt/airflow/dags/hello_airflow.py for tasks to queue
[2026-09-25T00:08:43.573+0000] {logging_mixin.py:190} INFO - [2026-09-25T00:08:43.573+0000] {dagbag.py:588} INFO - Filling up the DagBag from /opt/airflow/dags/hello_airflow.py
[2026-09-25T00:08:43.596+0000] {processor.py:925} INFO - DAG(s) 'hello_airflow' retrieved from /opt/airflow/dags/hello_airflow.py
[2026-09-25T00:08:43.641+0000] {logging_mixin.py:190} INFO - [2026-09-25T00:08:43.640+0000] {dag.py:3239} INFO - Sync 1 DAGs
[2026-09-25T00:08:43.664+0000] {logging_mixin.py:190} INFO - [2026-09-25T00:08:43.664+0000] {dag.py:4180} INFO - Setting next_dagrun for hello_airflow to None, run_after=None
[2026-09-25T00:08:43.698+0000] {processor.py:208} INFO - Processing /opt/airflow/dags/hello_airflow.py took 0.140 seconds
[2026-09-25T00:09:14.573+0000] {processor.py:186} INFO - Started process (PID=491) to work on /opt/airflow/dags/hello_airflow.py
[2026-09-25T00:09:14.575+0000] {processor.py:914} INFO - Processing file /opt/airflow/dags/hello_airflow.py for tasks to queue
[2026-09-25T00:09:14.581+0000] {logging_mixin.py:190} INFO - [2026-09-25T00:09:14.581+0000] {dagbag.py:588} INFO - Filling up the DagBag from /opt/airflow/dags/hello_airflow.py
[2026-09-25T00:09:14.605+0000] {processor.py:925} INFO - DAG(s) 'hello_airflow' retrieved from /opt/airflow/dags/hello_airflow.py
[2026-09-25T00:09:14.650+0000] {logging_mixin.py:190} INFO - [2026-09-25T00:09:14.650+0000] {dag.py:3239} INFO - Sync 1 DAGs
[2026-09-25T00:09:14.673+0000] {logging_mixin.py:190} INFO - [2026-09-25T00:09:14.673+0000] {dag.py:4180} INFO - Setting next_dagrun for hello_airflow to None, run_after=None
[2026-09-25T00:09:14.701+0000] {processor.py:208} INFO - Processing /opt/airflow/dags/hello_airflow.py took 0.138 seconds
[2026-09-25T00:09:45.343+0000] {processor.py:186} INFO - Started process (PID=511) to work on /opt/airflow/dags/hello_airflow.py
[2026-09-25T00:09:45.345+0000] {processor.py:914} INFO - Processing file /opt/airflow/dags/hello_airflow.py for tasks to queue
[2026-09-25T00:09:45.349+0000] {logging_mixin.py:190} INFO - [2026-09-25T00:09:45.348+0000] {dagbag.py:588} INFO - Filling up the DagBag from /opt/airflow/dags/hello_airflow.py
[2026-09-25T00:09:45.372+0000] {processor.py:925} INFO - DAG(s) 'hello_airflow' retrieved from /opt/airflow/dags/hello_airflow.py
[2026-09-25T00:09:45.421+0000] {logging_mixin.py:190} INFO - [2026-09-25T00:09:45.420+0000] {dag.py:3239} INFO - Sync 1 DAGs
[2026-09-25T00:09:45.452+0000] {logging_mixin.py:190} INFO - [2026-09-25T00:09:45.452+0000] {dag.py:4180} INFO - Setting next_dagrun for hello_airflow to None, run_after=None
[2026-09-25T00:09:45.497+0000] {processor.py:208} INFO - Processing /opt/airflow/dags/hello_airflow.py took 0.163 seconds
[2026-09-25T00:10:15.799+0000] {processor.py:186} INFO - Started process (PID=536) to work on /opt/airflow/dags/hello_airflow.py
[2026-09-25T00:10:15.801+0000] {processor.py:914} INFO - Processing file /opt/airflow/dags/hello_airflow.py for tasks to queue
[2026-09-25T00:10:15.806+0000] {logging_mixin.py:190} INFO - [2026-09-25T00:10:15.806+0000] {dagbag.py:588} INFO - Filling up the DagBag from /opt/airflow/dags/hello_airflow.py
[2026-09-25T00:10:15.828+0000] {processor.py:925} INFO - DAG(s) 'hello_airflow' retrieved from /opt/airflow/dags/hello_airflow.py
[2026-09-25T00:10:15.878+0000] {logging_mixin.py:190} INFO - [2026-09-25T00:10:15.877+0000] {dag.py:3239} INFO - Sync 1 DAGs
[2026-09-25T00:10:15.902+0000] {logging_mixin.py:190} INFO - [2026-09-25T00:10:15.902+0000] {dag.py:4180} INFO - Setting next_dagrun for hello_airflow to None, run_after=None
[2026-09-25T00:10:15.939+0000] {processor.py:208} INFO - Processing /opt/airflow/dags/hello_airflow.py took 0.148 seconds
[2026-09-25T00:10:46.857+0000] {processor.py:186} INFO - Started process (PID=561) to work on /opt/airflow/dags/hello_airflow.py
[2026-09-25T00:10:46.859+0000] {processor.py:914} INFO - Processing file /opt/airflow/dags/hello_airflow.py for tasks to queue
[2026-09-25T00:10:46.867+0000] {logging_mixin.py:190} INFO - [2026-09-25T00:10:46.866+0000] {dagbag.py:588} INFO - Filling up the DagBag from /opt/airflow/dags/hello_airflow.py
[2026-09-25T00:10:46.891+0000] {processor.py:925} INFO - DAG(s) 'hello_airflow' retrieved from /opt/airflow/dags/hello_airflow.py
[2026-09-25T00:10:46.939+0000] {logging_mixin.py:190} INFO - [2026-09-25T00:10:46.938+0000] {dag.py:3239} INFO - Sync 1 DAGs
[2026-09-25T00:10:46.963+0000] {logging_mixin.py:190} INFO - [2026-09-25T00:10:46.963+0000] {dag.py:4180} INFO - Setting next_dagrun for hello_airflow to None, run_after=None
[2026-09-25T00:10:46.992+0000] {processor.py:208} INFO - Processing /opt/airflow/dags/hello_airflow.py took 0.145 seconds
[2026-09-25T00:11:17.638+0000] {processor.py:186} INFO - Started process (PID=581) to work on /opt/airflow/dags/hello_airflow.py
[2026-09-25T00:11:17.639+0000] {processor.py:914} INFO - Processing file /opt/airflow/dags/hello_airflow.py for tasks to queue
[2026-09-25T00:11:17.643+0000] {logging_mixin.py:190} INFO - [2026-09-25T00:11:17.643+0000] {dagbag.py:588} INFO - Filling up the DagBag from /opt/airflow/dags/hello_airflow.py
[2026-09-25T00:11:17.665+0000] {processor.py:925} INFO - DAG(s) 'hello_airflow' retrieved from /opt/airflow/dags/hello_airflow.py
[2026-09-25T00:11:17.705+0000] {logging_mixin.py:190} INFO - [2026-09-25T00:11:17.704+0000] {dag.py:3239} INFO - Sync 1 DAGs
[2026-09-25T00:11:17.725+0000] {logging_mixin.py:190} INFO - [2026-09-25T00:11:17.725+0000] {dag.py:4180} INFO - Setting next_dagrun for hello_airflow to None, run_after=None
[2026-09-25T00:11:17.751+0000] {processor.py:208} INFO - Processing /opt/airflow/dags/hello_airflow.py took 0.122 seconds
[2026-09-25T00:11:48.402+0000] {processor.py:186} INFO - Started process (PID=601) to work on /opt/airflow/dags/hello_airflow.py
[2026-09-25T00:11:48.404+0000] {processor.py:914} INFO - Processing file /opt/airflow/dags/hello_airflow.py for tasks to queue
[2026-09-25T00:11:48.407+0000] {logging_mixin.py:190} INFO - [2026-09-25T00:11:48.407+0000] {dagbag.py:588} INFO - Filling up the DagBag from /opt/airflow/dags/hello_airflow.py
[2026-09-25T00:11:48.430+0000] {processor.py:925} INFO - DAG(s) 'hello_airflow' retrieved from /opt/airflow/dags/hello_airflow.py
[2026-09-25T00:11:48.473+0000] {logging_mixin.py:190} INFO - [2026-09-25T00:11:48.473+0000] {dag.py:3239} INFO - Sync 1 DAGs
[2026-09-25T00:11:48.495+0000] {logging_mixin.py:190} INFO - [2026-09-25T00:11:48.495+0000] {dag.py:4180} INFO - Setting next_dagrun for hello_airflow to None, run_after=None
[2026-09-25T00:11:48.519+0000] {processor.py:208} INFO - Processing /opt/airflow/dags/hello_airflow.py took 0.127 seconds
[2026-09-25T00:12:19.005+0000] {processor.py:186} INFO - Started process (PID=621) to work on /opt/airflow/dags/hello_airflow.py
[2026-09-25T00:12:19.007+0000] {processor.py:914} INFO - Processing file /opt/airflow/dags/hello_airflow.py for tasks to queue
[2026-09-25T00:12:19.015+0000] {logging_mixin.py:190} INFO - [2026-09-25T00:12:19.014+0000] {dagbag.py:588} INFO - Filling up the DagBag from /opt/airflow/dags/hello_airflow.py
[2026-09-25T00:12:19.047+0000] {processor.py:925} INFO - DAG(s) 'hello_airflow' retrieved from /opt/airflow/dags/hello_airflow.py
[2026-09-25T00:12:19.097+0000] {logging_mixin.py:190} INFO - [2026-09-25T00:12:19.097+0000] {dag.py:3239} INFO - Sync 1 DAGs
[2026-09-25T00:12:19.125+0000] {logging_mixin.py:190} INFO - [2026-09-25T00:12:19.125+0000] {dag.py:4180} INFO - Setting next_dagrun for hello_airflow to None, run_after=None
[2026-09-25T00:12:19.160+0000] {processor.py:208} INFO - Processing /opt/airflow/dags/hello_airflow.py took 0.164 seconds
[2026-09-25T00:12:49.657+0000] {processor.py:186} INFO - Started process (PID=646) to work on /opt/airflow/dags/hello_airflow.py
[2026-09-25T00:12:49.659+0000] {processor.py:914} INFO - Processing file /opt/airflow/dags/hello_airflow.py for tasks to queue
[2026-09-25T00:12:49.663+0000] {logging_mixin.py:190} INFO - [2026-09-25T00:12:49.662+0000] {dagbag.py:588} INFO - Filling up the DagBag from /opt/airflow/dags/hello_airflow.py
[2026-09-25T00:12:49.685+0000] {processor.py:925} INFO - DAG(s) 'hello_airflow' retrieved from /opt/airflow/dags/hello_airflow.py
[2026-09-25T00:12:49.725+0000] {logging_mixin.py:190} INFO - [2026-09-25T00:12:49.725+0000] {dag.py:3239} INFO - Sync 1 DAGs
[2026-09-25T00:12:49.746+0000] {logging_mixin.py:190} INFO - [2026-09-25T00:12:49.746+0000] {dag.py:4180} INFO - Setting next_dagrun for hello_airflow to None, run_after=None
[2026-09-25T00:12:49.770+0000] {processor.py:208} INFO - Processing /opt/airflow/dags/hello_airflow.py took 0.121 seconds
[2026-09-25T00:13:20.528+0000] {processor.py:186} INFO - Started process (PID=669) to work on /opt/airflow/dags/hello_airflow.py
[2026-09-25T00:13:20.530+0000] {processor.py:914} INFO - Processing file /opt/airflow/dags/hello_airflow.py for tasks to queue
[2026-09-25T00:13:20.535+0000] {logging_mixin.py:190} INFO - [2026-09-25T00:13:20.535+0000] {dagbag.py:588} INFO - Filling up the DagBag from /opt/airflow/dags/hello_airflow.py
[2026-09-25T00:13:20.558+0000] {processor.py:925} INFO - DAG(s) 'hello_airflow' retrieved from /opt/airflow/dags/hello_airflow.py
[2026-09-25T00:13:20.602+0000] {logging_mixin.py:190} INFO - [2026-09-25T00:13:20.602+0000] {dag.py:3239} INFO - Sync 1 DAGs
[2026-09-25T00:13:20.625+0000] {logging_mixin.py:190} INFO - [2026-09-25T00:13:20.625+0000] {dag.py:4180} INFO - Setting next_dagrun for hello_airflow to None, run_after=None
[2026-09-25T00:13:20.653+0000] {processor.py:208} INFO - Processing /opt/airflow/dags/hello_airflow.py took 0.136 seconds
[2026-09-25T00:13:51.262+0000] {processor.py:186} INFO - Started process (PID=689) to work on /opt/airflow/dags/hello_airflow.py
[2026-09-25T00:13:51.264+0000] {processor.py:914} INFO - Processing file /opt/airflow/dags/hello_airflow.py for tasks to queue
[2026-09-25T00:13:51.269+0000] {logging_mixin.py:190} INFO - [2026-09-25T00:13:51.268+0000] {dagbag.py:588} INFO - Filling up the DagBag from /opt/airflow/dags/hello_airflow.py
[2026-09-25T00:13:51.291+0000] {processor.py:925} INFO - DAG(s) 'hello_airflow' retrieved from /opt/airflow/dags/hello_airflow.py
[2026-09-25T00:13:51.334+0000] {logging_mixin.py:190} INFO - [2026-09-25T00:13:51.334+0000] {dag.py:3239} INFO - Sync 1 DAGs
[2026-09-25T00:13:51.358+0000] {logging_mixin.py:190} INFO - [2026-09-25T00:13:51.357+0000] {dag.py:4180} INFO - Setting next_dagrun for hello_airflow to None, run_after=None
[2026-09-25T00:13:51.384+0000] {processor.py:208} INFO - Processing /opt/airflow/dags/hello_airflow.py took 0.132 seconds
[2026-09-25T00:14:22.049+0000] {processor.py:186} INFO - Started process (PID=709) to work on /opt/airflow/dags/hello_airflow.py
[2026-09-25T00:14:22.052+0000] {processor.py:914} INFO - Processing file /opt/airflow/dags/hello_airflow.py for tasks to queue
[2026-09-25T00:14:22.056+0000] {logging_mixin.py:190} INFO - [2026-09-25T00:14:22.056+0000] {dagbag.py:588} INFO - Filling up the DagBag from /opt/airflow/dags/hello_airflow.py
[2026-09-25T00:14:22.081+0000] {processor.py:925} INFO - DAG(s) 'hello_airflow' retrieved from /opt/airflow/dags/hello_airflow.py
[2026-09-25T00:14:22.128+0000] {logging_mixin.py:190} INFO - [2026-09-25T00:14:22.128+0000] {dag.py:3239} INFO - Sync 1 DAGs
[2026-09-25T00:14:22.153+0000] {logging_mixin.py:190} INFO - [2026-09-25T00:14:22.152+0000] {dag.py:4180} INFO - Setting next_dagrun for hello_airflow to None, run_after=None
[2026-09-25T00:14:22.185+0000] {processor.py:208} INFO - Processing /opt/airflow/dags/hello_airflow.py took 0.149 seconds
[2026-09-25T00:14:53.052+0000] {processor.py:186} INFO - Started process (PID=729) to work on /opt/airflow/dags/hello_airflow.py
[2026-09-25T00:14:53.054+0000] {processor.py:914} INFO - Processing file /opt/airflow/dags/hello_airflow.py for tasks to queue
[2026-09-25T00:14:53.059+0000] {logging_mixin.py:190} INFO - [2026-09-25T00:14:53.058+0000] {dagbag.py:588} INFO - Filling up the DagBag from /opt/airflow/dags/hello_airflow.py
[2026-09-25T00:14:53.086+0000] {processor.py:925} INFO - DAG(s) 'hello_airflow' retrieved from /opt/airflow/dags/hello_airflow.py
[2026-09-25T00:14:53.133+0000] {logging_mixin.py:190} INFO - [2026-09-25T00:14:53.133+0000] {dag.py:3239} INFO - Sync 1 DAGs
[2026-09-25T00:14:53.159+0000] {logging_mixin.py:190} INFO - [2026-09-25T00:14:53.159+0000] {dag.py:4180} INFO - Setting next_dagrun for hello_airflow to None, run_after=None
[2026-09-25T00:14:53.193+0000] {processor.py:208} INFO - Processing /opt/airflow/dags/hello_airflow.py took 0.152 seconds
[2026-09-25T00:15:23.872+0000] {processor.py:186} INFO - Started process (PID=749) to work on /opt/airflow/dags/hello_airflow.py
[2026-09-25T00:15:23.875+0000] {processor.py:914} INFO - Processing file /opt/airflow/dags/hello_airflow.py for tasks to queue
[2026-09-25T00:15:23.879+0000] {logging_mixin.py:190} INFO - [2026-09-25T00:15:23.879+0000] {dagbag.py:588} INFO - Filling up the DagBag from /opt/airflow/dags/hello_airflow.py
[2026-09-25T00:15:23.904+0000] {processor.py:925} INFO - DAG(s) 'hello_airflow' retrieved from /opt/airflow/dags/hello_airflow.py
[2026-09-25T00:15:23.956+0000] {logging_mixin.py:190} INFO - [2026-09-25T00:15:23.956+0000] {dag.py:3239} INFO - Sync 1 DAGs
[2026-09-25T00:15:23.982+0000] {logging_mixin.py:190} INFO - [2026-09-25T00:15:23.982+0000] {dag.py:4180} INFO - Setting next_dagrun for hello_airflow to None, run_after=None
[2026-09-25T00:15:24.020+0000] {processor.py:208} INFO - Processing /opt/airflow/dags/hello_airflow.py took 0.157 seconds
[2026-09-25T00:15:54.667+0000] {processor.py:186} INFO - Started process (PID=767) to work on /opt/airflow/dags/hello_airflow.py
[2026-09-25T00:15:54.669+0000] {processor.py:914} INFO - Processing file /opt/airflow/dags/hello_airflow.py for tasks to queue
[2026-09-25T00:15:54.674+0000] {logging_mixin.py:190} INFO - [2026-09-25T00:15:54.673+0000] {dagbag.py:588} INFO - Filling up the DagBag from /opt/airflow/dags/hello_airflow.py
[2026-09-25T00:15:54.697+0000] {processor.py:925} INFO - DAG(s) 'hello_airflow' retrieved from /opt/airflow/dags/hello_airflow.py
[2026-09-25T00:15:54.749+0000] {logging_mixin.py:190} INFO - [2026-09-25T00:15:54.749+0000] {dag.py:3239} INFO - Sync 1 DAGs
[2026-09-25T00:15:54.774+0000] {logging_mixin.py:190} INFO - [2026-09-25T00:15:54.773+0000] {dag.py:4180} INFO - Setting next_dagrun for hello_airflow to None, run_after=None
[2026-09-25T00:15:54.799+0000] {processor.py:208} INFO - Processing /opt/airflow/dags/hello_airflow.py took 0.145 seconds
[2026-09-25T00:16:25.407+0000] {processor.py:186} INFO - Started process (PID=789) to work on /opt/airflow/dags/hello_airflow.py
[2026-09-25T00:16:25.409+0000] {processor.py:914} INFO - Processing file /opt/airflow/dags/hello_airflow.py for tasks to queue
[2026-09-25T00:16:25.413+0000] {logging_mixin.py:190} INFO - [2026-09-25T00:16:25.413+0000] {dagbag.py:588} INFO - Filling up the DagBag from /opt/airflow/dags/hello_airflow.py
[2026-09-25T00:16:25.437+0000] {processor.py:925} INFO - DAG(s) 'hello_airflow' retrieved from /opt/airflow/dags/hello_airflow.py
[2026-09-25T00:16:25.481+0000] {logging_mixin.py:190} INFO - [2026-09-25T00:16:25.480+0000] {dag.py:3239} INFO - Sync 1 DAGs
[2026-09-25T00:16:25.503+0000] {logging_mixin.py:190} INFO - [2026-09-25T00:16:25.503+0000] {dag.py:4180} INFO - Setting next_dagrun for hello_airflow to None, run_after=None
[2026-09-25T00:16:25.531+0000] {processor.py:208} INFO - Processing /opt/airflow/dags/hello_airflow.py took 0.134 seconds
[2026-09-25T00:16:56.380+0000] {processor.py:186} INFO - Started process (PID=809) to work on /opt/airflow/dags/hello_airflow.py
[2026-09-25T00:16:56.382+0000] {processor.py:914} INFO - Processing file /opt/airflow/dags/hello_airflow.py for tasks to queue
[2026-09-25T00:16:56.386+0000] {logging_mixin.py:190} INFO - [2026-09-25T00:16:56.386+0000] {dagbag.py:588} INFO - Filling up the DagBag from /opt/airflow/dags/hello_airflow.py
[2026-09-25T00:16:56.419+0000] {processor.py:925} INFO - DAG(s) 'hello_airflow' retrieved from /opt/airflow/dags/hello_airflow.py
[2026-09-25T00:16:56.473+0000] {logging_mixin.py:190} INFO - [2026-09-25T00:16:56.473+0000] {dag.py:3239} INFO - Sync 1 DAGs
[2026-09-25T00:16:56.502+0000] {logging_mixin.py:190} INFO - [2026-09-25T00:16:56.502+0000] {dag.py:4180} INFO - Setting next_dagrun for hello_airflow to None, run_after=None
[2026-09-25T00:16:56.532+0000] {processor.py:208} INFO - Processing /opt/airflow/dags/hello_airflow.py took 0.162 seconds
[2026-09-25T00:17:27.141+0000] {processor.py:186} INFO - Started process (PID=829) to work on /opt/airflow/dags/hello_airflow.py
[2026-09-25T00:17:27.143+0000] {processor.py:914} INFO - Processing file /opt/airflow/dags/hello_airflow.py for tasks to queue
[2026-09-25T00:17:27.147+0000] {logging_mixin.py:190} INFO - [2026-09-25T00:17:27.146+0000] {dagbag.py:588} INFO - Filling up the DagBag from /opt/airflow/dags/hello_airflow.py
[2026-09-25T00:17:27.176+0000] {processor.py:925} INFO - DAG(s) 'hello_airflow' retrieved from /opt/airflow/dags/hello_airflow.py
[2026-09-25T00:17:27.221+0000] {logging_mixin.py:190} INFO - [2026-09-25T00:17:27.221+0000] {dag.py:3239} INFO - Sync 1 DAGs
[2026-09-25T00:17:27.243+0000] {logging_mixin.py:190} INFO - [2026-09-25T00:17:27.243+0000] {dag.py:4180} INFO - Setting next_dagrun for hello_airflow to None, run_after=None
[2026-09-25T00:17:27.274+0000] {processor.py:208} INFO - Processing /opt/airflow/dags/hello_airflow.py took 0.144 seconds
[2026-09-25T00:17:58.211+0000] {processor.py:186} INFO - Started process (PID=849) to work on /opt/airflow/dags/hello_airflow.py
[2026-09-25T00:17:58.212+0000] {processor.py:914} INFO - Processing file /opt/airflow/dags/hello_airflow.py for tasks to queue
[2026-09-25T00:17:58.216+0000] {logging_mixin.py:190} INFO - [2026-09-25T00:17:58.215+0000] {dagbag.py:588} INFO - Filling up the DagBag from /opt/airflow/dags/hello_airflow.py
[2026-09-25T00:17:58.240+0000] {processor.py:925} INFO - DAG(s) 'hello_airflow' retrieved from /opt/airflow/dags/hello_airflow.py
[2026-09-25T00:17:58.283+0000] {logging_mixin.py:190} INFO - [2026-09-25T00:17:58.283+0000] {dag.py:3239} INFO - Sync 1 DAGs
[2026-09-25T00:17:58.308+0000] {logging_mixin.py:190} INFO - [2026-09-25T00:17:58.307+0000] {dag.py:4180} INFO - Setting next_dagrun for hello_airflow to None, run_after=None
[2026-09-25T00:17:58.335+0000] {processor.py:208} INFO - Processing /opt/airflow/dags/hello_airflow.py took 0.133 seconds
[2026-09-25T00:18:28.948+0000] {processor.py:186} INFO - Started process (PID=869) to work on /opt/airflow/dags/hello_airflow.py
[2026-09-25T00:18:28.950+0000] {processor.py:914} INFO - Processing file /opt/airflow/dags/hello_airflow.py for tasks to queue
[2026-09-25T00:18:28.955+0000] {logging_mixin.py:190} INFO - [2026-09-25T00:18:28.955+0000] {dagbag.py:588} INFO - Filling up the DagBag from /opt/airflow/dags/hello_airflow.py
[2026-09-25T00:18:28.977+0000] {processor.py:925} INFO - DAG(s) 'hello_airflow' retrieved from /opt/airflow/dags/hello_airflow.py
[2026-09-25T00:18:29.023+0000] {logging_mixin.py:190} INFO - [2026-09-25T00:18:29.022+0000] {dag.py:3239} INFO - Sync 1 DAGs
[2026-09-25T00:18:29.043+0000] {logging_mixin.py:190} INFO - [2026-09-25T00:18:29.043+0000] {dag.py:4180} INFO - Setting next_dagrun for hello_airflow to None, run_after=None
[2026-09-25T00:18:29.069+0000] {processor.py:208} INFO - Processing /opt/airflow/dags/hello_airflow.py took 0.131 seconds
[2026-09-25T00:18:59.684+0000] {processor.py:186} INFO - Started process (PID=889) to work on /opt/airflow/dags/hello_airflow.py
[2026-09-25T00:18:59.687+0000] {processor.py:914} INFO - Processing file /opt/airflow/dags/hello_airflow.py for tasks to queue
[2026-09-25T00:18:59.692+0000] {logging_mixin.py:190} INFO - [2026-09-25T00:18:59.692+0000] {dagbag.py:588} INFO - Filling up the DagBag from /opt/airflow/dags/hello_airflow.py
[2026-09-25T00:18:59.717+0000] {processor.py:925} INFO - DAG(s) 'hello_airflow' retrieved from /opt/airflow/dags/hello_airflow.py
[2026-09-25T00:18:59.762+0000] {logging_mixin.py:190} INFO - [2026-09-25T00:18:59.762+0000] {dag.py:3239} INFO - Sync 1 DAGs
[2026-09-25T00:18:59.783+0000] {logging_mixin.py:190} INFO - [2026-09-25T00:18:59.783+0000] {dag.py:4180} INFO - Setting next_dagrun for hello_airflow to None, run_after=None
[2026-09-25T00:18:59.811+0000] {processor.py:208} INFO - Processing /opt/airflow/dags/hello_airflow.py took 0.136 seconds
[2026-09-25T00:19:30.457+0000] {processor.py:186} INFO - Started process (PID=909) to work on /opt/airflow/dags/hello_airflow.py
[2026-09-25T00:19:30.460+0000] {processor.py:914} INFO - Processing file /opt/airflow/dags/hello_airflow.py for tasks to queue
[2026-09-25T00:19:30.467+0000] {logging_mixin.py:190} INFO - [2026-09-25T00:19:30.466+0000] {dagbag.py:588} INFO - Filling up the DagBag from /opt/airflow/dags/hello_airflow.py
[2026-09-25T00:19:30.491+0000] {processor.py:925} INFO - DAG(s) 'hello_airflow' retrieved from /opt/airflow/dags/hello_airflow.py
[2026-09-25T00:19:30.536+0000] {logging_mixin.py:190} INFO - [2026-09-25T00:19:30.536+0000] {dag.py:3239} INFO - Sync 1 DAGs
[2026-09-25T00:19:30.563+0000] {logging_mixin.py:190} INFO - [2026-09-25T00:19:30.563+0000] {dag.py:4180} INFO - Setting next_dagrun for hello_airflow to None, run_after=None
[2026-09-25T00:19:30.591+0000] {processor.py:208} INFO - Processing /opt/airflow/dags/hello_airflow.py took 0.144 seconds
[2026-09-25T00:20:01.197+0000] {processor.py:186} INFO - Started process (PID=929) to work on /opt/airflow/dags/hello_airflow.py
[2026-09-25T00:20:01.199+0000] {processor.py:914} INFO - Processing file /opt/airflow/dags/hello_airflow.py for tasks to queue
[2026-09-25T00:20:01.202+0000] {logging_mixin.py:190} INFO - [2026-09-25T00:20:01.202+0000] {dagbag.py:588} INFO - Filling up the DagBag from /opt/airflow/dags/hello_airflow.py
[2026-09-25T00:20:01.225+0000] {processor.py:925} INFO - DAG(s) 'hello_airflow' retrieved from /opt/airflow/dags/hello_airflow.py
[2026-09-25T00:20:01.268+0000] {logging_mixin.py:190} INFO - [2026-09-25T00:20:01.268+0000] {dag.py:3239} INFO - Sync 1 DAGs
[2026-09-25T00:20:01.290+0000] {logging_mixin.py:190} INFO - [2026-09-25T00:20:01.290+0000] {dag.py:4180} INFO - Setting next_dagrun for hello_airflow to None, run_after=None
[2026-09-25T00:20:01.320+0000] {processor.py:208} INFO - Processing /opt/airflow/dags/hello_airflow.py took 0.132 seconds
[2026-09-25T00:20:31.944+0000] {processor.py:186} INFO - Started process (PID=949) to work on /opt/airflow/dags/hello_airflow.py
[2026-09-25T00:20:31.946+0000] {processor.py:914} INFO - Processing file /opt/airflow/dags/hello_airflow.py for tasks to queue
[2026-09-25T00:20:31.950+0000] {logging_mixin.py:190} INFO - [2026-09-25T00:20:31.949+0000] {dagbag.py:588} INFO - Filling up the DagBag from /opt/airflow/dags/hello_airflow.py
[2026-09-25T00:20:31.973+0000] {processor.py:925} INFO - DAG(s) 'hello_airflow' retrieved from /opt/airflow/dags/hello_airflow.py
[2026-09-25T00:20:32.020+0000] {logging_mixin.py:190} INFO - [2026-09-25T00:20:32.019+0000] {dag.py:3239} INFO - Sync 1 DAGs
[2026-09-25T00:20:32.042+0000] {logging_mixin.py:190} INFO - [2026-09-25T00:20:32.042+0000] {dag.py:4180} INFO - Setting next_dagrun for hello_airflow to None, run_after=None
[2026-09-25T00:20:32.071+0000] {processor.py:208} INFO - Processing /opt/airflow/dags/hello_airflow.py took 0.136 seconds
[2026-09-25T00:21:02.556+0000] {processor.py:186} INFO - Started process (PID=969) to work on /opt/airflow/dags/hello_airflow.py
[2026-09-25T00:21:02.558+0000] {processor.py:914} INFO - Processing file /opt/airflow/dags/hello_airflow.py for tasks to queue
[2026-09-25T00:21:02.563+0000] {logging_mixin.py:190} INFO - [2026-09-25T00:21:02.562+0000] {dagbag.py:588} INFO - Filling up the DagBag from /opt/airflow/dags/hello_airflow.py
[2026-09-25T00:21:02.586+0000] {processor.py:925} INFO - DAG(s) 'hello_airflow' retrieved from /opt/airflow/dags/hello_airflow.py
[2026-09-25T00:21:02.631+0000] {logging_mixin.py:190} INFO - [2026-09-25T00:21:02.631+0000] {dag.py:3239} INFO - Sync 1 DAGs
[2026-09-25T00:21:02.652+0000] {logging_mixin.py:190} INFO - [2026-09-25T00:21:02.652+0000] {dag.py:4180} INFO - Setting next_dagrun for hello_airflow to None, run_after=None
[2026-09-25T00:21:02.681+0000] {processor.py:208} INFO - Processing /opt/airflow/dags/hello_airflow.py took 0.135 seconds
[2026-09-25T00:21:32.824+0000] {processor.py:186} INFO - Started process (PID=989) to work on /opt/airflow/dags/hello_airflow.py
[2026-09-25T00:21:32.826+0000] {processor.py:914} INFO - Processing file /opt/airflow/dags/hello_airflow.py for tasks to queue
[2026-09-25T00:21:32.832+0000] {logging_mixin.py:190} INFO - [2026-09-25T00:21:32.832+0000] {dagbag.py:588} INFO - Filling up the DagBag from /opt/airflow/dags/hello_airflow.py
[2026-09-25T00:21:32.854+0000] {processor.py:925} INFO - DAG(s) 'hello_airflow' retrieved from /opt/airflow/dags/hello_airflow.py
[2026-09-25T00:21:32.900+0000] {logging_mixin.py:190} INFO - [2026-09-25T00:21:32.900+0000] {dag.py:3239} INFO - Sync 1 DAGs
[2026-09-25T00:21:32.922+0000] {logging_mixin.py:190} INFO - [2026-09-25T00:21:32.922+0000] {dag.py:4180} INFO - Setting next_dagrun for hello_airflow to None, run_after=None
[2026-09-25T00:21:32.949+0000] {processor.py:208} INFO - Processing /opt/airflow/dags/hello_airflow.py took 0.134 seconds
[2026-09-25T00:22:03.606+0000] {processor.py:186} INFO - Started process (PID=1009) to work on /opt/airflow/dags/hello_airflow.py
[2026-09-25T00:22:03.608+0000] {processor.py:914} INFO - Processing file /opt/airflow/dags/hello_airflow.py for tasks to queue
[2026-09-25T00:22:03.612+0000] {logging_mixin.py:190} INFO - [2026-09-25T00:22:03.611+0000] {dagbag.py:588} INFO - Filling up the DagBag from /opt/airflow/dags/hello_airflow.py
[2026-09-25T00:22:03.636+0000] {processor.py:925} INFO - DAG(s) 'hello_airflow' retrieved from /opt/airflow/dags/hello_airflow.py
[2026-09-25T00:22:03.679+0000] {logging_mixin.py:190} INFO - [2026-09-25T00:22:03.678+0000] {dag.py:3239} INFO - Sync 1 DAGs
[2026-09-25T00:22:03.701+0000] {logging_mixin.py:190} INFO - [2026-09-25T00:22:03.701+0000] {dag.py:4180} INFO - Setting next_dagrun for hello_airflow to None, run_after=None
[2026-09-25T00:22:03.728+0000] {processor.py:208} INFO - Processing /opt/airflow/dags/hello_airflow.py took 0.134 seconds
[2026-09-25T00:22:34.354+0000] {processor.py:186} INFO - Started process (PID=1029) to work on /opt/airflow/dags/hello_airflow.py
[2026-09-25T00:22:34.356+0000] {processor.py:914} INFO - Processing file /opt/airflow/dags/hello_airflow.py for tasks to queue
[2026-09-25T00:22:34.360+0000] {logging_mixin.py:190} INFO - [2026-09-25T00:22:34.359+0000] {dagbag.py:588} INFO - Filling up the DagBag from /opt/airflow/dags/hello_airflow.py
[2026-09-25T00:22:34.383+0000] {processor.py:925} INFO - DAG(s) 'hello_airflow' retrieved from /opt/airflow/dags/hello_airflow.py
[2026-09-25T00:22:34.426+0000] {logging_mixin.py:190} INFO - [2026-09-25T00:22:34.425+0000] {dag.py:3239} INFO - Sync 1 DAGs
[2026-09-25T00:22:34.449+0000] {logging_mixin.py:190} INFO - [2026-09-25T00:22:34.448+0000] {dag.py:4180} INFO - Setting next_dagrun for hello_airflow to None, run_after=None
[2026-09-25T00:22:34.478+0000] {processor.py:208} INFO - Processing /opt/airflow/dags/hello_airflow.py took 0.132 seconds
[2026-09-25T00:23:05.114+0000] {processor.py:186} INFO - Started process (PID=1049) to work on /opt/airflow/dags/hello_airflow.py
[2026-09-25T00:23:05.117+0000] {processor.py:914} INFO - Processing file /opt/airflow/dags/hello_airflow.py for tasks to queue
[2026-09-25T00:23:05.124+0000] {logging_mixin.py:190} INFO - [2026-09-25T00:23:05.123+0000] {dagbag.py:588} INFO - Filling up the DagBag from /opt/airflow/dags/hello_airflow.py
[2026-09-25T00:23:05.152+0000] {processor.py:925} INFO - DAG(s) 'hello_airflow' retrieved from /opt/airflow/dags/hello_airflow.py
[2026-09-25T00:23:05.196+0000] {logging_mixin.py:190} INFO - [2026-09-25T00:23:05.195+0000] {dag.py:3239} INFO - Sync 1 DAGs
[2026-09-25T00:23:05.217+0000] {logging_mixin.py:190} INFO - [2026-09-25T00:23:05.217+0000] {dag.py:4180} INFO - Setting next_dagrun for hello_airflow to None, run_after=None
[2026-09-25T00:23:05.244+0000] {processor.py:208} INFO - Processing /opt/airflow/dags/hello_airflow.py took 0.140 seconds
[2026-09-25T00:23:35.946+0000] {processor.py:186} INFO - Started process (PID=1069) to work on /opt/airflow/dags/hello_airflow.py
[2026-09-25T00:23:35.948+0000] {processor.py:914} INFO - Processing file /opt/airflow/dags/hello_airflow.py for tasks to queue
[2026-09-25T00:23:35.952+0000] {logging_mixin.py:190} INFO - [2026-09-25T00:23:35.952+0000] {dagbag.py:588} INFO - Filling up the DagBag from /opt/airflow/dags/hello_airflow.py
[2026-09-25T00:23:35.974+0000] {processor.py:925} INFO - DAG(s) 'hello_airflow' retrieved from /opt/airflow/dags/hello_airflow.py
[2026-09-25T00:23:36.018+0000] {logging_mixin.py:190} INFO - [2026-09-25T00:23:36.017+0000] {dag.py:3239} INFO - Sync 1 DAGs
[2026-09-25T00:23:36.039+0000] {logging_mixin.py:190} INFO - [2026-09-25T00:23:36.038+0000] {dag.py:4180} INFO - Setting next_dagrun for hello_airflow to None, run_after=None
[2026-09-25T00:23:36.064+0000] {processor.py:208} INFO - Processing /opt/airflow/dags/hello_airflow.py took 0.127 seconds
[2026-09-25T00:24:06.661+0000] {processor.py:186} INFO - Started process (PID=1089) to work on /opt/airflow/dags/hello_airflow.py
[2026-09-25T00:24:06.663+0000] {processor.py:914} INFO - Processing file /opt/airflow/dags/hello_airflow.py for tasks to queue
[2026-09-25T00:24:06.667+0000] {logging_mixin.py:190} INFO - [2026-09-25T00:24:06.667+0000] {dagbag.py:588} INFO - Filling up the DagBag from /opt/airflow/dags/hello_airflow.py
[2026-09-25T00:24:06.690+0000] {processor.py:925} INFO - DAG(s) 'hello_airflow' retrieved from /opt/airflow/dags/hello_airflow.py
[2026-09-25T00:24:06.732+0000] {logging_mixin.py:190} INFO - [2026-09-25T00:24:06.731+0000] {dag.py:3239} INFO - Sync 1 DAGs
[2026-09-25T00:24:06.754+0000] {logging_mixin.py:190} INFO - [2026-09-25T00:24:06.753+0000] {dag.py:4180} INFO - Setting next_dagrun for hello_airflow to None, run_after=None
[2026-09-25T00:24:06.781+0000] {processor.py:208} INFO - Processing /opt/airflow/dags/hello_airflow.py took 0.129 seconds
[2026-09-25T00:24:37.368+0000] {processor.py:186} INFO - Started process (PID=1109) to work on /opt/airflow/dags/hello_airflow.py
[2026-09-25T00:24:37.370+0000] {processor.py:914} INFO - Processing file /opt/airflow/dags/hello_airflow.py for tasks to queue
[2026-09-25T00:24:37.374+0000] {logging_mixin.py:190} INFO - [2026-09-25T00:24:37.374+0000] {dagbag.py:588} INFO - Filling up the DagBag from /opt/airflow/dags/hello_airflow.py
[2026-09-25T00:24:37.395+0000] {processor.py:925} INFO - DAG(s) 'hello_airflow' retrieved from /opt/airflow/dags/hello_airflow.py
[2026-09-25T00:24:37.439+0000] {logging_mixin.py:190} INFO - [2026-09-25T00:24:37.439+0000] {dag.py:3239} INFO - Sync 1 DAGs
[2026-09-25T00:24:37.459+0000] {logging_mixin.py:190} INFO - [2026-09-25T00:24:37.459+0000] {dag.py:4180} INFO - Setting next_dagrun for hello_airflow to None, run_after=None
[2026-09-25T00:24:37.490+0000] {processor.py:208} INFO - Processing /opt/airflow/dags/hello_airflow.py took 0.131 seconds
[2026-09-25T00:25:08.169+0000] {processor.py:186} INFO - Started process (PID=1129) to work on /opt/airflow/dags/hello_airflow.py
[2026-09-25T00:25:08.171+0000] {processor.py:914} INFO - Processing file /opt/airflow/dags/hello_airflow.py for tasks to queue
[2026-09-25T00:25:08.176+0000] {logging_mixin.py:190} INFO - [2026-09-25T00:25:08.175+0000] {dagbag.py:588} INFO - Filling up the DagBag from /opt/airflow/dags/hello_airflow.py
[2026-09-25T00:25:08.202+0000] {processor.py:925} INFO - DAG(s) 'hello_airflow' retrieved from /opt/airflow/dags/hello_airflow.py
[2026-09-25T00:25:08.252+0000] {logging_mixin.py:190} INFO - [2026-09-25T00:25:08.252+0000] {dag.py:3239} INFO - Sync 1 DAGs
[2026-09-25T00:25:08.284+0000] {logging_mixin.py:190} INFO - [2026-09-25T00:25:08.284+0000] {dag.py:4180} INFO - Setting next_dagrun for hello_airflow to None, run_after=None
[2026-09-25T00:25:08.340+0000] {processor.py:208} INFO - Processing /opt/airflow/dags/hello_airflow.py took 0.183 seconds
[2026-09-25T00:25:39.336+0000] {processor.py:186} INFO - Started process (PID=1149) to work on /opt/airflow/dags/hello_airflow.py
[2026-09-25T00:25:39.338+0000] {processor.py:914} INFO - Processing file /opt/airflow/dags/hello_airflow.py for tasks to queue
[2026-09-25T00:25:39.344+0000] {logging_mixin.py:190} INFO - [2026-09-25T00:25:39.343+0000] {dagbag.py:588} INFO - Filling up the DagBag from /opt/airflow/dags/hello_airflow.py
[2026-09-25T00:25:39.365+0000] {processor.py:925} INFO - DAG(s) 'hello_airflow' retrieved from /opt/airflow/dags/hello_airflow.py
[2026-09-25T00:25:39.405+0000] {logging_mixin.py:190} INFO - [2026-09-25T00:25:39.405+0000] {dag.py:3239} INFO - Sync 1 DAGs
[2026-09-25T00:25:39.426+0000] {logging_mixin.py:190} INFO - [2026-09-25T00:25:39.426+0000] {dag.py:4180} INFO - Setting next_dagrun for hello_airflow to None, run_after=None
[2026-09-25T00:25:39.451+0000] {processor.py:208} INFO - Processing /opt/airflow/dags/hello_airflow.py took 0.124 seconds
[2026-09-25T00:26:10.346+0000] {processor.py:186} INFO - Started process (PID=1174) to work on /opt/airflow/dags/hello_airflow.py
[2026-09-25T00:26:10.349+0000] {processor.py:914} INFO - Processing file /opt/airflow/dags/hello_airflow.py for tasks to queue
[2026-09-25T00:26:10.354+0000] {logging_mixin.py:190} INFO - [2026-09-25T00:26:10.353+0000] {dagbag.py:588} INFO - Filling up the DagBag from /opt/airflow/dags/hello_airflow.py
[2026-09-25T00:26:10.378+0000] {processor.py:925} INFO - DAG(s) 'hello_airflow' retrieved from /opt/airflow/dags/hello_airflow.py
[2026-09-25T00:26:10.422+0000] {logging_mixin.py:190} INFO - [2026-09-25T00:26:10.422+0000] {dag.py:3239} INFO - Sync 1 DAGs
[2026-09-25T00:26:10.444+0000] {logging_mixin.py:190} INFO - [2026-09-25T00:26:10.443+0000] {dag.py:4180} INFO - Setting next_dagrun for hello_airflow to None, run_after=None
[2026-09-25T00:26:10.474+0000] {processor.py:208} INFO - Processing /opt/airflow/dags/hello_airflow.py took 0.137 seconds
[2026-09-25T00:26:41.258+0000] {processor.py:186} INFO - Started process (PID=1194) to work on /opt/airflow/dags/hello_airflow.py
[2026-09-25T00:26:41.261+0000] {processor.py:914} INFO - Processing file /opt/airflow/dags/hello_airflow.py for tasks to queue
[2026-09-25T00:26:41.267+0000] {logging_mixin.py:190} INFO - [2026-09-25T00:26:41.266+0000] {dagbag.py:588} INFO - Filling up the DagBag from /opt/airflow/dags/hello_airflow.py
[2026-09-25T00:26:41.292+0000] {processor.py:925} INFO - DAG(s) 'hello_airflow' retrieved from /opt/airflow/dags/hello_airflow.py
[2026-09-25T00:26:41.333+0000] {logging_mixin.py:190} INFO - [2026-09-25T00:26:41.333+0000] {dag.py:3239} INFO - Sync 1 DAGs
[2026-09-25T00:26:41.354+0000] {logging_mixin.py:190} INFO - [2026-09-25T00:26:41.354+0000] {dag.py:4180} INFO - Setting next_dagrun for hello_airflow to None, run_after=None
[2026-09-25T00:26:41.380+0000] {processor.py:208} INFO - Processing /opt/airflow/dags/hello_airflow.py took 0.131 seconds
[2026-09-25T00:27:11.979+0000] {processor.py:186} INFO - Started process (PID=1214) to work on /opt/airflow/dags/hello_airflow.py
[2026-09-25T00:27:11.981+0000] {processor.py:914} INFO - Processing file /opt/airflow/dags/hello_airflow.py for tasks to queue
[2026-09-25T00:27:11.985+0000] {logging_mixin.py:190} INFO - [2026-09-25T00:27:11.985+0000] {dagbag.py:588} INFO - Filling up the DagBag from /opt/airflow/dags/hello_airflow.py
[2026-09-25T00:27:12.009+0000] {processor.py:925} INFO - DAG(s) 'hello_airflow' retrieved from /opt/airflow/dags/hello_airflow.py
[2026-09-25T00:27:12.055+0000] {logging_mixin.py:190} INFO - [2026-09-25T00:27:12.055+0000] {dag.py:3239} INFO - Sync 1 DAGs
[2026-09-25T00:27:12.077+0000] {logging_mixin.py:190} INFO - [2026-09-25T00:27:12.076+0000] {dag.py:4180} INFO - Setting next_dagrun for hello_airflow to None, run_after=None
[2026-09-25T00:27:12.107+0000] {processor.py:208} INFO - Processing /opt/airflow/dags/hello_airflow.py took 0.140 seconds
[2026-09-25T00:27:42.705+0000] {processor.py:186} INFO - Started process (PID=1234) to work on /opt/airflow/dags/hello_airflow.py
[2026-09-25T00:27:42.707+0000] {processor.py:914} INFO - Processing file /opt/airflow/dags/hello_airflow.py for tasks to queue
[2026-09-25T00:27:42.710+0000] {logging_mixin.py:190} INFO - [2026-09-25T00:27:42.710+0000] {dagbag.py:588} INFO - Filling up the DagBag from /opt/airflow/dags/hello_airflow.py
[2026-09-25T00:27:42.734+0000] {processor.py:925} INFO - DAG(s) 'hello_airflow' retrieved from /opt/airflow/dags/hello_airflow.py
[2026-09-25T00:27:42.775+0000] {logging_mixin.py:190} INFO - [2026-09-25T00:27:42.774+0000] {dag.py:3239} INFO - Sync 1 DAGs
[2026-09-25T00:27:42.797+0000] {logging_mixin.py:190} INFO - [2026-09-25T00:27:42.796+0000] {dag.py:4180} INFO - Setting next_dagrun for hello_airflow to None, run_after=None
[2026-09-25T00:27:42.822+0000] {processor.py:208} INFO - Processing /opt/airflow/dags/hello_airflow.py took 0.128 seconds
[2026-09-25T00:28:13.443+0000] {processor.py:186} INFO - Started process (PID=1254) to work on /opt/airflow/dags/hello_airflow.py
[2026-09-25T00:28:13.445+0000] {processor.py:914} INFO - Processing file /opt/airflow/dags/hello_airflow.py for tasks to queue
[2026-09-25T00:28:13.450+0000] {logging_mixin.py:190} INFO - [2026-09-25T00:28:13.449+0000] {dagbag.py:588} INFO - Filling up the DagBag from /opt/airflow/dags/hello_airflow.py
[2026-09-25T00:28:13.475+0000] {processor.py:925} INFO - DAG(s) 'hello_airflow' retrieved from /opt/airflow/dags/hello_airflow.py
[2026-09-25T00:28:13.521+0000] {logging_mixin.py:190} INFO - [2026-09-25T00:28:13.520+0000] {dag.py:3239} INFO - Sync 1 DAGs
[2026-09-25T00:28:13.544+0000] {logging_mixin.py:190} INFO - [2026-09-25T00:28:13.543+0000] {dag.py:4180} INFO - Setting next_dagrun for hello_airflow to None, run_after=None
[2026-09-25T00:28:13.571+0000] {processor.py:208} INFO - Processing /opt/airflow/dags/hello_airflow.py took 0.140 seconds
[2026-09-25T00:28:44.266+0000] {processor.py:186} INFO - Started process (PID=1272) to work on /opt/airflow/dags/hello_airflow.py
[2026-09-25T00:28:44.269+0000] {processor.py:914} INFO - Processing file /opt/airflow/dags/hello_airflow.py for tasks to queue
[2026-09-25T00:28:44.273+0000] {logging_mixin.py:190} INFO - [2026-09-25T00:28:44.273+0000] {dagbag.py:588} INFO - Filling up the DagBag from /opt/airflow/dags/hello_airflow.py
[2026-09-25T00:28:44.297+0000] {processor.py:925} INFO - DAG(s) 'hello_airflow' retrieved from /opt/airflow/dags/hello_airflow.py
[2026-09-25T00:28:44.344+0000] {logging_mixin.py:190} INFO - [2026-09-25T00:28:44.344+0000] {dag.py:3239} INFO - Sync 1 DAGs
[2026-09-25T00:28:44.367+0000] {logging_mixin.py:190} INFO - [2026-09-25T00:28:44.367+0000] {dag.py:4180} INFO - Setting next_dagrun for hello_airflow to None, run_after=None
[2026-09-25T00:28:44.393+0000] {processor.py:208} INFO - Processing /opt/airflow/dags/hello_airflow.py took 0.137 seconds
[2026-09-25T00:29:15.312+0000] {processor.py:186} INFO - Started process (PID=1294) to work on /opt/airflow/dags/hello_airflow.py
[2026-09-25T00:29:15.315+0000] {processor.py:914} INFO - Processing file /opt/airflow/dags/hello_airflow.py for tasks to queue
[2026-09-25T00:29:15.319+0000] {logging_mixin.py:190} INFO - [2026-09-25T00:29:15.319+0000] {dagbag.py:588} INFO - Filling up the DagBag from /opt/airflow/dags/hello_airflow.py
[2026-09-25T00:29:15.343+0000] {processor.py:925} INFO - DAG(s) 'hello_airflow' retrieved from /opt/airflow/dags/hello_airflow.py
[2026-09-25T00:29:15.389+0000] {logging_mixin.py:190} INFO - [2026-09-25T00:29:15.389+0000] {dag.py:3239} INFO - Sync 1 DAGs
[2026-09-25T00:29:15.412+0000] {logging_mixin.py:190} INFO - [2026-09-25T00:29:15.411+0000] {dag.py:4180} INFO - Setting next_dagrun for hello_airflow to None, run_after=None
[2026-09-25T00:29:15.442+0000] {processor.py:208} INFO - Processing /opt/airflow/dags/hello_airflow.py took 0.141 seconds
[2026-09-25T00:29:46.532+0000] {processor.py:186} INFO - Started process (PID=1314) to work on /opt/airflow/dags/hello_airflow.py
[2026-09-25T00:29:46.534+0000] {processor.py:914} INFO - Processing file /opt/airflow/dags/hello_airflow.py for tasks to queue
[2026-09-25T00:29:46.540+0000] {logging_mixin.py:190} INFO - [2026-09-25T00:29:46.539+0000] {dagbag.py:588} INFO - Filling up the DagBag from /opt/airflow/dags/hello_airflow.py
[2026-09-25T00:29:46.575+0000] {processor.py:925} INFO - DAG(s) 'hello_airflow' retrieved from /opt/airflow/dags/hello_airflow.py
[2026-09-25T00:29:46.633+0000] {logging_mixin.py:190} INFO - [2026-09-25T00:29:46.633+0000] {dag.py:3239} INFO - Sync 1 DAGs
[2026-09-25T00:29:46.658+0000] {logging_mixin.py:190} INFO - [2026-09-25T00:29:46.658+0000] {dag.py:4180} INFO - Setting next_dagrun for hello_airflow to None, run_after=None
[2026-09-25T00:29:46.698+0000] {processor.py:208} INFO - Processing /opt/airflow/dags/hello_airflow.py took 0.176 seconds
[2026-09-25T00:30:17.493+0000] {processor.py:186} INFO - Started process (PID=1332) to work on /opt/airflow/dags/hello_airflow.py
[2026-09-25T00:30:17.495+0000] {processor.py:914} INFO - Processing file /opt/airflow/dags/hello_airflow.py for tasks to queue
[2026-09-25T00:30:17.504+0000] {logging_mixin.py:190} INFO - [2026-09-25T00:30:17.503+0000] {dagbag.py:588} INFO - Filling up the DagBag from /opt/airflow/dags/hello_airflow.py
[2026-09-25T00:30:17.538+0000] {processor.py:925} INFO - DAG(s) 'hello_airflow' retrieved from /opt/airflow/dags/hello_airflow.py
[2026-09-25T00:30:17.630+0000] {logging_mixin.py:190} INFO - [2026-09-25T00:30:17.630+0000] {dag.py:3239} INFO - Sync 1 DAGs
[2026-09-25T00:30:17.686+0000] {logging_mixin.py:190} INFO - [2026-09-25T00:30:17.685+0000] {dag.py:4180} INFO - Setting next_dagrun for hello_airflow to None, run_after=None
[2026-09-25T00:30:17.784+0000] {processor.py:208} INFO - Processing /opt/airflow/dags/hello_airflow.py took 0.303 seconds
[2026-09-25T00:30:48.874+0000] {processor.py:186} INFO - Started process (PID=1352) to work on /opt/airflow/dags/hello_airflow.py
[2026-09-25T00:30:48.878+0000] {processor.py:914} INFO - Processing file /opt/airflow/dags/hello_airflow.py for tasks to queue
[2026-09-25T00:30:48.883+0000] {logging_mixin.py:190} INFO - [2026-09-25T00:30:48.882+0000] {dagbag.py:588} INFO - Filling up the DagBag from /opt/airflow/dags/hello_airflow.py
[2026-09-25T00:30:48.929+0000] {processor.py:925} INFO - DAG(s) 'hello_airflow' retrieved from /opt/airflow/dags/hello_airflow.py
[2026-09-25T00:30:48.989+0000] {logging_mixin.py:190} INFO - [2026-09-25T00:30:48.989+0000] {dag.py:3239} INFO - Sync 1 DAGs
[2026-09-25T00:30:49.018+0000] {logging_mixin.py:190} INFO - [2026-09-25T00:30:49.017+0000] {dag.py:4180} INFO - Setting next_dagrun for hello_airflow to None, run_after=None
[2026-09-25T00:30:49.057+0000] {processor.py:208} INFO - Processing /opt/airflow/dags/hello_airflow.py took 0.201 seconds
[2026-09-25T00:31:19.637+0000] {processor.py:186} INFO - Started process (PID=1372) to work on /opt/airflow/dags/hello_airflow.py
[2026-09-25T00:31:19.639+0000] {processor.py:914} INFO - Processing file /opt/airflow/dags/hello_airflow.py for tasks to queue
[2026-09-25T00:31:19.644+0000] {logging_mixin.py:190} INFO - [2026-09-25T00:31:19.643+0000] {dagbag.py:588} INFO - Filling up the DagBag from /opt/airflow/dags/hello_airflow.py
[2026-09-25T00:31:19.673+0000] {processor.py:925} INFO - DAG(s) 'hello_airflow' retrieved from /opt/airflow/dags/hello_airflow.py
[2026-09-25T00:31:19.722+0000] {logging_mixin.py:190} INFO - [2026-09-25T00:31:19.721+0000] {dag.py:3239} INFO - Sync 1 DAGs
[2026-09-25T00:31:19.753+0000] {logging_mixin.py:190} INFO - [2026-09-25T00:31:19.751+0000] {dag.py:4180} INFO - Setting next_dagrun for hello_airflow to None, run_after=None
[2026-09-25T00:31:19.786+0000] {processor.py:208} INFO - Processing /opt/airflow/dags/hello_airflow.py took 0.161 seconds
[2026-09-25T00:31:50.318+0000] {processor.py:186} INFO - Started process (PID=1392) to work on /opt/airflow/dags/hello_airflow.py
[2026-09-25T00:31:50.320+0000] {processor.py:914} INFO - Processing file /opt/airflow/dags/hello_airflow.py for tasks to queue
[2026-09-25T00:31:50.324+0000] {logging_mixin.py:190} INFO - [2026-09-25T00:31:50.323+0000] {dagbag.py:588} INFO - Filling up the DagBag from /opt/airflow/dags/hello_airflow.py
[2026-09-25T00:31:50.352+0000] {processor.py:925} INFO - DAG(s) 'hello_airflow' retrieved from /opt/airflow/dags/hello_airflow.py
[2026-09-25T00:31:50.400+0000] {logging_mixin.py:190} INFO - [2026-09-25T00:31:50.399+0000] {dag.py:3239} INFO - Sync 1 DAGs
[2026-09-25T00:31:50.425+0000] {logging_mixin.py:190} INFO - [2026-09-25T00:31:50.424+0000] {dag.py:4180} INFO - Setting next_dagrun for hello_airflow to None, run_after=None
[2026-09-25T00:31:50.453+0000] {processor.py:208} INFO - Processing /opt/airflow/dags/hello_airflow.py took 0.146 seconds
[2026-09-25T00:32:20.973+0000] {processor.py:186} INFO - Started process (PID=1412) to work on /opt/airflow/dags/hello_airflow.py
[2026-09-25T00:32:20.975+0000] {processor.py:914} INFO - Processing file /opt/airflow/dags/hello_airflow.py for tasks to queue
[2026-09-25T00:32:20.981+0000] {logging_mixin.py:190} INFO - [2026-09-25T00:32:20.980+0000] {dagbag.py:588} INFO - Filling up the DagBag from /opt/airflow/dags/hello_airflow.py
[2026-09-25T00:32:21.011+0000] {processor.py:925} INFO - DAG(s) 'hello_airflow' retrieved from /opt/airflow/dags/hello_airflow.py
[2026-09-25T00:32:21.065+0000] {logging_mixin.py:190} INFO - [2026-09-25T00:32:21.064+0000] {dag.py:3239} INFO - Sync 1 DAGs
[2026-09-25T00:32:21.090+0000] {logging_mixin.py:190} INFO - [2026-09-25T00:32:21.090+0000] {dag.py:4180} INFO - Setting next_dagrun for hello_airflow to None, run_after=None
[2026-09-25T00:32:21.121+0000] {processor.py:208} INFO - Processing /opt/airflow/dags/hello_airflow.py took 0.162 seconds
[2026-09-25T00:32:51.574+0000] {processor.py:186} INFO - Started process (PID=1432) to work on /opt/airflow/dags/hello_airflow.py
[2026-09-25T00:32:51.578+0000] {processor.py:914} INFO - Processing file /opt/airflow/dags/hello_airflow.py for tasks to queue
[2026-09-25T00:32:51.583+0000] {logging_mixin.py:190} INFO - [2026-09-25T00:32:51.583+0000] {dagbag.py:588} INFO - Filling up the DagBag from /opt/airflow/dags/hello_airflow.py
[2026-09-25T00:32:51.610+0000] {processor.py:925} INFO - DAG(s) 'hello_airflow' retrieved from /opt/airflow/dags/hello_airflow.py
[2026-09-25T00:32:51.662+0000] {logging_mixin.py:190} INFO - [2026-09-25T00:32:51.662+0000] {dag.py:3239} INFO - Sync 1 DAGs
[2026-09-25T00:32:51.687+0000] {logging_mixin.py:190} INFO - [2026-09-25T00:32:51.687+0000] {dag.py:4180} INFO - Setting next_dagrun for hello_airflow to None, run_after=None
[2026-09-25T00:32:51.718+0000] {processor.py:208} INFO - Processing /opt/airflow/dags/hello_airflow.py took 0.154 seconds
[2026-09-25T00:33:22.141+0000] {processor.py:186} INFO - Started process (PID=1452) to work on /opt/airflow/dags/hello_airflow.py
[2026-09-25T00:33:22.144+0000] {processor.py:914} INFO - Processing file /opt/airflow/dags/hello_airflow.py for tasks to queue
[2026-09-25T00:33:22.148+0000] {logging_mixin.py:190} INFO - [2026-09-25T00:33:22.147+0000] {dagbag.py:588} INFO - Filling up the DagBag from /opt/airflow/dags/hello_airflow.py
[2026-09-25T00:33:22.175+0000] {processor.py:925} INFO - DAG(s) 'hello_airflow' retrieved from /opt/airflow/dags/hello_airflow.py
[2026-09-25T00:33:22.292+0000] {logging_mixin.py:190} INFO - [2026-09-25T00:33:22.291+0000] {dag.py:3239} INFO - Sync 1 DAGs
[2026-09-25T00:33:22.343+0000] {logging_mixin.py:190} INFO - [2026-09-25T00:33:22.342+0000] {dag.py:4180} INFO - Setting next_dagrun for hello_airflow to None, run_after=None
[2026-09-25T00:33:22.377+0000] {processor.py:208} INFO - Processing /opt/airflow/dags/hello_airflow.py took 0.249 seconds
[2026-09-25T00:33:53.030+0000] {processor.py:186} INFO - Started process (PID=1472) to work on /opt/airflow/dags/hello_airflow.py
[2026-09-25T00:33:53.034+0000] {processor.py:914} INFO - Processing file /opt/airflow/dags/hello_airflow.py for tasks to queue
[2026-09-25T00:33:53.040+0000] {logging_mixin.py:190} INFO - [2026-09-25T00:33:53.039+0000] {dagbag.py:588} INFO - Filling up the DagBag from /opt/airflow/dags/hello_airflow.py
[2026-09-25T00:33:53.069+0000] {processor.py:925} INFO - DAG(s) 'hello_airflow' retrieved from /opt/airflow/dags/hello_airflow.py
[2026-09-25T00:33:53.128+0000] {logging_mixin.py:190} INFO - [2026-09-25T00:33:53.128+0000] {dag.py:3239} INFO - Sync 1 DAGs
[2026-09-25T00:33:53.161+0000] {logging_mixin.py:190} INFO - [2026-09-25T00:33:53.161+0000] {dag.py:4180} INFO - Setting next_dagrun for hello_airflow to None, run_after=None
[2026-09-25T00:33:53.193+0000] {processor.py:208} INFO - Processing /opt/airflow/dags/hello_airflow.py took 0.174 seconds
[2026-09-25T00:34:23.935+0000] {processor.py:186} INFO - Started process (PID=1492) to work on /opt/airflow/dags/hello_airflow.py
[2026-09-25T00:34:23.937+0000] {processor.py:914} INFO - Processing file /opt/airflow/dags/hello_airflow.py for tasks to queue
[2026-09-25T00:34:23.942+0000] {logging_mixin.py:190} INFO - [2026-09-25T00:34:23.941+0000] {dagbag.py:588} INFO - Filling up the DagBag from /opt/airflow/dags/hello_airflow.py
[2026-09-25T00:34:23.969+0000] {processor.py:925} INFO - DAG(s) 'hello_airflow' retrieved from /opt/airflow/dags/hello_airflow.py
[2026-09-25T00:34:24.018+0000] {logging_mixin.py:190} INFO - [2026-09-25T00:34:24.016+0000] {dag.py:3239} INFO - Sync 1 DAGs
[2026-09-25T00:34:24.042+0000] {logging_mixin.py:190} INFO - [2026-09-25T00:34:24.042+0000] {dag.py:4180} INFO - Setting next_dagrun for hello_airflow to None, run_after=None
[2026-09-25T00:34:24.072+0000] {processor.py:208} INFO - Processing /opt/airflow/dags/hello_airflow.py took 0.153 seconds
[2026-09-25T00:34:54.892+0000] {processor.py:186} INFO - Started process (PID=1512) to work on /opt/airflow/dags/hello_airflow.py
[2026-09-25T00:34:54.895+0000] {processor.py:914} INFO - Processing file /opt/airflow/dags/hello_airflow.py for tasks to queue
[2026-09-25T00:34:54.899+0000] {logging_mixin.py:190} INFO - [2026-09-25T00:34:54.898+0000] {dagbag.py:588} INFO - Filling up the DagBag from /opt/airflow/dags/hello_airflow.py
[2026-09-25T00:34:54.926+0000] {processor.py:925} INFO - DAG(s) 'hello_airflow' retrieved from /opt/airflow/dags/hello_airflow.py
[2026-09-25T00:34:54.977+0000] {logging_mixin.py:190} INFO - [2026-09-25T00:34:54.976+0000] {dag.py:3239} INFO - Sync 1 DAGs
[2026-09-25T00:34:55.005+0000] {logging_mixin.py:190} INFO - [2026-09-25T00:34:55.004+0000] {dag.py:4180} INFO - Setting next_dagrun for hello_airflow to None, run_after=None
[2026-09-25T00:34:55.032+0000] {processor.py:208} INFO - Processing /opt/airflow/dags/hello_airflow.py took 0.149 seconds
[2026-09-25T00:35:25.958+0000] {processor.py:186} INFO - Started process (PID=1532) to work on /opt/airflow/dags/hello_airflow.py
[2026-09-25T00:35:25.963+0000] {processor.py:914} INFO - Processing file /opt/airflow/dags/hello_airflow.py for tasks to queue
[2026-09-25T00:35:25.968+0000] {logging_mixin.py:190} INFO - [2026-09-25T00:35:25.968+0000] {dagbag.py:588} INFO - Filling up the DagBag from /opt/airflow/dags/hello_airflow.py
[2026-09-25T00:35:26.000+0000] {processor.py:925} INFO - DAG(s) 'hello_airflow' retrieved from /opt/airflow/dags/hello_airflow.py
[2026-09-25T00:35:26.052+0000] {logging_mixin.py:190} INFO - [2026-09-25T00:35:26.051+0000] {dag.py:3239} INFO - Sync 1 DAGs
[2026-09-25T00:35:26.078+0000] {logging_mixin.py:190} INFO - [2026-09-25T00:35:26.077+0000] {dag.py:4180} INFO - Setting next_dagrun for hello_airflow to None, run_after=None
[2026-09-25T00:35:26.111+0000] {processor.py:208} INFO - Processing /opt/airflow/dags/hello_airflow.py took 0.166 seconds
[2026-09-25T00:35:56.630+0000] {processor.py:186} INFO - Started process (PID=1552) to work on /opt/airflow/dags/hello_airflow.py
[2026-09-25T00:35:56.633+0000] {processor.py:914} INFO - Processing file /opt/airflow/dags/hello_airflow.py for tasks to queue
[2026-09-25T00:35:56.637+0000] {logging_mixin.py:190} INFO - [2026-09-25T00:35:56.636+0000] {dagbag.py:588} INFO - Filling up the DagBag from /opt/airflow/dags/hello_airflow.py
[2026-09-25T00:35:56.668+0000] {processor.py:925} INFO - DAG(s) 'hello_airflow' retrieved from /opt/airflow/dags/hello_airflow.py
[2026-09-25T00:35:56.724+0000] {logging_mixin.py:190} INFO - [2026-09-25T00:35:56.723+0000] {dag.py:3239} INFO - Sync 1 DAGs
[2026-09-25T00:35:56.752+0000] {logging_mixin.py:190} INFO - [2026-09-25T00:35:56.751+0000] {dag.py:4180} INFO - Setting next_dagrun for hello_airflow to None, run_after=None
[2026-09-25T00:35:56.784+0000] {processor.py:208} INFO - Processing /opt/airflow/dags/hello_airflow.py took 0.164 seconds
[2026-09-25T00:36:27.417+0000] {processor.py:186} INFO - Started process (PID=1572) to work on /opt/airflow/dags/hello_airflow.py
[2026-09-25T00:36:27.419+0000] {processor.py:914} INFO - Processing file /opt/airflow/dags/hello_airflow.py for tasks to queue
[2026-09-25T00:36:27.424+0000] {logging_mixin.py:190} INFO - [2026-09-25T00:36:27.423+0000] {dagbag.py:588} INFO - Filling up the DagBag from /opt/airflow/dags/hello_airflow.py
[2026-09-25T00:36:27.456+0000] {processor.py:925} INFO - DAG(s) 'hello_airflow' retrieved from /opt/airflow/dags/hello_airflow.py
[2026-09-25T00:36:27.510+0000] {logging_mixin.py:190} INFO - [2026-09-25T00:36:27.509+0000] {dag.py:3239} INFO - Sync 1 DAGs
[2026-09-25T00:36:27.539+0000] {logging_mixin.py:190} INFO - [2026-09-25T00:36:27.538+0000] {dag.py:4180} INFO - Setting next_dagrun for hello_airflow to None, run_after=None
[2026-09-25T00:36:27.575+0000] {processor.py:208} INFO - Processing /opt/airflow/dags/hello_airflow.py took 0.169 seconds
[2026-09-25T00:36:58.039+0000] {processor.py:186} INFO - Started process (PID=1592) to work on /opt/airflow/dags/hello_airflow.py
[2026-09-25T00:36:58.042+0000] {processor.py:914} INFO - Processing file /opt/airflow/dags/hello_airflow.py for tasks to queue
[2026-09-25T00:36:58.048+0000] {logging_mixin.py:190} INFO - [2026-09-25T00:36:58.046+0000] {dagbag.py:588} INFO - Filling up the DagBag from /opt/airflow/dags/hello_airflow.py
[2026-09-25T00:36:58.082+0000] {processor.py:925} INFO - DAG(s) 'hello_airflow' retrieved from /opt/airflow/dags/hello_airflow.py
[2026-09-25T00:36:58.139+0000] {logging_mixin.py:190} INFO - [2026-09-25T00:36:58.138+0000] {dag.py:3239} INFO - Sync 1 DAGs
[2026-09-25T00:36:58.164+0000] {logging_mixin.py:190} INFO - [2026-09-25T00:36:58.163+0000] {dag.py:4180} INFO - Setting next_dagrun for hello_airflow to None, run_after=None
[2026-09-25T00:36:58.199+0000] {processor.py:208} INFO - Processing /opt/airflow/dags/hello_airflow.py took 0.171 seconds
[2026-09-25T00:37:28.839+0000] {processor.py:186} INFO - Started process (PID=1612) to work on /opt/airflow/dags/hello_airflow.py
[2026-09-25T00:37:28.842+0000] {processor.py:914} INFO - Processing file /opt/airflow/dags/hello_airflow.py for tasks to queue
[2026-09-25T00:37:28.847+0000] {logging_mixin.py:190} INFO - [2026-09-25T00:37:28.846+0000] {dagbag.py:588} INFO - Filling up the DagBag from /opt/airflow/dags/hello_airflow.py
[2026-09-25T00:37:28.876+0000] {processor.py:925} INFO - DAG(s) 'hello_airflow' retrieved from /opt/airflow/dags/hello_airflow.py
[2026-09-25T00:37:28.925+0000] {logging_mixin.py:190} INFO - [2026-09-25T00:37:28.924+0000] {dag.py:3239} INFO - Sync 1 DAGs
[2026-09-25T00:37:28.949+0000] {logging_mixin.py:190} INFO - [2026-09-25T00:37:28.949+0000] {dag.py:4180} INFO - Setting next_dagrun for hello_airflow to None, run_after=None
[2026-09-25T00:37:28.980+0000] {processor.py:208} INFO - Processing /opt/airflow/dags/hello_airflow.py took 0.151 seconds
[2026-09-25T00:37:59.460+0000] {processor.py:186} INFO - Started process (PID=1632) to work on /opt/airflow/dags/hello_airflow.py
[2026-09-25T00:37:59.462+0000] {processor.py:914} INFO - Processing file /opt/airflow/dags/hello_airflow.py for tasks to queue
[2026-09-25T00:37:59.468+0000] {logging_mixin.py:190} INFO - [2026-09-25T00:37:59.467+0000] {dagbag.py:588} INFO - Filling up the DagBag from /opt/airflow/dags/hello_airflow.py
[2026-09-25T00:37:59.494+0000] {processor.py:925} INFO - DAG(s) 'hello_airflow' retrieved from /opt/airflow/dags/hello_airflow.py
[2026-09-25T00:37:59.546+0000] {logging_mixin.py:190} INFO - [2026-09-25T00:37:59.545+0000] {dag.py:3239} INFO - Sync 1 DAGs
[2026-09-25T00:37:59.569+0000] {logging_mixin.py:190} INFO - [2026-09-25T00:37:59.569+0000] {dag.py:4180} INFO - Setting next_dagrun for hello_airflow to None, run_after=None
[2026-09-25T00:37:59.602+0000] {processor.py:208} INFO - Processing /opt/airflow/dags/hello_airflow.py took 0.154 seconds
[2026-09-25T00:38:30.194+0000] {processor.py:186} INFO - Started process (PID=1652) to work on /opt/airflow/dags/hello_airflow.py
[2026-09-25T00:38:30.196+0000] {processor.py:914} INFO - Processing file /opt/airflow/dags/hello_airflow.py for tasks to queue
[2026-09-25T00:38:30.203+0000] {logging_mixin.py:190} INFO - [2026-09-25T00:38:30.203+0000] {dagbag.py:588} INFO - Filling up the DagBag from /opt/airflow/dags/hello_airflow.py
[2026-09-25T00:38:30.229+0000] {processor.py:925} INFO - DAG(s) 'hello_airflow' retrieved from /opt/airflow/dags/hello_airflow.py
[2026-09-25T00:38:30.282+0000] {logging_mixin.py:190} INFO - [2026-09-25T00:38:30.282+0000] {dag.py:3239} INFO - Sync 1 DAGs
[2026-09-25T00:38:30.306+0000] {logging_mixin.py:190} INFO - [2026-09-25T00:38:30.305+0000] {dag.py:4180} INFO - Setting next_dagrun for hello_airflow to None, run_after=None
[2026-09-25T00:38:30.336+0000] {processor.py:208} INFO - Processing /opt/airflow/dags/hello_airflow.py took 0.152 seconds
[2026-09-25T00:39:01.149+0000] {processor.py:186} INFO - Started process (PID=1672) to work on /opt/airflow/dags/hello_airflow.py
[2026-09-25T00:39:01.151+0000] {processor.py:914} INFO - Processing file /opt/airflow/dags/hello_airflow.py for tasks to queue
[2026-09-25T00:39:01.155+0000] {logging_mixin.py:190} INFO - [2026-09-25T00:39:01.154+0000] {dagbag.py:588} INFO - Filling up the DagBag from /opt/airflow/dags/hello_airflow.py
[2026-09-25T00:39:01.220+0000] {processor.py:925} INFO - DAG(s) 'hello_airflow' retrieved from /opt/airflow/dags/hello_airflow.py
[2026-09-25T00:39:01.288+0000] {logging_mixin.py:190} INFO - [2026-09-25T00:39:01.288+0000] {dag.py:3239} INFO - Sync 1 DAGs
[2026-09-25T00:39:01.388+0000] {logging_mixin.py:190} INFO - [2026-09-25T00:39:01.388+0000] {dag.py:4180} INFO - Setting next_dagrun for hello_airflow to None, run_after=None
[2026-09-25T00:39:01.504+0000] {processor.py:208} INFO - Processing /opt/airflow/dags/hello_airflow.py took 0.367 seconds
[2026-09-25T00:39:32.231+0000] {processor.py:186} INFO - Started process (PID=1692) to work on /opt/airflow/dags/hello_airflow.py
[2026-09-25T00:39:32.233+0000] {processor.py:914} INFO - Processing file /opt/airflow/dags/hello_airflow.py for tasks to queue
[2026-09-25T00:39:32.239+0000] {logging_mixin.py:190} INFO - [2026-09-25T00:39:32.238+0000] {dagbag.py:588} INFO - Filling up the DagBag from /opt/airflow/dags/hello_airflow.py
[2026-09-25T00:39:32.270+0000] {processor.py:925} INFO - DAG(s) 'hello_airflow' retrieved from /opt/airflow/dags/hello_airflow.py
[2026-09-25T00:39:32.325+0000] {logging_mixin.py:190} INFO - [2026-09-25T00:39:32.325+0000] {dag.py:3239} INFO - Sync 1 DAGs
[2026-09-25T00:39:32.352+0000] {logging_mixin.py:190} INFO - [2026-09-25T00:39:32.352+0000] {dag.py:4180} INFO - Setting next_dagrun for hello_airflow to None, run_after=None
[2026-09-25T00:39:32.380+0000] {processor.py:208} INFO - Processing /opt/airflow/dags/hello_airflow.py took 0.160 seconds
[2026-09-25T00:40:03.016+0000] {processor.py:186} INFO - Started process (PID=1712) to work on /opt/airflow/dags/hello_airflow.py
[2026-09-25T00:40:03.017+0000] {processor.py:914} INFO - Processing file /opt/airflow/dags/hello_airflow.py for tasks to queue
[2026-09-25T00:40:03.022+0000] {logging_mixin.py:190} INFO - [2026-09-25T00:40:03.021+0000] {dagbag.py:588} INFO - Filling up the DagBag from /opt/airflow/dags/hello_airflow.py
[2026-09-25T00:40:03.045+0000] {processor.py:925} INFO - DAG(s) 'hello_airflow' retrieved from /opt/airflow/dags/hello_airflow.py
[2026-09-25T00:40:03.091+0000] {logging_mixin.py:190} INFO - [2026-09-25T00:40:03.091+0000] {dag.py:3239} INFO - Sync 1 DAGs
[2026-09-25T00:40:03.115+0000] {logging_mixin.py:190} INFO - [2026-09-25T00:40:03.114+0000] {dag.py:4180} INFO - Setting next_dagrun for hello_airflow to None, run_after=None
[2026-09-25T00:40:03.141+0000] {processor.py:208} INFO - Processing /opt/airflow/dags/hello_airflow.py took 0.135 seconds
[2026-09-25T00:40:33.721+0000] {processor.py:186} INFO - Started process (PID=1732) to work on /opt/airflow/dags/hello_airflow.py
[2026-09-25T00:40:33.723+0000] {processor.py:914} INFO - Processing file /opt/airflow/dags/hello_airflow.py for tasks to queue
[2026-09-25T00:40:33.730+0000] {logging_mixin.py:190} INFO - [2026-09-25T00:40:33.729+0000] {dagbag.py:588} INFO - Filling up the DagBag from /opt/airflow/dags/hello_airflow.py
[2026-09-25T00:40:33.768+0000] {processor.py:925} INFO - DAG(s) 'hello_airflow' retrieved from /opt/airflow/dags/hello_airflow.py
[2026-09-25T00:40:33.850+0000] {logging_mixin.py:190} INFO - [2026-09-25T00:40:33.850+0000] {dag.py:3239} INFO - Sync 1 DAGs
[2026-09-25T00:40:33.904+0000] {logging_mixin.py:190} INFO - [2026-09-25T00:40:33.904+0000] {dag.py:4180} INFO - Setting next_dagrun for hello_airflow to None, run_after=None
[2026-09-25T00:40:33.963+0000] {processor.py:208} INFO - Processing /opt/airflow/dags/hello_airflow.py took 0.259 seconds
[2026-09-25T00:41:04.457+0000] {processor.py:186} INFO - Started process (PID=1752) to work on /opt/airflow/dags/hello_airflow.py
[2026-09-25T00:41:04.461+0000] {processor.py:914} INFO - Processing file /opt/airflow/dags/hello_airflow.py for tasks to queue
[2026-09-25T00:41:04.466+0000] {logging_mixin.py:190} INFO - [2026-09-25T00:41:04.466+0000] {dagbag.py:588} INFO - Filling up the DagBag from /opt/airflow/dags/hello_airflow.py
[2026-09-25T00:41:04.495+0000] {processor.py:925} INFO - DAG(s) 'hello_airflow' retrieved from /opt/airflow/dags/hello_airflow.py
[2026-09-25T00:41:04.542+0000] {logging_mixin.py:190} INFO - [2026-09-25T00:41:04.542+0000] {dag.py:3239} INFO - Sync 1 DAGs
[2026-09-25T00:41:04.565+0000] {logging_mixin.py:190} INFO - [2026-09-25T00:41:04.565+0000] {dag.py:4180} INFO - Setting next_dagrun for hello_airflow to None, run_after=None
[2026-09-25T00:41:04.593+0000] {processor.py:208} INFO - Processing /opt/airflow/dags/hello_airflow.py took 0.146 seconds
[2026-09-25T00:41:35.090+0000] {processor.py:186} INFO - Started process (PID=1772) to work on /opt/airflow/dags/hello_airflow.py
[2026-09-25T00:41:35.106+0000] {processor.py:914} INFO - Processing file /opt/airflow/dags/hello_airflow.py for tasks to queue
[2026-09-25T00:41:35.113+0000] {logging_mixin.py:190} INFO - [2026-09-25T00:41:35.112+0000] {dagbag.py:588} INFO - Filling up the DagBag from /opt/airflow/dags/hello_airflow.py
[2026-09-25T00:41:35.170+0000] {processor.py:925} INFO - DAG(s) 'hello_airflow' retrieved from /opt/airflow/dags/hello_airflow.py
[2026-09-25T00:41:35.236+0000] {logging_mixin.py:190} INFO - [2026-09-25T00:41:35.236+0000] {dag.py:3239} INFO - Sync 1 DAGs
[2026-09-25T00:41:35.285+0000] {logging_mixin.py:190} INFO - [2026-09-25T00:41:35.284+0000] {dag.py:4180} INFO - Setting next_dagrun for hello_airflow to None, run_after=None
[2026-09-25T00:41:35.325+0000] {processor.py:208} INFO - Processing /opt/airflow/dags/hello_airflow.py took 0.257 seconds
[2026-09-25T00:42:05.428+0000] {processor.py:186} INFO - Started process (PID=1792) to work on /opt/airflow/dags/hello_airflow.py
[2026-09-25T00:42:05.430+0000] {processor.py:914} INFO - Processing file /opt/airflow/dags/hello_airflow.py for tasks to queue
[2026-09-25T00:42:05.436+0000] {logging_mixin.py:190} INFO - [2026-09-25T00:42:05.436+0000] {dagbag.py:588} INFO - Filling up the DagBag from /opt/airflow/dags/hello_airflow.py
[2026-09-25T00:42:05.469+0000] {processor.py:925} INFO - DAG(s) 'hello_airflow' retrieved from /opt/airflow/dags/hello_airflow.py
[2026-09-25T00:42:05.539+0000] {logging_mixin.py:190} INFO - [2026-09-25T00:42:05.538+0000] {dag.py:3239} INFO - Sync 1 DAGs
[2026-09-25T00:42:05.569+0000] {logging_mixin.py:190} INFO - [2026-09-25T00:42:05.568+0000] {dag.py:4180} INFO - Setting next_dagrun for hello_airflow to None, run_after=None
[2026-09-25T00:42:05.605+0000] {processor.py:208} INFO - Processing /opt/airflow/dags/hello_airflow.py took 0.193 seconds
[2026-09-25T00:42:36.342+0000] {processor.py:186} INFO - Started process (PID=1812) to work on /opt/airflow/dags/hello_airflow.py
[2026-09-25T00:42:36.345+0000] {processor.py:914} INFO - Processing file /opt/airflow/dags/hello_airflow.py for tasks to queue
[2026-09-25T00:42:36.357+0000] {logging_mixin.py:190} INFO - [2026-09-25T00:42:36.356+0000] {dagbag.py:588} INFO - Filling up the DagBag from /opt/airflow/dags/hello_airflow.py
[2026-09-25T00:42:36.399+0000] {processor.py:925} INFO - DAG(s) 'hello_airflow' retrieved from /opt/airflow/dags/hello_airflow.py
[2026-09-25T00:42:36.463+0000] {logging_mixin.py:190} INFO - [2026-09-25T00:42:36.463+0000] {dag.py:3239} INFO - Sync 1 DAGs
[2026-09-25T00:42:36.518+0000] {logging_mixin.py:190} INFO - [2026-09-25T00:42:36.516+0000] {dag.py:4180} INFO - Setting next_dagrun for hello_airflow to None, run_after=None
[2026-09-25T00:42:36.575+0000] {processor.py:208} INFO - Processing /opt/airflow/dags/hello_airflow.py took 0.255 seconds
[2026-09-25T00:43:07.225+0000] {processor.py:186} INFO - Started process (PID=1832) to work on /opt/airflow/dags/hello_airflow.py
[2026-09-25T00:43:07.228+0000] {processor.py:914} INFO - Processing file /opt/airflow/dags/hello_airflow.py for tasks to queue
[2026-09-25T00:43:07.233+0000] {logging_mixin.py:190} INFO - [2026-09-25T00:43:07.233+0000] {dagbag.py:588} INFO - Filling up the DagBag from /opt/airflow/dags/hello_airflow.py
[2026-09-25T00:43:07.266+0000] {processor.py:925} INFO - DAG(s) 'hello_airflow' retrieved from /opt/airflow/dags/hello_airflow.py
[2026-09-25T00:43:07.328+0000] {logging_mixin.py:190} INFO - [2026-09-25T00:43:07.328+0000] {dag.py:3239} INFO - Sync 1 DAGs
[2026-09-25T00:43:07.366+0000] {logging_mixin.py:190} INFO - [2026-09-25T00:43:07.365+0000] {dag.py:4180} INFO - Setting next_dagrun for hello_airflow to None, run_after=None
[2026-09-25T00:43:07.413+0000] {processor.py:208} INFO - Processing /opt/airflow/dags/hello_airflow.py took 0.201 seconds
[2026-09-25T00:43:38.163+0000] {processor.py:186} INFO - Started process (PID=1852) to work on /opt/airflow/dags/hello_airflow.py
[2026-09-25T00:43:38.168+0000] {processor.py:914} INFO - Processing file /opt/airflow/dags/hello_airflow.py for tasks to queue
[2026-09-25T00:43:38.177+0000] {logging_mixin.py:190} INFO - [2026-09-25T00:43:38.175+0000] {dagbag.py:588} INFO - Filling up the DagBag from /opt/airflow/dags/hello_airflow.py
[2026-09-25T00:43:38.227+0000] {processor.py:925} INFO - DAG(s) 'hello_airflow' retrieved from /opt/airflow/dags/hello_airflow.py
[2026-09-25T00:43:38.291+0000] {logging_mixin.py:190} INFO - [2026-09-25T00:43:38.290+0000] {dag.py:3239} INFO - Sync 1 DAGs
[2026-09-25T00:43:38.316+0000] {logging_mixin.py:190} INFO - [2026-09-25T00:43:38.316+0000] {dag.py:4180} INFO - Setting next_dagrun for hello_airflow to None, run_after=None
[2026-09-25T00:43:38.348+0000] {processor.py:208} INFO - Processing /opt/airflow/dags/hello_airflow.py took 0.206 seconds
[2026-09-25T00:44:09.039+0000] {processor.py:186} INFO - Started process (PID=1872) to work on /opt/airflow/dags/hello_airflow.py
[2026-09-25T00:44:09.041+0000] {processor.py:914} INFO - Processing file /opt/airflow/dags/hello_airflow.py for tasks to queue
[2026-09-25T00:44:09.047+0000] {logging_mixin.py:190} INFO - [2026-09-25T00:44:09.046+0000] {dagbag.py:588} INFO - Filling up the DagBag from /opt/airflow/dags/hello_airflow.py
[2026-09-25T00:44:09.076+0000] {processor.py:925} INFO - DAG(s) 'hello_airflow' retrieved from /opt/airflow/dags/hello_airflow.py
[2026-09-25T00:44:09.139+0000] {logging_mixin.py:190} INFO - [2026-09-25T00:44:09.138+0000] {dag.py:3239} INFO - Sync 1 DAGs
[2026-09-25T00:44:09.168+0000] {logging_mixin.py:190} INFO - [2026-09-25T00:44:09.168+0000] {dag.py:4180} INFO - Setting next_dagrun for hello_airflow to None, run_after=None
[2026-09-25T00:44:09.211+0000] {processor.py:208} INFO - Processing /opt/airflow/dags/hello_airflow.py took 0.183 seconds
[2026-09-25T00:44:39.527+0000] {processor.py:186} INFO - Started process (PID=1892) to work on /opt/airflow/dags/hello_airflow.py
[2026-09-25T00:44:39.529+0000] {processor.py:914} INFO - Processing file /opt/airflow/dags/hello_airflow.py for tasks to queue
[2026-09-25T00:44:39.533+0000] {logging_mixin.py:190} INFO - [2026-09-25T00:44:39.533+0000] {dagbag.py:588} INFO - Filling up the DagBag from /opt/airflow/dags/hello_airflow.py
[2026-09-25T00:44:39.556+0000] {processor.py:925} INFO - DAG(s) 'hello_airflow' retrieved from /opt/airflow/dags/hello_airflow.py
[2026-09-25T00:44:39.600+0000] {logging_mixin.py:190} INFO - [2026-09-25T00:44:39.600+0000] {dag.py:3239} INFO - Sync 1 DAGs
[2026-09-25T00:44:39.627+0000] {logging_mixin.py:190} INFO - [2026-09-25T00:44:39.627+0000] {dag.py:4180} INFO - Setting next_dagrun for hello_airflow to None, run_after=None
[2026-09-25T00:44:39.658+0000] {processor.py:208} INFO - Processing /opt/airflow/dags/hello_airflow.py took 0.140 seconds
[2026-09-25T00:45:10.166+0000] {processor.py:186} INFO - Started process (PID=1912) to work on /opt/airflow/dags/hello_airflow.py
[2026-09-25T00:45:10.169+0000] {processor.py:914} INFO - Processing file /opt/airflow/dags/hello_airflow.py for tasks to queue
[2026-09-25T00:45:10.172+0000] {logging_mixin.py:190} INFO - [2026-09-25T00:45:10.172+0000] {dagbag.py:588} INFO - Filling up the DagBag from /opt/airflow/dags/hello_airflow.py
[2026-09-25T00:45:10.203+0000] {processor.py:925} INFO - DAG(s) 'hello_airflow' retrieved from /opt/airflow/dags/hello_airflow.py
[2026-09-25T00:45:10.259+0000] {logging_mixin.py:190} INFO - [2026-09-25T00:45:10.259+0000] {dag.py:3239} INFO - Sync 1 DAGs
[2026-09-25T00:45:10.341+0000] {logging_mixin.py:190} INFO - [2026-09-25T00:45:10.341+0000] {dag.py:4180} INFO - Setting next_dagrun for hello_airflow to None, run_after=None
[2026-09-25T00:45:10.374+0000] {processor.py:208} INFO - Processing /opt/airflow/dags/hello_airflow.py took 0.225 seconds
[2026-09-25T00:45:41.129+0000] {processor.py:186} INFO - Started process (PID=1932) to work on /opt/airflow/dags/hello_airflow.py
[2026-09-25T00:45:41.132+0000] {processor.py:914} INFO - Processing file /opt/airflow/dags/hello_airflow.py for tasks to queue
[2026-09-25T00:45:41.136+0000] {logging_mixin.py:190} INFO - [2026-09-25T00:45:41.135+0000] {dagbag.py:588} INFO - Filling up the DagBag from /opt/airflow/dags/hello_airflow.py
[2026-09-25T00:45:41.188+0000] {processor.py:925} INFO - DAG(s) 'hello_airflow' retrieved from /opt/airflow/dags/hello_airflow.py
[2026-09-25T00:45:41.271+0000] {logging_mixin.py:190} INFO - [2026-09-25T00:45:41.270+0000] {dag.py:3239} INFO - Sync 1 DAGs
[2026-09-25T00:45:41.311+0000] {logging_mixin.py:190} INFO - [2026-09-25T00:45:41.311+0000] {dag.py:4180} INFO - Setting next_dagrun for hello_airflow to None, run_after=None
[2026-09-25T00:45:41.368+0000] {processor.py:208} INFO - Processing /opt/airflow/dags/hello_airflow.py took 0.252 seconds
[2026-09-25T00:46:11.651+0000] {processor.py:186} INFO - Started process (PID=1952) to work on /opt/airflow/dags/hello_airflow.py
[2026-09-25T00:46:11.655+0000] {processor.py:914} INFO - Processing file /opt/airflow/dags/hello_airflow.py for tasks to queue
[2026-09-25T00:46:11.661+0000] {logging_mixin.py:190} INFO - [2026-09-25T00:46:11.660+0000] {dagbag.py:588} INFO - Filling up the DagBag from /opt/airflow/dags/hello_airflow.py
[2026-09-25T00:46:11.701+0000] {processor.py:925} INFO - DAG(s) 'hello_airflow' retrieved from /opt/airflow/dags/hello_airflow.py
[2026-09-25T00:46:11.759+0000] {logging_mixin.py:190} INFO - [2026-09-25T00:46:11.758+0000] {dag.py:3239} INFO - Sync 1 DAGs
[2026-09-25T00:46:11.794+0000] {logging_mixin.py:190} INFO - [2026-09-25T00:46:11.793+0000] {dag.py:4180} INFO - Setting next_dagrun for hello_airflow to None, run_after=None
[2026-09-25T00:46:11.967+0000] {processor.py:208} INFO - Processing /opt/airflow/dags/hello_airflow.py took 0.330 seconds
[2026-09-25T00:46:43.039+0000] {processor.py:186} INFO - Started process (PID=1972) to work on /opt/airflow/dags/hello_airflow.py
[2026-09-25T00:46:43.040+0000] {processor.py:914} INFO - Processing file /opt/airflow/dags/hello_airflow.py for tasks to queue
[2026-09-25T00:46:43.050+0000] {logging_mixin.py:190} INFO - [2026-09-25T00:46:43.049+0000] {dagbag.py:588} INFO - Filling up the DagBag from /opt/airflow/dags/hello_airflow.py
[2026-09-25T00:46:43.080+0000] {processor.py:925} INFO - DAG(s) 'hello_airflow' retrieved from /opt/airflow/dags/hello_airflow.py
[2026-09-25T00:46:43.147+0000] {logging_mixin.py:190} INFO - [2026-09-25T00:46:43.146+0000] {dag.py:3239} INFO - Sync 1 DAGs
[2026-09-25T00:46:43.174+0000] {logging_mixin.py:190} INFO - [2026-09-25T00:46:43.174+0000] {dag.py:4180} INFO - Setting next_dagrun for hello_airflow to None, run_after=None
[2026-09-25T00:46:43.210+0000] {processor.py:208} INFO - Processing /opt/airflow/dags/hello_airflow.py took 0.183 seconds
[2026-09-25T00:47:13.505+0000] {processor.py:186} INFO - Started process (PID=1992) to work on /opt/airflow/dags/hello_airflow.py
[2026-09-25T00:47:13.507+0000] {processor.py:914} INFO - Processing file /opt/airflow/dags/hello_airflow.py for tasks to queue
[2026-09-25T00:47:13.512+0000] {logging_mixin.py:190} INFO - [2026-09-25T00:47:13.512+0000] {dagbag.py:588} INFO - Filling up the DagBag from /opt/airflow/dags/hello_airflow.py
[2026-09-25T00:47:13.537+0000] {processor.py:925} INFO - DAG(s) 'hello_airflow' retrieved from /opt/airflow/dags/hello_airflow.py
[2026-09-25T00:47:13.590+0000] {logging_mixin.py:190} INFO - [2026-09-25T00:47:13.590+0000] {dag.py:3239} INFO - Sync 1 DAGs
[2026-09-25T00:47:13.616+0000] {logging_mixin.py:190} INFO - [2026-09-25T00:47:13.616+0000] {dag.py:4180} INFO - Setting next_dagrun for hello_airflow to None, run_after=None
[2026-09-25T00:47:13.646+0000] {processor.py:208} INFO - Processing /opt/airflow/dags/hello_airflow.py took 0.151 seconds
[2026-09-25T00:47:44.255+0000] {processor.py:186} INFO - Started process (PID=2012) to work on /opt/airflow/dags/hello_airflow.py
[2026-09-25T00:47:44.257+0000] {processor.py:914} INFO - Processing file /opt/airflow/dags/hello_airflow.py for tasks to queue
[2026-09-25T00:47:44.263+0000] {logging_mixin.py:190} INFO - [2026-09-25T00:47:44.262+0000] {dagbag.py:588} INFO - Filling up the DagBag from /opt/airflow/dags/hello_airflow.py
[2026-09-25T00:47:44.289+0000] {processor.py:925} INFO - DAG(s) 'hello_airflow' retrieved from /opt/airflow/dags/hello_airflow.py
[2026-09-25T00:47:44.336+0000] {logging_mixin.py:190} INFO - [2026-09-25T00:47:44.335+0000] {dag.py:3239} INFO - Sync 1 DAGs
[2026-09-25T00:47:44.359+0000] {logging_mixin.py:190} INFO - [2026-09-25T00:47:44.359+0000] {dag.py:4180} INFO - Setting next_dagrun for hello_airflow to None, run_after=None
[2026-09-25T00:47:44.386+0000] {processor.py:208} INFO - Processing /opt/airflow/dags/hello_airflow.py took 0.146 seconds
[2026-09-25T00:48:15.012+0000] {processor.py:186} INFO - Started process (PID=2032) to work on /opt/airflow/dags/hello_airflow.py
[2026-09-25T00:48:15.018+0000] {processor.py:914} INFO - Processing file /opt/airflow/dags/hello_airflow.py for tasks to queue
[2026-09-25T00:48:15.023+0000] {logging_mixin.py:190} INFO - [2026-09-25T00:48:15.022+0000] {dagbag.py:588} INFO - Filling up the DagBag from /opt/airflow/dags/hello_airflow.py
[2026-09-25T00:48:15.055+0000] {processor.py:925} INFO - DAG(s) 'hello_airflow' retrieved from /opt/airflow/dags/hello_airflow.py
[2026-09-25T00:48:15.115+0000] {logging_mixin.py:190} INFO - [2026-09-25T00:48:15.115+0000] {dag.py:3239} INFO - Sync 1 DAGs
[2026-09-25T00:48:15.139+0000] {logging_mixin.py:190} INFO - [2026-09-25T00:48:15.138+0000] {dag.py:4180} INFO - Setting next_dagrun for hello_airflow to None, run_after=None
[2026-09-25T00:48:15.181+0000] {processor.py:208} INFO - Processing /opt/airflow/dags/hello_airflow.py took 0.182 seconds
[2026-09-25T00:48:45.632+0000] {processor.py:186} INFO - Started process (PID=2052) to work on /opt/airflow/dags/hello_airflow.py
[2026-09-25T00:48:45.634+0000] {processor.py:914} INFO - Processing file /opt/airflow/dags/hello_airflow.py for tasks to queue
[2026-09-25T00:48:45.639+0000] {logging_mixin.py:190} INFO - [2026-09-25T00:48:45.638+0000] {dagbag.py:588} INFO - Filling up the DagBag from /opt/airflow/dags/hello_airflow.py
[2026-09-25T00:48:45.665+0000] {processor.py:925} INFO - DAG(s) 'hello_airflow' retrieved from /opt/airflow/dags/hello_airflow.py
[2026-09-25T00:48:45.716+0000] {logging_mixin.py:190} INFO - [2026-09-25T00:48:45.716+0000] {dag.py:3239} INFO - Sync 1 DAGs
[2026-09-25T00:48:45.762+0000] {logging_mixin.py:190} INFO - [2026-09-25T00:48:45.761+0000] {dag.py:4180} INFO - Setting next_dagrun for hello_airflow to None, run_after=None
[2026-09-25T00:48:45.852+0000] {processor.py:208} INFO - Processing /opt/airflow/dags/hello_airflow.py took 0.230 seconds
[2026-09-25T00:49:16.276+0000] {processor.py:186} INFO - Started process (PID=2072) to work on /opt/airflow/dags/hello_airflow.py
[2026-09-25T00:49:16.278+0000] {processor.py:914} INFO - Processing file /opt/airflow/dags/hello_airflow.py for tasks to queue
[2026-09-25T00:49:16.285+0000] {logging_mixin.py:190} INFO - [2026-09-25T00:49:16.285+0000] {dagbag.py:588} INFO - Filling up the DagBag from /opt/airflow/dags/hello_airflow.py
[2026-09-25T00:49:16.325+0000] {processor.py:925} INFO - DAG(s) 'hello_airflow' retrieved from /opt/airflow/dags/hello_airflow.py
[2026-09-25T00:49:16.404+0000] {logging_mixin.py:190} INFO - [2026-09-25T00:49:16.403+0000] {dag.py:3239} INFO - Sync 1 DAGs
[2026-09-25T00:49:16.436+0000] {logging_mixin.py:190} INFO - [2026-09-25T00:49:16.436+0000] {dag.py:4180} INFO - Setting next_dagrun for hello_airflow to None, run_after=None
[2026-09-25T00:49:16.491+0000] {processor.py:208} INFO - Processing /opt/airflow/dags/hello_airflow.py took 0.227 seconds
[2026-09-25T00:49:47.116+0000] {processor.py:186} INFO - Started process (PID=2092) to work on /opt/airflow/dags/hello_airflow.py
[2026-09-25T00:49:47.120+0000] {processor.py:914} INFO - Processing file /opt/airflow/dags/hello_airflow.py for tasks to queue
[2026-09-25T00:49:47.127+0000] {logging_mixin.py:190} INFO - [2026-09-25T00:49:47.126+0000] {dagbag.py:588} INFO - Filling up the DagBag from /opt/airflow/dags/hello_airflow.py
[2026-09-25T00:49:47.164+0000] {processor.py:925} INFO - DAG(s) 'hello_airflow' retrieved from /opt/airflow/dags/hello_airflow.py
[2026-09-25T00:49:47.224+0000] {logging_mixin.py:190} INFO - [2026-09-25T00:49:47.223+0000] {dag.py:3239} INFO - Sync 1 DAGs
[2026-09-25T00:49:47.260+0000] {logging_mixin.py:190} INFO - [2026-09-25T00:49:47.260+0000] {dag.py:4180} INFO - Setting next_dagrun for hello_airflow to None, run_after=None
[2026-09-25T00:49:47.293+0000] {processor.py:208} INFO - Processing /opt/airflow/dags/hello_airflow.py took 0.191 seconds
[2026-09-25T00:50:18.236+0000] {processor.py:186} INFO - Started process (PID=2112) to work on /opt/airflow/dags/hello_airflow.py
[2026-09-25T00:50:18.245+0000] {processor.py:914} INFO - Processing file /opt/airflow/dags/hello_airflow.py for tasks to queue
[2026-09-25T00:50:18.252+0000] {logging_mixin.py:190} INFO - [2026-09-25T00:50:18.251+0000] {dagbag.py:588} INFO - Filling up the DagBag from /opt/airflow/dags/hello_airflow.py
[2026-09-25T00:50:18.317+0000] {processor.py:925} INFO - DAG(s) 'hello_airflow' retrieved from /opt/airflow/dags/hello_airflow.py
[2026-09-25T00:50:18.389+0000] {logging_mixin.py:190} INFO - [2026-09-25T00:50:18.388+0000] {dag.py:3239} INFO - Sync 1 DAGs
[2026-09-25T00:50:18.419+0000] {logging_mixin.py:190} INFO - [2026-09-25T00:50:18.419+0000] {dag.py:4180} INFO - Setting next_dagrun for hello_airflow to None, run_after=None
[2026-09-25T00:50:18.452+0000] {processor.py:208} INFO - Processing /opt/airflow/dags/hello_airflow.py took 0.229 seconds
[2026-09-25T00:50:49.360+0000] {processor.py:186} INFO - Started process (PID=2135) to work on /opt/airflow/dags/hello_airflow.py
[2026-09-25T00:50:49.362+0000] {processor.py:914} INFO - Processing file /opt/airflow/dags/hello_airflow.py for tasks to queue
[2026-09-25T00:50:49.366+0000] {logging_mixin.py:190} INFO - [2026-09-25T00:50:49.365+0000] {dagbag.py:588} INFO - Filling up the DagBag from /opt/airflow/dags/hello_airflow.py
[2026-09-25T00:50:49.391+0000] {processor.py:925} INFO - DAG(s) 'hello_airflow' retrieved from /opt/airflow/dags/hello_airflow.py
[2026-09-25T00:50:49.438+0000] {logging_mixin.py:190} INFO - [2026-09-25T00:50:49.438+0000] {dag.py:3239} INFO - Sync 1 DAGs
[2026-09-25T00:50:49.464+0000] {logging_mixin.py:190} INFO - [2026-09-25T00:50:49.463+0000] {dag.py:4180} INFO - Setting next_dagrun for hello_airflow to None, run_after=None
[2026-09-25T00:50:49.497+0000] {processor.py:208} INFO - Processing /opt/airflow/dags/hello_airflow.py took 0.150 seconds
[2026-09-25T00:51:20.058+0000] {processor.py:186} INFO - Started process (PID=2155) to work on /opt/airflow/dags/hello_airflow.py
[2026-09-25T00:51:20.060+0000] {processor.py:914} INFO - Processing file /opt/airflow/dags/hello_airflow.py for tasks to queue
[2026-09-25T00:51:20.065+0000] {logging_mixin.py:190} INFO - [2026-09-25T00:51:20.064+0000] {dagbag.py:588} INFO - Filling up the DagBag from /opt/airflow/dags/hello_airflow.py
[2026-09-25T00:51:20.091+0000] {processor.py:925} INFO - DAG(s) 'hello_airflow' retrieved from /opt/airflow/dags/hello_airflow.py
[2026-09-25T00:51:20.138+0000] {logging_mixin.py:190} INFO - [2026-09-25T00:51:20.137+0000] {dag.py:3239} INFO - Sync 1 DAGs
[2026-09-25T00:51:20.166+0000] {logging_mixin.py:190} INFO - [2026-09-25T00:51:20.166+0000] {dag.py:4180} INFO - Setting next_dagrun for hello_airflow to None, run_after=None
[2026-09-25T00:51:20.196+0000] {processor.py:208} INFO - Processing /opt/airflow/dags/hello_airflow.py took 0.149 seconds
[2026-09-25T00:51:50.909+0000] {processor.py:186} INFO - Started process (PID=2175) to work on /opt/airflow/dags/hello_airflow.py
[2026-09-25T00:51:50.911+0000] {processor.py:914} INFO - Processing file /opt/airflow/dags/hello_airflow.py for tasks to queue
[2026-09-25T00:51:50.917+0000] {logging_mixin.py:190} INFO - [2026-09-25T00:51:50.916+0000] {dagbag.py:588} INFO - Filling up the DagBag from /opt/airflow/dags/hello_airflow.py
[2026-09-25T00:51:50.942+0000] {processor.py:925} INFO - DAG(s) 'hello_airflow' retrieved from /opt/airflow/dags/hello_airflow.py
[2026-09-25T00:51:50.992+0000] {logging_mixin.py:190} INFO - [2026-09-25T00:51:50.992+0000] {dag.py:3239} INFO - Sync 1 DAGs
[2026-09-25T00:51:51.016+0000] {logging_mixin.py:190} INFO - [2026-09-25T00:51:51.015+0000] {dag.py:4180} INFO - Setting next_dagrun for hello_airflow to None, run_after=None
[2026-09-25T00:51:51.053+0000] {processor.py:208} INFO - Processing /opt/airflow/dags/hello_airflow.py took 0.156 seconds
[2026-09-25T00:52:21.621+0000] {processor.py:186} INFO - Started process (PID=2195) to work on /opt/airflow/dags/hello_airflow.py
[2026-09-25T00:52:21.624+0000] {processor.py:914} INFO - Processing file /opt/airflow/dags/hello_airflow.py for tasks to queue
[2026-09-25T00:52:21.629+0000] {logging_mixin.py:190} INFO - [2026-09-25T00:52:21.628+0000] {dagbag.py:588} INFO - Filling up the DagBag from /opt/airflow/dags/hello_airflow.py
[2026-09-25T00:52:21.655+0000] {processor.py:925} INFO - DAG(s) 'hello_airflow' retrieved from /opt/airflow/dags/hello_airflow.py
[2026-09-25T00:52:21.712+0000] {logging_mixin.py:190} INFO - [2026-09-25T00:52:21.711+0000] {dag.py:3239} INFO - Sync 1 DAGs
[2026-09-25T00:52:21.735+0000] {logging_mixin.py:190} INFO - [2026-09-25T00:52:21.735+0000] {dag.py:4180} INFO - Setting next_dagrun for hello_airflow to None, run_after=None
[2026-09-25T00:52:21.766+0000] {processor.py:208} INFO - Processing /opt/airflow/dags/hello_airflow.py took 0.157 seconds
[2026-09-25T00:52:52.374+0000] {processor.py:186} INFO - Started process (PID=2215) to work on /opt/airflow/dags/hello_airflow.py
[2026-09-25T00:52:52.377+0000] {processor.py:914} INFO - Processing file /opt/airflow/dags/hello_airflow.py for tasks to queue
[2026-09-25T00:52:52.383+0000] {logging_mixin.py:190} INFO - [2026-09-25T00:52:52.382+0000] {dagbag.py:588} INFO - Filling up the DagBag from /opt/airflow/dags/hello_airflow.py
[2026-09-25T00:52:52.411+0000] {processor.py:925} INFO - DAG(s) 'hello_airflow' retrieved from /opt/airflow/dags/hello_airflow.py
[2026-09-25T00:52:52.461+0000] {logging_mixin.py:190} INFO - [2026-09-25T00:52:52.461+0000] {dag.py:3239} INFO - Sync 1 DAGs
[2026-09-25T00:52:52.501+0000] {logging_mixin.py:190} INFO - [2026-09-25T00:52:52.499+0000] {dag.py:4180} INFO - Setting next_dagrun for hello_airflow to None, run_after=None
[2026-09-25T00:52:52.545+0000] {processor.py:208} INFO - Processing /opt/airflow/dags/hello_airflow.py took 0.188 seconds
[2026-09-25T00:53:23.212+0000] {processor.py:186} INFO - Started process (PID=2235) to work on /opt/airflow/dags/hello_airflow.py
[2026-09-25T00:53:23.214+0000] {processor.py:914} INFO - Processing file /opt/airflow/dags/hello_airflow.py for tasks to queue
[2026-09-25T00:53:23.218+0000] {logging_mixin.py:190} INFO - [2026-09-25T00:53:23.218+0000] {dagbag.py:588} INFO - Filling up the DagBag from /opt/airflow/dags/hello_airflow.py
[2026-09-25T00:53:23.248+0000] {processor.py:925} INFO - DAG(s) 'hello_airflow' retrieved from /opt/airflow/dags/hello_airflow.py
[2026-09-25T00:53:23.302+0000] {logging_mixin.py:190} INFO - [2026-09-25T00:53:23.301+0000] {dag.py:3239} INFO - Sync 1 DAGs
[2026-09-25T00:53:23.328+0000] {logging_mixin.py:190} INFO - [2026-09-25T00:53:23.327+0000] {dag.py:4180} INFO - Setting next_dagrun for hello_airflow to None, run_after=None
[2026-09-25T00:53:23.359+0000] {processor.py:208} INFO - Processing /opt/airflow/dags/hello_airflow.py took 0.159 seconds
[2026-09-25T00:53:53.942+0000] {processor.py:186} INFO - Started process (PID=2255) to work on /opt/airflow/dags/hello_airflow.py
[2026-09-25T00:53:53.944+0000] {processor.py:914} INFO - Processing file /opt/airflow/dags/hello_airflow.py for tasks to queue
[2026-09-25T00:53:53.949+0000] {logging_mixin.py:190} INFO - [2026-09-25T00:53:53.948+0000] {dagbag.py:588} INFO - Filling up the DagBag from /opt/airflow/dags/hello_airflow.py
[2026-09-25T00:53:53.987+0000] {processor.py:925} INFO - DAG(s) 'hello_airflow' retrieved from /opt/airflow/dags/hello_airflow.py
[2026-09-25T00:53:54.036+0000] {logging_mixin.py:190} INFO - [2026-09-25T00:53:54.036+0000] {dag.py:3239} INFO - Sync 1 DAGs
[2026-09-25T00:53:54.060+0000] {logging_mixin.py:190} INFO - [2026-09-25T00:53:54.060+0000] {dag.py:4180} INFO - Setting next_dagrun for hello_airflow to None, run_after=None
[2026-09-25T00:53:54.094+0000] {processor.py:208} INFO - Processing /opt/airflow/dags/hello_airflow.py took 0.173 seconds
[2026-09-25T00:54:24.660+0000] {processor.py:186} INFO - Started process (PID=2275) to work on /opt/airflow/dags/hello_airflow.py
[2026-09-25T00:54:24.666+0000] {processor.py:914} INFO - Processing file /opt/airflow/dags/hello_airflow.py for tasks to queue
[2026-09-25T00:54:24.671+0000] {logging_mixin.py:190} INFO - [2026-09-25T00:54:24.670+0000] {dagbag.py:588} INFO - Filling up the DagBag from /opt/airflow/dags/hello_airflow.py
[2026-09-25T00:54:25.438+0000] {processor.py:925} INFO - DAG(s) 'hello_airflow' retrieved from /opt/airflow/dags/hello_airflow.py
[2026-09-25T00:54:25.521+0000] {logging_mixin.py:190} INFO - [2026-09-25T00:54:25.520+0000] {dag.py:3239} INFO - Sync 1 DAGs
[2026-09-25T00:54:25.574+0000] {logging_mixin.py:190} INFO - [2026-09-25T00:54:25.574+0000] {dag.py:4180} INFO - Setting next_dagrun for hello_airflow to None, run_after=None
[2026-09-25T00:54:25.628+0000] {processor.py:208} INFO - Processing /opt/airflow/dags/hello_airflow.py took 0.990 seconds
[2026-09-25T00:54:56.430+0000] {processor.py:186} INFO - Started process (PID=2295) to work on /opt/airflow/dags/hello_airflow.py
[2026-09-25T00:54:56.434+0000] {processor.py:914} INFO - Processing file /opt/airflow/dags/hello_airflow.py for tasks to queue
[2026-09-25T00:54:56.439+0000] {logging_mixin.py:190} INFO - [2026-09-25T00:54:56.438+0000] {dagbag.py:588} INFO - Filling up the DagBag from /opt/airflow/dags/hello_airflow.py
[2026-09-25T00:54:56.472+0000] {processor.py:925} INFO - DAG(s) 'hello_airflow' retrieved from /opt/airflow/dags/hello_airflow.py
[2026-09-25T00:54:56.523+0000] {logging_mixin.py:190} INFO - [2026-09-25T00:54:56.523+0000] {dag.py:3239} INFO - Sync 1 DAGs
[2026-09-25T00:54:56.549+0000] {logging_mixin.py:190} INFO - [2026-09-25T00:54:56.549+0000] {dag.py:4180} INFO - Setting next_dagrun for hello_airflow to None, run_after=None
[2026-09-25T00:54:56.583+0000] {processor.py:208} INFO - Processing /opt/airflow/dags/hello_airflow.py took 0.166 seconds
[2026-09-25T00:55:27.018+0000] {processor.py:186} INFO - Started process (PID=2315) to work on /opt/airflow/dags/hello_airflow.py
[2026-09-25T00:55:27.022+0000] {processor.py:914} INFO - Processing file /opt/airflow/dags/hello_airflow.py for tasks to queue
[2026-09-25T00:55:27.028+0000] {logging_mixin.py:190} INFO - [2026-09-25T00:55:27.027+0000] {dagbag.py:588} INFO - Filling up the DagBag from /opt/airflow/dags/hello_airflow.py
[2026-09-25T00:55:27.059+0000] {processor.py:925} INFO - DAG(s) 'hello_airflow' retrieved from /opt/airflow/dags/hello_airflow.py
[2026-09-25T00:55:27.114+0000] {logging_mixin.py:190} INFO - [2026-09-25T00:55:27.114+0000] {dag.py:3239} INFO - Sync 1 DAGs
[2026-09-25T00:55:27.139+0000] {logging_mixin.py:190} INFO - [2026-09-25T00:55:27.138+0000] {dag.py:4180} INFO - Setting next_dagrun for hello_airflow to None, run_after=None
[2026-09-25T00:55:27.169+0000] {processor.py:208} INFO - Processing /opt/airflow/dags/hello_airflow.py took 0.163 seconds
[2026-09-25T00:55:57.800+0000] {processor.py:186} INFO - Started process (PID=2335) to work on /opt/airflow/dags/hello_airflow.py
[2026-09-25T00:55:57.804+0000] {processor.py:914} INFO - Processing file /opt/airflow/dags/hello_airflow.py for tasks to queue
[2026-09-25T00:55:57.808+0000] {logging_mixin.py:190} INFO - [2026-09-25T00:55:57.808+0000] {dagbag.py:588} INFO - Filling up the DagBag from /opt/airflow/dags/hello_airflow.py
[2026-09-25T00:55:57.846+0000] {processor.py:925} INFO - DAG(s) 'hello_airflow' retrieved from /opt/airflow/dags/hello_airflow.py
[2026-09-25T00:55:57.902+0000] {logging_mixin.py:190} INFO - [2026-09-25T00:55:57.902+0000] {dag.py:3239} INFO - Sync 1 DAGs
[2026-09-25T00:55:57.936+0000] {logging_mixin.py:190} INFO - [2026-09-25T00:55:57.935+0000] {dag.py:4180} INFO - Setting next_dagrun for hello_airflow to None, run_after=None
[2026-09-25T00:55:57.969+0000] {processor.py:208} INFO - Processing /opt/airflow/dags/hello_airflow.py took 0.184 seconds
[2026-09-25T00:56:28.382+0000] {processor.py:186} INFO - Started process (PID=2355) to work on /opt/airflow/dags/hello_airflow.py
[2026-09-25T00:56:28.384+0000] {processor.py:914} INFO - Processing file /opt/airflow/dags/hello_airflow.py for tasks to queue
[2026-09-25T00:56:28.387+0000] {logging_mixin.py:190} INFO - [2026-09-25T00:56:28.387+0000] {dagbag.py:588} INFO - Filling up the DagBag from /opt/airflow/dags/hello_airflow.py
[2026-09-25T00:56:28.412+0000] {processor.py:925} INFO - DAG(s) 'hello_airflow' retrieved from /opt/airflow/dags/hello_airflow.py
[2026-09-25T00:56:28.463+0000] {logging_mixin.py:190} INFO - [2026-09-25T00:56:28.463+0000] {dag.py:3239} INFO - Sync 1 DAGs
[2026-09-25T00:56:28.486+0000] {logging_mixin.py:190} INFO - [2026-09-25T00:56:28.486+0000] {dag.py:4180} INFO - Setting next_dagrun for hello_airflow to None, run_after=None
[2026-09-25T00:56:28.515+0000] {processor.py:208} INFO - Processing /opt/airflow/dags/hello_airflow.py took 0.143 seconds
[2026-09-25T00:56:59.011+0000] {processor.py:186} INFO - Started process (PID=2375) to work on /opt/airflow/dags/hello_airflow.py
[2026-09-25T00:56:59.013+0000] {processor.py:914} INFO - Processing file /opt/airflow/dags/hello_airflow.py for tasks to queue
[2026-09-25T00:56:59.020+0000] {logging_mixin.py:190} INFO - [2026-09-25T00:56:59.018+0000] {dagbag.py:588} INFO - Filling up the DagBag from /opt/airflow/dags/hello_airflow.py
[2026-09-25T00:56:59.046+0000] {processor.py:925} INFO - DAG(s) 'hello_airflow' retrieved from /opt/airflow/dags/hello_airflow.py
[2026-09-25T00:56:59.094+0000] {logging_mixin.py:190} INFO - [2026-09-25T00:56:59.094+0000] {dag.py:3239} INFO - Sync 1 DAGs
[2026-09-25T00:56:59.119+0000] {logging_mixin.py:190} INFO - [2026-09-25T00:56:59.119+0000] {dag.py:4180} INFO - Setting next_dagrun for hello_airflow to None, run_after=None
[2026-09-25T00:56:59.146+0000] {processor.py:208} INFO - Processing /opt/airflow/dags/hello_airflow.py took 0.148 seconds
[2026-09-25T00:57:29.702+0000] {processor.py:186} INFO - Started process (PID=2395) to work on /opt/airflow/dags/hello_airflow.py
[2026-09-25T00:57:29.704+0000] {processor.py:914} INFO - Processing file /opt/airflow/dags/hello_airflow.py for tasks to queue
[2026-09-25T00:57:29.708+0000] {logging_mixin.py:190} INFO - [2026-09-25T00:57:29.707+0000] {dagbag.py:588} INFO - Filling up the DagBag from /opt/airflow/dags/hello_airflow.py
[2026-09-25T00:57:29.738+0000] {processor.py:925} INFO - DAG(s) 'hello_airflow' retrieved from /opt/airflow/dags/hello_airflow.py
[2026-09-25T00:57:29.788+0000] {logging_mixin.py:190} INFO - [2026-09-25T00:57:29.787+0000] {dag.py:3239} INFO - Sync 1 DAGs
[2026-09-25T00:57:29.813+0000] {logging_mixin.py:190} INFO - [2026-09-25T00:57:29.813+0000] {dag.py:4180} INFO - Setting next_dagrun for hello_airflow to None, run_after=None
[2026-09-25T00:57:29.841+0000] {processor.py:208} INFO - Processing /opt/airflow/dags/hello_airflow.py took 0.147 seconds
[2026-09-25T00:58:00.276+0000] {processor.py:186} INFO - Started process (PID=2415) to work on /opt/airflow/dags/hello_airflow.py
[2026-09-25T00:58:00.278+0000] {processor.py:914} INFO - Processing file /opt/airflow/dags/hello_airflow.py for tasks to queue
[2026-09-25T00:58:00.284+0000] {logging_mixin.py:190} INFO - [2026-09-25T00:58:00.283+0000] {dagbag.py:588} INFO - Filling up the DagBag from /opt/airflow/dags/hello_airflow.py
[2026-09-25T00:58:00.305+0000] {processor.py:925} INFO - DAG(s) 'hello_airflow' retrieved from /opt/airflow/dags/hello_airflow.py
[2026-09-25T00:58:00.349+0000] {logging_mixin.py:190} INFO - [2026-09-25T00:58:00.348+0000] {dag.py:3239} INFO - Sync 1 DAGs
[2026-09-25T00:58:00.372+0000] {logging_mixin.py:190} INFO - [2026-09-25T00:58:00.371+0000] {dag.py:4180} INFO - Setting next_dagrun for hello_airflow to None, run_after=None
[2026-09-25T00:58:00.400+0000] {processor.py:208} INFO - Processing /opt/airflow/dags/hello_airflow.py took 0.133 seconds
[2026-09-25T00:58:31.008+0000] {processor.py:186} INFO - Started process (PID=2435) to work on /opt/airflow/dags/hello_airflow.py
[2026-09-25T00:58:31.010+0000] {processor.py:914} INFO - Processing file /opt/airflow/dags/hello_airflow.py for tasks to queue
[2026-09-25T00:58:31.018+0000] {logging_mixin.py:190} INFO - [2026-09-25T00:58:31.017+0000] {dagbag.py:588} INFO - Filling up the DagBag from /opt/airflow/dags/hello_airflow.py
[2026-09-25T00:58:31.047+0000] {processor.py:925} INFO - DAG(s) 'hello_airflow' retrieved from /opt/airflow/dags/hello_airflow.py
[2026-09-25T00:58:31.099+0000] {logging_mixin.py:190} INFO - [2026-09-25T00:58:31.099+0000] {dag.py:3239} INFO - Sync 1 DAGs
[2026-09-25T00:58:31.125+0000] {logging_mixin.py:190} INFO - [2026-09-25T00:58:31.125+0000] {dag.py:4180} INFO - Setting next_dagrun for hello_airflow to None, run_after=None
[2026-09-25T00:58:31.164+0000] {processor.py:208} INFO - Processing /opt/airflow/dags/hello_airflow.py took 0.167 seconds
[2026-09-25T00:59:01.291+0000] {processor.py:186} INFO - Started process (PID=2455) to work on /opt/airflow/dags/hello_airflow.py
[2026-09-25T00:59:01.293+0000] {processor.py:914} INFO - Processing file /opt/airflow/dags/hello_airflow.py for tasks to queue
[2026-09-25T00:59:01.299+0000] {logging_mixin.py:190} INFO - [2026-09-25T00:59:01.298+0000] {dagbag.py:588} INFO - Filling up the DagBag from /opt/airflow/dags/hello_airflow.py
[2026-09-25T00:59:01.347+0000] {processor.py:925} INFO - DAG(s) 'hello_airflow' retrieved from /opt/airflow/dags/hello_airflow.py
[2026-09-25T00:59:01.406+0000] {logging_mixin.py:190} INFO - [2026-09-25T00:59:01.406+0000] {dag.py:3239} INFO - Sync 1 DAGs
[2026-09-25T00:59:01.458+0000] {logging_mixin.py:190} INFO - [2026-09-25T00:59:01.450+0000] {dag.py:4180} INFO - Setting next_dagrun for hello_airflow to None, run_after=None
[2026-09-25T00:59:01.537+0000] {processor.py:208} INFO - Processing /opt/airflow/dags/hello_airflow.py took 0.258 seconds
[2026-09-25T00:59:32.248+0000] {processor.py:186} INFO - Started process (PID=2475) to work on /opt/airflow/dags/hello_airflow.py
[2026-09-25T00:59:32.250+0000] {processor.py:914} INFO - Processing file /opt/airflow/dags/hello_airflow.py for tasks to queue
[2026-09-25T00:59:32.255+0000] {logging_mixin.py:190} INFO - [2026-09-25T00:59:32.255+0000] {dagbag.py:588} INFO - Filling up the DagBag from /opt/airflow/dags/hello_airflow.py
[2026-09-25T00:59:32.285+0000] {processor.py:925} INFO - DAG(s) 'hello_airflow' retrieved from /opt/airflow/dags/hello_airflow.py
[2026-09-25T00:59:32.331+0000] {logging_mixin.py:190} INFO - [2026-09-25T00:59:32.331+0000] {dag.py:3239} INFO - Sync 1 DAGs
[2026-09-25T00:59:32.355+0000] {logging_mixin.py:190} INFO - [2026-09-25T00:59:32.354+0000] {dag.py:4180} INFO - Setting next_dagrun for hello_airflow to None, run_after=None
[2026-09-25T00:59:32.383+0000] {processor.py:208} INFO - Processing /opt/airflow/dags/hello_airflow.py took 0.145 seconds
[2026-09-25T01:00:02.843+0000] {processor.py:186} INFO - Started process (PID=2495) to work on /opt/airflow/dags/hello_airflow.py
[2026-09-25T01:00:02.845+0000] {processor.py:914} INFO - Processing file /opt/airflow/dags/hello_airflow.py for tasks to queue
[2026-09-25T01:00:02.849+0000] {logging_mixin.py:190} INFO - [2026-09-25T01:00:02.849+0000] {dagbag.py:588} INFO - Filling up the DagBag from /opt/airflow/dags/hello_airflow.py
[2026-09-25T01:00:02.879+0000] {processor.py:925} INFO - DAG(s) 'hello_airflow' retrieved from /opt/airflow/dags/hello_airflow.py
[2026-09-25T01:00:02.932+0000] {logging_mixin.py:190} INFO - [2026-09-25T01:00:02.932+0000] {dag.py:3239} INFO - Sync 1 DAGs
[2026-09-25T01:00:02.959+0000] {logging_mixin.py:190} INFO - [2026-09-25T01:00:02.959+0000] {dag.py:4180} INFO - Setting next_dagrun for hello_airflow to None, run_after=None
[2026-09-25T01:00:02.991+0000] {processor.py:208} INFO - Processing /opt/airflow/dags/hello_airflow.py took 0.161 seconds
[2026-09-25T01:00:33.600+0000] {processor.py:186} INFO - Started process (PID=2515) to work on /opt/airflow/dags/hello_airflow.py
[2026-09-25T01:00:33.602+0000] {processor.py:914} INFO - Processing file /opt/airflow/dags/hello_airflow.py for tasks to queue
[2026-09-25T01:00:33.606+0000] {logging_mixin.py:190} INFO - [2026-09-25T01:00:33.606+0000] {dagbag.py:588} INFO - Filling up the DagBag from /opt/airflow/dags/hello_airflow.py
[2026-09-25T01:00:33.632+0000] {processor.py:925} INFO - DAG(s) 'hello_airflow' retrieved from /opt/airflow/dags/hello_airflow.py
[2026-09-25T01:00:33.683+0000] {logging_mixin.py:190} INFO - [2026-09-25T01:00:33.682+0000] {dag.py:3239} INFO - Sync 1 DAGs
[2026-09-25T01:00:33.706+0000] {logging_mixin.py:190} INFO - [2026-09-25T01:00:33.705+0000] {dag.py:4180} INFO - Setting next_dagrun for hello_airflow to None, run_after=None
[2026-09-25T01:00:33.734+0000] {processor.py:208} INFO - Processing /opt/airflow/dags/hello_airflow.py took 0.149 seconds
[2026-09-25T01:01:04.362+0000] {processor.py:186} INFO - Started process (PID=2535) to work on /opt/airflow/dags/hello_airflow.py
[2026-09-25T01:01:04.365+0000] {processor.py:914} INFO - Processing file /opt/airflow/dags/hello_airflow.py for tasks to queue
[2026-09-25T01:01:04.377+0000] {logging_mixin.py:190} INFO - [2026-09-25T01:01:04.376+0000] {dagbag.py:588} INFO - Filling up the DagBag from /opt/airflow/dags/hello_airflow.py
[2026-09-25T01:01:04.409+0000] {processor.py:925} INFO - DAG(s) 'hello_airflow' retrieved from /opt/airflow/dags/hello_airflow.py
[2026-09-25T01:01:04.458+0000] {logging_mixin.py:190} INFO - [2026-09-25T01:01:04.458+0000] {dag.py:3239} INFO - Sync 1 DAGs
[2026-09-25T01:01:04.483+0000] {logging_mixin.py:190} INFO - [2026-09-25T01:01:04.483+0000] {dag.py:4180} INFO - Setting next_dagrun for hello_airflow to None, run_after=None
[2026-09-25T01:01:04.512+0000] {processor.py:208} INFO - Processing /opt/airflow/dags/hello_airflow.py took 0.163 seconds
[2026-09-25T01:01:35.203+0000] {processor.py:186} INFO - Started process (PID=2555) to work on /opt/airflow/dags/hello_airflow.py
[2026-09-25T01:01:35.205+0000] {processor.py:914} INFO - Processing file /opt/airflow/dags/hello_airflow.py for tasks to queue
[2026-09-25T01:01:35.209+0000] {logging_mixin.py:190} INFO - [2026-09-25T01:01:35.208+0000] {dagbag.py:588} INFO - Filling up the DagBag from /opt/airflow/dags/hello_airflow.py
[2026-09-25T01:01:35.237+0000] {processor.py:925} INFO - DAG(s) 'hello_airflow' retrieved from /opt/airflow/dags/hello_airflow.py
[2026-09-25T01:01:35.288+0000] {logging_mixin.py:190} INFO - [2026-09-25T01:01:35.288+0000] {dag.py:3239} INFO - Sync 1 DAGs
[2026-09-25T01:01:35.312+0000] {logging_mixin.py:190} INFO - [2026-09-25T01:01:35.312+0000] {dag.py:4180} INFO - Setting next_dagrun for hello_airflow to None, run_after=None
[2026-09-25T01:01:35.338+0000] {processor.py:208} INFO - Processing /opt/airflow/dags/hello_airflow.py took 0.146 seconds
[2026-09-25T01:02:05.678+0000] {processor.py:186} INFO - Started process (PID=2575) to work on /opt/airflow/dags/hello_airflow.py
[2026-09-25T01:02:05.681+0000] {processor.py:914} INFO - Processing file /opt/airflow/dags/hello_airflow.py for tasks to queue
[2026-09-25T01:02:05.685+0000] {logging_mixin.py:190} INFO - [2026-09-25T01:02:05.685+0000] {dagbag.py:588} INFO - Filling up the DagBag from /opt/airflow/dags/hello_airflow.py
[2026-09-25T01:02:05.712+0000] {processor.py:925} INFO - DAG(s) 'hello_airflow' retrieved from /opt/airflow/dags/hello_airflow.py
[2026-09-25T01:02:05.765+0000] {logging_mixin.py:190} INFO - [2026-09-25T01:02:05.765+0000] {dag.py:3239} INFO - Sync 1 DAGs
[2026-09-25T01:02:05.796+0000] {logging_mixin.py:190} INFO - [2026-09-25T01:02:05.795+0000] {dag.py:4180} INFO - Setting next_dagrun for hello_airflow to None, run_after=None
[2026-09-25T01:02:05.875+0000] {processor.py:208} INFO - Processing /opt/airflow/dags/hello_airflow.py took 0.207 seconds
[2026-09-25T01:02:36.432+0000] {processor.py:186} INFO - Started process (PID=2595) to work on /opt/airflow/dags/hello_airflow.py
[2026-09-25T01:02:36.434+0000] {processor.py:914} INFO - Processing file /opt/airflow/dags/hello_airflow.py for tasks to queue
[2026-09-25T01:02:36.439+0000] {logging_mixin.py:190} INFO - [2026-09-25T01:02:36.438+0000] {dagbag.py:588} INFO - Filling up the DagBag from /opt/airflow/dags/hello_airflow.py
[2026-09-25T01:02:36.463+0000] {processor.py:925} INFO - DAG(s) 'hello_airflow' retrieved from /opt/airflow/dags/hello_airflow.py
[2026-09-25T01:02:36.511+0000] {logging_mixin.py:190} INFO - [2026-09-25T01:02:36.511+0000] {dag.py:3239} INFO - Sync 1 DAGs
[2026-09-25T01:02:36.538+0000] {logging_mixin.py:190} INFO - [2026-09-25T01:02:36.538+0000] {dag.py:4180} INFO - Setting next_dagrun for hello_airflow to None, run_after=None
[2026-09-25T01:02:36.567+0000] {processor.py:208} INFO - Processing /opt/airflow/dags/hello_airflow.py took 0.145 seconds
[2026-09-25T01:03:07.007+0000] {processor.py:186} INFO - Started process (PID=2615) to work on /opt/airflow/dags/hello_airflow.py
[2026-09-25T01:03:07.009+0000] {processor.py:914} INFO - Processing file /opt/airflow/dags/hello_airflow.py for tasks to queue
[2026-09-25T01:03:07.016+0000] {logging_mixin.py:190} INFO - [2026-09-25T01:03:07.014+0000] {dagbag.py:588} INFO - Filling up the DagBag from /opt/airflow/dags/hello_airflow.py
[2026-09-25T01:03:07.042+0000] {processor.py:925} INFO - DAG(s) 'hello_airflow' retrieved from /opt/airflow/dags/hello_airflow.py
[2026-09-25T01:03:07.092+0000] {logging_mixin.py:190} INFO - [2026-09-25T01:03:07.092+0000] {dag.py:3239} INFO - Sync 1 DAGs
[2026-09-25T01:03:07.116+0000] {logging_mixin.py:190} INFO - [2026-09-25T01:03:07.115+0000] {dag.py:4180} INFO - Setting next_dagrun for hello_airflow to None, run_after=None
[2026-09-25T01:03:07.144+0000] {processor.py:208} INFO - Processing /opt/airflow/dags/hello_airflow.py took 0.151 seconds
[2026-09-25T01:03:37.730+0000] {processor.py:186} INFO - Started process (PID=2635) to work on /opt/airflow/dags/hello_airflow.py
[2026-09-25T01:03:37.732+0000] {processor.py:914} INFO - Processing file /opt/airflow/dags/hello_airflow.py for tasks to queue
[2026-09-25T01:03:37.737+0000] {logging_mixin.py:190} INFO - [2026-09-25T01:03:37.737+0000] {dagbag.py:588} INFO - Filling up the DagBag from /opt/airflow/dags/hello_airflow.py
[2026-09-25T01:03:37.764+0000] {processor.py:925} INFO - DAG(s) 'hello_airflow' retrieved from /opt/airflow/dags/hello_airflow.py
[2026-09-25T01:03:37.811+0000] {logging_mixin.py:190} INFO - [2026-09-25T01:03:37.809+0000] {dag.py:3239} INFO - Sync 1 DAGs
[2026-09-25T01:03:37.835+0000] {logging_mixin.py:190} INFO - [2026-09-25T01:03:37.834+0000] {dag.py:4180} INFO - Setting next_dagrun for hello_airflow to None, run_after=None
[2026-09-25T01:03:37.859+0000] {processor.py:208} INFO - Processing /opt/airflow/dags/hello_airflow.py took 0.140 seconds
[2026-09-25T01:04:08.333+0000] {processor.py:186} INFO - Started process (PID=2655) to work on /opt/airflow/dags/hello_airflow.py
[2026-09-25T01:04:08.335+0000] {processor.py:914} INFO - Processing file /opt/airflow/dags/hello_airflow.py for tasks to queue
[2026-09-25T01:04:08.339+0000] {logging_mixin.py:190} INFO - [2026-09-25T01:04:08.339+0000] {dagbag.py:588} INFO - Filling up the DagBag from /opt/airflow/dags/hello_airflow.py
[2026-09-25T01:04:08.366+0000] {processor.py:925} INFO - DAG(s) 'hello_airflow' retrieved from /opt/airflow/dags/hello_airflow.py
[2026-09-25T01:04:08.414+0000] {logging_mixin.py:190} INFO - [2026-09-25T01:04:08.413+0000] {dag.py:3239} INFO - Sync 1 DAGs
[2026-09-25T01:04:08.437+0000] {logging_mixin.py:190} INFO - [2026-09-25T01:04:08.437+0000] {dag.py:4180} INFO - Setting next_dagrun for hello_airflow to None, run_after=None
[2026-09-25T01:04:08.468+0000] {processor.py:208} INFO - Processing /opt/airflow/dags/hello_airflow.py took 0.146 seconds
[2026-09-25T01:04:39.050+0000] {processor.py:186} INFO - Started process (PID=2675) to work on /opt/airflow/dags/hello_airflow.py
[2026-09-25T01:04:39.057+0000] {processor.py:914} INFO - Processing file /opt/airflow/dags/hello_airflow.py for tasks to queue
[2026-09-25T01:04:39.061+0000] {logging_mixin.py:190} INFO - [2026-09-25T01:04:39.061+0000] {dagbag.py:588} INFO - Filling up the DagBag from /opt/airflow/dags/hello_airflow.py
[2026-09-25T01:04:39.085+0000] {processor.py:925} INFO - DAG(s) 'hello_airflow' retrieved from /opt/airflow/dags/hello_airflow.py
[2026-09-25T01:04:39.133+0000] {logging_mixin.py:190} INFO - [2026-09-25T01:04:39.132+0000] {dag.py:3239} INFO - Sync 1 DAGs
[2026-09-25T01:04:39.156+0000] {logging_mixin.py:190} INFO - [2026-09-25T01:04:39.156+0000] {dag.py:4180} INFO - Setting next_dagrun for hello_airflow to None, run_after=None
[2026-09-25T01:04:39.187+0000] {processor.py:208} INFO - Processing /opt/airflow/dags/hello_airflow.py took 0.148 seconds
[2026-09-25T01:05:10.087+0000] {processor.py:186} INFO - Started process (PID=2695) to work on /opt/airflow/dags/hello_airflow.py
[2026-09-25T01:05:10.090+0000] {processor.py:914} INFO - Processing file /opt/airflow/dags/hello_airflow.py for tasks to queue
[2026-09-25T01:05:10.095+0000] {logging_mixin.py:190} INFO - [2026-09-25T01:05:10.094+0000] {dagbag.py:588} INFO - Filling up the DagBag from /opt/airflow/dags/hello_airflow.py
[2026-09-25T01:05:10.133+0000] {processor.py:925} INFO - DAG(s) 'hello_airflow' retrieved from /opt/airflow/dags/hello_airflow.py
[2026-09-25T01:05:10.197+0000] {logging_mixin.py:190} INFO - [2026-09-25T01:05:10.197+0000] {dag.py:3239} INFO - Sync 1 DAGs
[2026-09-25T01:05:10.219+0000] {logging_mixin.py:190} INFO - [2026-09-25T01:05:10.219+0000] {dag.py:4180} INFO - Setting next_dagrun for hello_airflow to None, run_after=None
[2026-09-25T01:05:10.249+0000] {processor.py:208} INFO - Processing /opt/airflow/dags/hello_airflow.py took 0.174 seconds
[2026-09-25T01:05:40.698+0000] {processor.py:186} INFO - Started process (PID=2715) to work on /opt/airflow/dags/hello_airflow.py
[2026-09-25T01:05:40.702+0000] {processor.py:914} INFO - Processing file /opt/airflow/dags/hello_airflow.py for tasks to queue
[2026-09-25T01:05:40.710+0000] {logging_mixin.py:190} INFO - [2026-09-25T01:05:40.709+0000] {dagbag.py:588} INFO - Filling up the DagBag from /opt/airflow/dags/hello_airflow.py
[2026-09-25T01:05:40.745+0000] {processor.py:925} INFO - DAG(s) 'hello_airflow' retrieved from /opt/airflow/dags/hello_airflow.py
[2026-09-25T01:05:40.797+0000] {logging_mixin.py:190} INFO - [2026-09-25T01:05:40.797+0000] {dag.py:3239} INFO - Sync 1 DAGs
[2026-09-25T01:05:40.820+0000] {logging_mixin.py:190} INFO - [2026-09-25T01:05:40.820+0000] {dag.py:4180} INFO - Setting next_dagrun for hello_airflow to None, run_after=None
[2026-09-25T01:05:40.847+0000] {processor.py:208} INFO - Processing /opt/airflow/dags/hello_airflow.py took 0.163 seconds
[2026-09-25T01:06:11.355+0000] {processor.py:186} INFO - Started process (PID=2735) to work on /opt/airflow/dags/hello_airflow.py
[2026-09-25T01:06:11.358+0000] {processor.py:914} INFO - Processing file /opt/airflow/dags/hello_airflow.py for tasks to queue
[2026-09-25T01:06:11.363+0000] {logging_mixin.py:190} INFO - [2026-09-25T01:06:11.363+0000] {dagbag.py:588} INFO - Filling up the DagBag from /opt/airflow/dags/hello_airflow.py
[2026-09-25T01:06:11.395+0000] {processor.py:925} INFO - DAG(s) 'hello_airflow' retrieved from /opt/airflow/dags/hello_airflow.py
[2026-09-25T01:06:11.471+0000] {logging_mixin.py:190} INFO - [2026-09-25T01:06:11.471+0000] {dag.py:3239} INFO - Sync 1 DAGs
[2026-09-25T01:06:11.505+0000] {logging_mixin.py:190} INFO - [2026-09-25T01:06:11.505+0000] {dag.py:4180} INFO - Setting next_dagrun for hello_airflow to None, run_after=None
[2026-09-25T01:06:11.543+0000] {processor.py:208} INFO - Processing /opt/airflow/dags/hello_airflow.py took 0.200 seconds
[2026-09-25T01:06:42.164+0000] {processor.py:186} INFO - Started process (PID=2755) to work on /opt/airflow/dags/hello_airflow.py
[2026-09-25T01:06:42.166+0000] {processor.py:914} INFO - Processing file /opt/airflow/dags/hello_airflow.py for tasks to queue
[2026-09-25T01:06:42.171+0000] {logging_mixin.py:190} INFO - [2026-09-25T01:06:42.170+0000] {dagbag.py:588} INFO - Filling up the DagBag from /opt/airflow/dags/hello_airflow.py
[2026-09-25T01:06:42.195+0000] {processor.py:925} INFO - DAG(s) 'hello_airflow' retrieved from /opt/airflow/dags/hello_airflow.py
[2026-09-25T01:06:42.243+0000] {logging_mixin.py:190} INFO - [2026-09-25T01:06:42.243+0000] {dag.py:3239} INFO - Sync 1 DAGs
[2026-09-25T01:06:42.273+0000] {logging_mixin.py:190} INFO - [2026-09-25T01:06:42.272+0000] {dag.py:4180} INFO - Setting next_dagrun for hello_airflow to None, run_after=None
[2026-09-25T01:06:42.306+0000] {processor.py:208} INFO - Processing /opt/airflow/dags/hello_airflow.py took 0.154 seconds
[2026-09-25T01:07:12.911+0000] {processor.py:186} INFO - Started process (PID=2775) to work on /opt/airflow/dags/hello_airflow.py
[2026-09-25T01:07:12.913+0000] {processor.py:914} INFO - Processing file /opt/airflow/dags/hello_airflow.py for tasks to queue
[2026-09-25T01:07:12.917+0000] {logging_mixin.py:190} INFO - [2026-09-25T01:07:12.917+0000] {dagbag.py:588} INFO - Filling up the DagBag from /opt/airflow/dags/hello_airflow.py
[2026-09-25T01:07:12.943+0000] {processor.py:925} INFO - DAG(s) 'hello_airflow' retrieved from /opt/airflow/dags/hello_airflow.py
[2026-09-25T01:07:12.987+0000] {logging_mixin.py:190} INFO - [2026-09-25T01:07:12.987+0000] {dag.py:3239} INFO - Sync 1 DAGs
[2026-09-25T01:07:13.011+0000] {logging_mixin.py:190} INFO - [2026-09-25T01:07:13.011+0000] {dag.py:4180} INFO - Setting next_dagrun for hello_airflow to None, run_after=None
[2026-09-25T01:07:13.040+0000] {processor.py:208} INFO - Processing /opt/airflow/dags/hello_airflow.py took 0.140 seconds
[2026-09-25T01:07:43.380+0000] {processor.py:186} INFO - Started process (PID=2795) to work on /opt/airflow/dags/hello_airflow.py
[2026-09-25T01:07:43.382+0000] {processor.py:914} INFO - Processing file /opt/airflow/dags/hello_airflow.py for tasks to queue
[2026-09-25T01:07:43.386+0000] {logging_mixin.py:190} INFO - [2026-09-25T01:07:43.385+0000] {dagbag.py:588} INFO - Filling up the DagBag from /opt/airflow/dags/hello_airflow.py
[2026-09-25T01:07:43.414+0000] {processor.py:925} INFO - DAG(s) 'hello_airflow' retrieved from /opt/airflow/dags/hello_airflow.py
[2026-09-25T01:07:43.463+0000] {logging_mixin.py:190} INFO - [2026-09-25T01:07:43.463+0000] {dag.py:3239} INFO - Sync 1 DAGs
[2026-09-25T01:07:43.489+0000] {logging_mixin.py:190} INFO - [2026-09-25T01:07:43.489+0000] {dag.py:4180} INFO - Setting next_dagrun for hello_airflow to None, run_after=None
[2026-09-25T01:07:43.517+0000] {processor.py:208} INFO - Processing /opt/airflow/dags/hello_airflow.py took 0.148 seconds
[2026-09-25T01:08:14.240+0000] {processor.py:186} INFO - Started process (PID=2815) to work on /opt/airflow/dags/hello_airflow.py
[2026-09-25T01:08:14.242+0000] {processor.py:914} INFO - Processing file /opt/airflow/dags/hello_airflow.py for tasks to queue
[2026-09-25T01:08:14.247+0000] {logging_mixin.py:190} INFO - [2026-09-25T01:08:14.246+0000] {dagbag.py:588} INFO - Filling up the DagBag from /opt/airflow/dags/hello_airflow.py
[2026-09-25T01:08:14.273+0000] {processor.py:925} INFO - DAG(s) 'hello_airflow' retrieved from /opt/airflow/dags/hello_airflow.py
[2026-09-25T01:08:14.319+0000] {logging_mixin.py:190} INFO - [2026-09-25T01:08:14.318+0000] {dag.py:3239} INFO - Sync 1 DAGs
[2026-09-25T01:08:14.343+0000] {logging_mixin.py:190} INFO - [2026-09-25T01:08:14.342+0000] {dag.py:4180} INFO - Setting next_dagrun for hello_airflow to None, run_after=None
[2026-09-25T01:08:14.372+0000] {processor.py:208} INFO - Processing /opt/airflow/dags/hello_airflow.py took 0.142 seconds
[2026-09-25T01:08:44.855+0000] {processor.py:186} INFO - Started process (PID=2835) to work on /opt/airflow/dags/hello_airflow.py
[2026-09-25T01:08:44.860+0000] {processor.py:914} INFO - Processing file /opt/airflow/dags/hello_airflow.py for tasks to queue
[2026-09-25T01:08:44.865+0000] {logging_mixin.py:190} INFO - [2026-09-25T01:08:44.865+0000] {dagbag.py:588} INFO - Filling up the DagBag from /opt/airflow/dags/hello_airflow.py
[2026-09-25T01:08:44.893+0000] {processor.py:925} INFO - DAG(s) 'hello_airflow' retrieved from /opt/airflow/dags/hello_airflow.py
[2026-09-25T01:08:44.938+0000] {logging_mixin.py:190} INFO - [2026-09-25T01:08:44.937+0000] {dag.py:3239} INFO - Sync 1 DAGs
[2026-09-25T01:08:44.961+0000] {logging_mixin.py:190} INFO - [2026-09-25T01:08:44.960+0000] {dag.py:4180} INFO - Setting next_dagrun for hello_airflow to None, run_after=None
[2026-09-25T01:08:44.986+0000] {processor.py:208} INFO - Processing /opt/airflow/dags/hello_airflow.py took 0.142 seconds
[2026-09-25T01:09:15.572+0000] {processor.py:186} INFO - Started process (PID=2855) to work on /opt/airflow/dags/hello_airflow.py
[2026-09-25T01:09:15.574+0000] {processor.py:914} INFO - Processing file /opt/airflow/dags/hello_airflow.py for tasks to queue
[2026-09-25T01:09:15.581+0000] {logging_mixin.py:190} INFO - [2026-09-25T01:09:15.580+0000] {dagbag.py:588} INFO - Filling up the DagBag from /opt/airflow/dags/hello_airflow.py
[2026-09-25T01:09:15.609+0000] {processor.py:925} INFO - DAG(s) 'hello_airflow' retrieved from /opt/airflow/dags/hello_airflow.py
[2026-09-25T01:09:15.658+0000] {logging_mixin.py:190} INFO - [2026-09-25T01:09:15.657+0000] {dag.py:3239} INFO - Sync 1 DAGs
[2026-09-25T01:09:15.684+0000] {logging_mixin.py:190} INFO - [2026-09-25T01:09:15.683+0000] {dag.py:4180} INFO - Setting next_dagrun for hello_airflow to None, run_after=None
[2026-09-25T01:09:15.711+0000] {processor.py:208} INFO - Processing /opt/airflow/dags/hello_airflow.py took 0.150 seconds
[2026-09-25T01:09:46.322+0000] {processor.py:186} INFO - Started process (PID=2875) to work on /opt/airflow/dags/hello_airflow.py
[2026-09-25T01:09:46.325+0000] {processor.py:914} INFO - Processing file /opt/airflow/dags/hello_airflow.py for tasks to queue
[2026-09-25T01:09:46.329+0000] {logging_mixin.py:190} INFO - [2026-09-25T01:09:46.328+0000] {dagbag.py:588} INFO - Filling up the DagBag from /opt/airflow/dags/hello_airflow.py
[2026-09-25T01:09:46.356+0000] {processor.py:925} INFO - DAG(s) 'hello_airflow' retrieved from /opt/airflow/dags/hello_airflow.py
[2026-09-25T01:09:46.401+0000] {logging_mixin.py:190} INFO - [2026-09-25T01:09:46.401+0000] {dag.py:3239} INFO - Sync 1 DAGs
[2026-09-25T01:09:46.425+0000] {logging_mixin.py:190} INFO - [2026-09-25T01:09:46.424+0000] {dag.py:4180} INFO - Setting next_dagrun for hello_airflow to None, run_after=None
[2026-09-25T01:09:46.453+0000] {processor.py:208} INFO - Processing /opt/airflow/dags/hello_airflow.py took 0.143 seconds
[2026-09-25T01:10:17.044+0000] {processor.py:186} INFO - Started process (PID=2895) to work on /opt/airflow/dags/hello_airflow.py
[2026-09-25T01:10:17.046+0000] {processor.py:914} INFO - Processing file /opt/airflow/dags/hello_airflow.py for tasks to queue
[2026-09-25T01:10:17.051+0000] {logging_mixin.py:190} INFO - [2026-09-25T01:10:17.050+0000] {dagbag.py:588} INFO - Filling up the DagBag from /opt/airflow/dags/hello_airflow.py
[2026-09-25T01:10:17.077+0000] {processor.py:925} INFO - DAG(s) 'hello_airflow' retrieved from /opt/airflow/dags/hello_airflow.py
[2026-09-25T01:10:17.129+0000] {logging_mixin.py:190} INFO - [2026-09-25T01:10:17.128+0000] {dag.py:3239} INFO - Sync 1 DAGs
[2026-09-25T01:10:17.155+0000] {logging_mixin.py:190} INFO - [2026-09-25T01:10:17.155+0000] {dag.py:4180} INFO - Setting next_dagrun for hello_airflow to None, run_after=None
[2026-09-25T01:10:17.186+0000] {processor.py:208} INFO - Processing /opt/airflow/dags/hello_airflow.py took 0.153 seconds
[2026-09-25T01:10:48.086+0000] {processor.py:186} INFO - Started process (PID=2915) to work on /opt/airflow/dags/hello_airflow.py
[2026-09-25T01:10:48.088+0000] {processor.py:914} INFO - Processing file /opt/airflow/dags/hello_airflow.py for tasks to queue
[2026-09-25T01:10:48.094+0000] {logging_mixin.py:190} INFO - [2026-09-25T01:10:48.093+0000] {dagbag.py:588} INFO - Filling up the DagBag from /opt/airflow/dags/hello_airflow.py
[2026-09-25T01:10:48.120+0000] {processor.py:925} INFO - DAG(s) 'hello_airflow' retrieved from /opt/airflow/dags/hello_airflow.py
[2026-09-25T01:10:48.171+0000] {logging_mixin.py:190} INFO - [2026-09-25T01:10:48.171+0000] {dag.py:3239} INFO - Sync 1 DAGs
[2026-09-25T01:10:48.199+0000] {logging_mixin.py:190} INFO - [2026-09-25T01:10:48.199+0000] {dag.py:4180} INFO - Setting next_dagrun for hello_airflow to None, run_after=None
[2026-09-25T01:10:48.248+0000] {processor.py:208} INFO - Processing /opt/airflow/dags/hello_airflow.py took 0.172 seconds
[2026-09-25T01:11:18.916+0000] {processor.py:186} INFO - Started process (PID=2938) to work on /opt/airflow/dags/hello_airflow.py
[2026-09-25T01:11:18.918+0000] {processor.py:914} INFO - Processing file /opt/airflow/dags/hello_airflow.py for tasks to queue
[2026-09-25T01:11:18.924+0000] {logging_mixin.py:190} INFO - [2026-09-25T01:11:18.923+0000] {dagbag.py:588} INFO - Filling up the DagBag from /opt/airflow/dags/hello_airflow.py
[2026-09-25T01:11:18.948+0000] {processor.py:925} INFO - DAG(s) 'hello_airflow' retrieved from /opt/airflow/dags/hello_airflow.py
[2026-09-25T01:11:18.997+0000] {logging_mixin.py:190} INFO - [2026-09-25T01:11:18.996+0000] {dag.py:3239} INFO - Sync 1 DAGs
[2026-09-25T01:11:19.021+0000] {logging_mixin.py:190} INFO - [2026-09-25T01:11:19.020+0000] {dag.py:4180} INFO - Setting next_dagrun for hello_airflow to None, run_after=None
[2026-09-25T01:11:19.048+0000] {processor.py:208} INFO - Processing /opt/airflow/dags/hello_airflow.py took 0.142 seconds
[2026-09-25T01:11:49.613+0000] {processor.py:186} INFO - Started process (PID=2958) to work on /opt/airflow/dags/hello_airflow.py
[2026-09-25T01:11:49.617+0000] {processor.py:914} INFO - Processing file /opt/airflow/dags/hello_airflow.py for tasks to queue
[2026-09-25T01:11:49.622+0000] {logging_mixin.py:190} INFO - [2026-09-25T01:11:49.621+0000] {dagbag.py:588} INFO - Filling up the DagBag from /opt/airflow/dags/hello_airflow.py
[2026-09-25T01:11:49.648+0000] {processor.py:925} INFO - DAG(s) 'hello_airflow' retrieved from /opt/airflow/dags/hello_airflow.py
[2026-09-25T01:11:49.695+0000] {logging_mixin.py:190} INFO - [2026-09-25T01:11:49.694+0000] {dag.py:3239} INFO - Sync 1 DAGs
[2026-09-25T01:11:49.721+0000] {logging_mixin.py:190} INFO - [2026-09-25T01:11:49.720+0000] {dag.py:4180} INFO - Setting next_dagrun for hello_airflow to None, run_after=None
[2026-09-25T01:11:49.752+0000] {processor.py:208} INFO - Processing /opt/airflow/dags/hello_airflow.py took 0.154 seconds
[2026-09-25T01:12:20.417+0000] {processor.py:186} INFO - Started process (PID=2981) to work on /opt/airflow/dags/hello_airflow.py
[2026-09-25T01:12:20.419+0000] {processor.py:914} INFO - Processing file /opt/airflow/dags/hello_airflow.py for tasks to queue
[2026-09-25T01:12:20.426+0000] {logging_mixin.py:190} INFO - [2026-09-25T01:12:20.423+0000] {dagbag.py:588} INFO - Filling up the DagBag from /opt/airflow/dags/hello_airflow.py
[2026-09-25T01:12:20.454+0000] {processor.py:925} INFO - DAG(s) 'hello_airflow' retrieved from /opt/airflow/dags/hello_airflow.py
[2026-09-25T01:12:20.502+0000] {logging_mixin.py:190} INFO - [2026-09-25T01:12:20.501+0000] {dag.py:3239} INFO - Sync 1 DAGs
[2026-09-25T01:12:20.525+0000] {logging_mixin.py:190} INFO - [2026-09-25T01:12:20.525+0000] {dag.py:4180} INFO - Setting next_dagrun for hello_airflow to None, run_after=None
[2026-09-25T01:12:20.553+0000] {processor.py:208} INFO - Processing /opt/airflow/dags/hello_airflow.py took 0.145 seconds
[2026-09-25T01:12:51.291+0000] {processor.py:186} INFO - Started process (PID=3006) to work on /opt/airflow/dags/hello_airflow.py
[2026-09-25T01:12:51.295+0000] {processor.py:914} INFO - Processing file /opt/airflow/dags/hello_airflow.py for tasks to queue
[2026-09-25T01:12:51.302+0000] {logging_mixin.py:190} INFO - [2026-09-25T01:12:51.301+0000] {dagbag.py:588} INFO - Filling up the DagBag from /opt/airflow/dags/hello_airflow.py
[2026-09-25T01:12:51.350+0000] {processor.py:925} INFO - DAG(s) 'hello_airflow' retrieved from /opt/airflow/dags/hello_airflow.py
[2026-09-25T01:12:51.418+0000] {logging_mixin.py:190} INFO - [2026-09-25T01:12:51.417+0000] {dag.py:3239} INFO - Sync 1 DAGs
[2026-09-25T01:12:51.530+0000] {logging_mixin.py:190} INFO - [2026-09-25T01:12:51.529+0000] {dag.py:4180} INFO - Setting next_dagrun for hello_airflow to None, run_after=None
[2026-09-25T01:12:51.593+0000] {processor.py:208} INFO - Processing /opt/airflow/dags/hello_airflow.py took 0.320 seconds
[2026-09-25T01:13:22.355+0000] {processor.py:186} INFO - Started process (PID=3029) to work on /opt/airflow/dags/hello_airflow.py
[2026-09-25T01:13:22.363+0000] {processor.py:914} INFO - Processing file /opt/airflow/dags/hello_airflow.py for tasks to queue
[2026-09-25T01:13:22.371+0000] {logging_mixin.py:190} INFO - [2026-09-25T01:13:22.370+0000] {dagbag.py:588} INFO - Filling up the DagBag from /opt/airflow/dags/hello_airflow.py
[2026-09-25T01:13:22.422+0000] {processor.py:925} INFO - DAG(s) 'hello_airflow' retrieved from /opt/airflow/dags/hello_airflow.py
[2026-09-25T01:13:22.479+0000] {logging_mixin.py:190} INFO - [2026-09-25T01:13:22.477+0000] {dag.py:3239} INFO - Sync 1 DAGs
[2026-09-25T01:13:22.504+0000] {logging_mixin.py:190} INFO - [2026-09-25T01:13:22.504+0000] {dag.py:4180} INFO - Setting next_dagrun for hello_airflow to None, run_after=None
[2026-09-25T01:13:22.534+0000] {processor.py:208} INFO - Processing /opt/airflow/dags/hello_airflow.py took 0.194 seconds
[2026-09-25T01:13:53.158+0000] {processor.py:186} INFO - Started process (PID=3049) to work on /opt/airflow/dags/hello_airflow.py
[2026-09-25T01:13:53.161+0000] {processor.py:914} INFO - Processing file /opt/airflow/dags/hello_airflow.py for tasks to queue
[2026-09-25T01:13:53.166+0000] {logging_mixin.py:190} INFO - [2026-09-25T01:13:53.165+0000] {dagbag.py:588} INFO - Filling up the DagBag from /opt/airflow/dags/hello_airflow.py
[2026-09-25T01:13:53.190+0000] {processor.py:925} INFO - DAG(s) 'hello_airflow' retrieved from /opt/airflow/dags/hello_airflow.py
[2026-09-25T01:13:53.235+0000] {logging_mixin.py:190} INFO - [2026-09-25T01:13:53.234+0000] {dag.py:3239} INFO - Sync 1 DAGs
[2026-09-25T01:13:53.262+0000] {logging_mixin.py:190} INFO - [2026-09-25T01:13:53.262+0000] {dag.py:4180} INFO - Setting next_dagrun for hello_airflow to None, run_after=None
[2026-09-25T01:13:53.303+0000] {processor.py:208} INFO - Processing /opt/airflow/dags/hello_airflow.py took 0.154 seconds
[2026-09-25T01:14:23.966+0000] {processor.py:186} INFO - Started process (PID=3069) to work on /opt/airflow/dags/hello_airflow.py
[2026-09-25T01:14:23.969+0000] {processor.py:914} INFO - Processing file /opt/airflow/dags/hello_airflow.py for tasks to queue
[2026-09-25T01:14:23.976+0000] {logging_mixin.py:190} INFO - [2026-09-25T01:14:23.976+0000] {dagbag.py:588} INFO - Filling up the DagBag from /opt/airflow/dags/hello_airflow.py
[2026-09-25T01:14:24.009+0000] {processor.py:925} INFO - DAG(s) 'hello_airflow' retrieved from /opt/airflow/dags/hello_airflow.py
[2026-09-25T01:14:24.101+0000] {logging_mixin.py:190} INFO - [2026-09-25T01:14:24.101+0000] {dag.py:3239} INFO - Sync 1 DAGs
[2026-09-25T01:14:24.172+0000] {logging_mixin.py:190} INFO - [2026-09-25T01:14:24.171+0000] {dag.py:4180} INFO - Setting next_dagrun for hello_airflow to None, run_after=None
[2026-09-25T01:14:24.286+0000] {processor.py:208} INFO - Processing /opt/airflow/dags/hello_airflow.py took 0.333 seconds
[2026-09-25T01:14:55.151+0000] {processor.py:186} INFO - Started process (PID=3089) to work on /opt/airflow/dags/hello_airflow.py
[2026-09-25T01:14:55.153+0000] {processor.py:914} INFO - Processing file /opt/airflow/dags/hello_airflow.py for tasks to queue
[2026-09-25T01:14:55.160+0000] {logging_mixin.py:190} INFO - [2026-09-25T01:14:55.160+0000] {dagbag.py:588} INFO - Filling up the DagBag from /opt/airflow/dags/hello_airflow.py
[2026-09-25T01:14:55.229+0000] {processor.py:925} INFO - DAG(s) 'hello_airflow' retrieved from /opt/airflow/dags/hello_airflow.py
[2026-09-25T01:14:55.290+0000] {logging_mixin.py:190} INFO - [2026-09-25T01:14:55.290+0000] {dag.py:3239} INFO - Sync 1 DAGs
[2026-09-25T01:14:55.336+0000] {logging_mixin.py:190} INFO - [2026-09-25T01:14:55.336+0000] {dag.py:4180} INFO - Setting next_dagrun for hello_airflow to None, run_after=None
[2026-09-25T01:14:55.371+0000] {processor.py:208} INFO - Processing /opt/airflow/dags/hello_airflow.py took 0.233 seconds
[2026-09-25T01:15:25.507+0000] {processor.py:186} INFO - Started process (PID=3114) to work on /opt/airflow/dags/hello_airflow.py
[2026-09-25T01:15:25.509+0000] {processor.py:914} INFO - Processing file /opt/airflow/dags/hello_airflow.py for tasks to queue
[2026-09-25T01:15:25.514+0000] {logging_mixin.py:190} INFO - [2026-09-25T01:15:25.513+0000] {dagbag.py:588} INFO - Filling up the DagBag from /opt/airflow/dags/hello_airflow.py
[2026-09-25T01:15:25.546+0000] {processor.py:925} INFO - DAG(s) 'hello_airflow' retrieved from /opt/airflow/dags/hello_airflow.py
[2026-09-25T01:15:25.601+0000] {logging_mixin.py:190} INFO - [2026-09-25T01:15:25.600+0000] {dag.py:3239} INFO - Sync 1 DAGs
[2026-09-25T01:15:25.633+0000] {logging_mixin.py:190} INFO - [2026-09-25T01:15:25.632+0000] {dag.py:4180} INFO - Setting next_dagrun for hello_airflow to None, run_after=None
[2026-09-25T01:15:25.687+0000] {processor.py:208} INFO - Processing /opt/airflow/dags/hello_airflow.py took 0.193 seconds
[2026-09-25T01:15:56.298+0000] {processor.py:186} INFO - Started process (PID=3134) to work on /opt/airflow/dags/hello_airflow.py
[2026-09-25T01:15:56.300+0000] {processor.py:914} INFO - Processing file /opt/airflow/dags/hello_airflow.py for tasks to queue
[2026-09-25T01:15:56.309+0000] {logging_mixin.py:190} INFO - [2026-09-25T01:15:56.309+0000] {dagbag.py:588} INFO - Filling up the DagBag from /opt/airflow/dags/hello_airflow.py
[2026-09-25T01:15:56.336+0000] {processor.py:925} INFO - DAG(s) 'hello_airflow' retrieved from /opt/airflow/dags/hello_airflow.py
[2026-09-25T01:15:56.386+0000] {logging_mixin.py:190} INFO - [2026-09-25T01:15:56.386+0000] {dag.py:3239} INFO - Sync 1 DAGs
[2026-09-25T01:15:56.419+0000] {logging_mixin.py:190} INFO - [2026-09-25T01:15:56.419+0000] {dag.py:4180} INFO - Setting next_dagrun for hello_airflow to None, run_after=None
[2026-09-25T01:15:56.470+0000] {processor.py:208} INFO - Processing /opt/airflow/dags/hello_airflow.py took 0.184 seconds
[2026-09-25T01:16:26.885+0000] {processor.py:186} INFO - Started process (PID=3159) to work on /opt/airflow/dags/hello_airflow.py
[2026-09-25T01:16:26.888+0000] {processor.py:914} INFO - Processing file /opt/airflow/dags/hello_airflow.py for tasks to queue
[2026-09-25T01:16:26.893+0000] {logging_mixin.py:190} INFO - [2026-09-25T01:16:26.892+0000] {dagbag.py:588} INFO - Filling up the DagBag from /opt/airflow/dags/hello_airflow.py
[2026-09-25T01:16:26.921+0000] {processor.py:925} INFO - DAG(s) 'hello_airflow' retrieved from /opt/airflow/dags/hello_airflow.py
[2026-09-25T01:16:26.975+0000] {logging_mixin.py:190} INFO - [2026-09-25T01:16:26.974+0000] {dag.py:3239} INFO - Sync 1 DAGs
[2026-09-25T01:16:27.003+0000] {logging_mixin.py:190} INFO - [2026-09-25T01:16:27.003+0000] {dag.py:4180} INFO - Setting next_dagrun for hello_airflow to None, run_after=None
[2026-09-25T01:16:27.041+0000] {processor.py:208} INFO - Processing /opt/airflow/dags/hello_airflow.py took 0.169 seconds
[2026-09-25T01:16:57.458+0000] {processor.py:186} INFO - Started process (PID=3179) to work on /opt/airflow/dags/hello_airflow.py
[2026-09-25T01:16:57.460+0000] {processor.py:914} INFO - Processing file /opt/airflow/dags/hello_airflow.py for tasks to queue
[2026-09-25T01:16:57.465+0000] {logging_mixin.py:190} INFO - [2026-09-25T01:16:57.465+0000] {dagbag.py:588} INFO - Filling up the DagBag from /opt/airflow/dags/hello_airflow.py
[2026-09-25T01:16:57.496+0000] {processor.py:925} INFO - DAG(s) 'hello_airflow' retrieved from /opt/airflow/dags/hello_airflow.py
[2026-09-25T01:16:57.541+0000] {logging_mixin.py:190} INFO - [2026-09-25T01:16:57.540+0000] {dag.py:3239} INFO - Sync 1 DAGs
[2026-09-25T01:16:57.565+0000] {logging_mixin.py:190} INFO - [2026-09-25T01:16:57.565+0000] {dag.py:4180} INFO - Setting next_dagrun for hello_airflow to None, run_after=None
[2026-09-25T01:16:57.594+0000] {processor.py:208} INFO - Processing /opt/airflow/dags/hello_airflow.py took 0.152 seconds
[2026-09-25T01:17:28.253+0000] {processor.py:186} INFO - Started process (PID=3207) to work on /opt/airflow/dags/hello_airflow.py
[2026-09-25T01:17:28.255+0000] {processor.py:914} INFO - Processing file /opt/airflow/dags/hello_airflow.py for tasks to queue
[2026-09-25T01:17:28.262+0000] {logging_mixin.py:190} INFO - [2026-09-25T01:17:28.259+0000] {dagbag.py:588} INFO - Filling up the DagBag from /opt/airflow/dags/hello_airflow.py
[2026-09-25T01:17:28.289+0000] {processor.py:925} INFO - DAG(s) 'hello_airflow' retrieved from /opt/airflow/dags/hello_airflow.py
[2026-09-25T01:17:28.338+0000] {logging_mixin.py:190} INFO - [2026-09-25T01:17:28.337+0000] {dag.py:3239} INFO - Sync 1 DAGs
[2026-09-25T01:17:28.362+0000] {logging_mixin.py:190} INFO - [2026-09-25T01:17:28.362+0000] {dag.py:4180} INFO - Setting next_dagrun for hello_airflow to None, run_after=None
[2026-09-25T01:17:28.400+0000] {processor.py:208} INFO - Processing /opt/airflow/dags/hello_airflow.py took 0.158 seconds
[2026-09-25T01:17:59.031+0000] {processor.py:186} INFO - Started process (PID=3227) to work on /opt/airflow/dags/hello_airflow.py
[2026-09-25T01:17:59.033+0000] {processor.py:914} INFO - Processing file /opt/airflow/dags/hello_airflow.py for tasks to queue
[2026-09-25T01:17:59.039+0000] {logging_mixin.py:190} INFO - [2026-09-25T01:17:59.038+0000] {dagbag.py:588} INFO - Filling up the DagBag from /opt/airflow/dags/hello_airflow.py
[2026-09-25T01:17:59.068+0000] {processor.py:925} INFO - DAG(s) 'hello_airflow' retrieved from /opt/airflow/dags/hello_airflow.py
[2026-09-25T01:17:59.123+0000] {logging_mixin.py:190} INFO - [2026-09-25T01:17:59.123+0000] {dag.py:3239} INFO - Sync 1 DAGs
[2026-09-25T01:17:59.150+0000] {logging_mixin.py:190} INFO - [2026-09-25T01:17:59.150+0000] {dag.py:4180} INFO - Setting next_dagrun for hello_airflow to None, run_after=None
[2026-09-25T01:17:59.188+0000] {processor.py:208} INFO - Processing /opt/airflow/dags/hello_airflow.py took 0.169 seconds
[2026-09-25T01:18:29.841+0000] {processor.py:186} INFO - Started process (PID=3250) to work on /opt/airflow/dags/hello_airflow.py
[2026-09-25T01:18:29.843+0000] {processor.py:914} INFO - Processing file /opt/airflow/dags/hello_airflow.py for tasks to queue
[2026-09-25T01:18:29.848+0000] {logging_mixin.py:190} INFO - [2026-09-25T01:18:29.847+0000] {dagbag.py:588} INFO - Filling up the DagBag from /opt/airflow/dags/hello_airflow.py
[2026-09-25T01:18:29.879+0000] {processor.py:925} INFO - DAG(s) 'hello_airflow' retrieved from /opt/airflow/dags/hello_airflow.py
[2026-09-25T01:18:29.936+0000] {logging_mixin.py:190} INFO - [2026-09-25T01:18:29.934+0000] {dag.py:3239} INFO - Sync 1 DAGs
[2026-09-25T01:18:29.980+0000] {logging_mixin.py:190} INFO - [2026-09-25T01:18:29.980+0000] {dag.py:4180} INFO - Setting next_dagrun for hello_airflow to None, run_after=None
[2026-09-25T01:18:30.016+0000] {processor.py:208} INFO - Processing /opt/airflow/dags/hello_airflow.py took 0.192 seconds
[2026-09-25T01:19:00.637+0000] {processor.py:186} INFO - Started process (PID=3270) to work on /opt/airflow/dags/hello_airflow.py
[2026-09-25T01:19:00.639+0000] {processor.py:914} INFO - Processing file /opt/airflow/dags/hello_airflow.py for tasks to queue
[2026-09-25T01:19:00.652+0000] {logging_mixin.py:190} INFO - [2026-09-25T01:19:00.651+0000] {dagbag.py:588} INFO - Filling up the DagBag from /opt/airflow/dags/hello_airflow.py
[2026-09-25T01:19:00.683+0000] {processor.py:925} INFO - DAG(s) 'hello_airflow' retrieved from /opt/airflow/dags/hello_airflow.py
[2026-09-25T01:19:00.729+0000] {logging_mixin.py:190} INFO - [2026-09-25T01:19:00.728+0000] {dag.py:3239} INFO - Sync 1 DAGs
[2026-09-25T01:19:00.751+0000] {logging_mixin.py:190} INFO - [2026-09-25T01:19:00.751+0000] {dag.py:4180} INFO - Setting next_dagrun for hello_airflow to None, run_after=None
[2026-09-25T01:19:00.787+0000] {processor.py:208} INFO - Processing /opt/airflow/dags/hello_airflow.py took 0.160 seconds
[2026-09-25T01:19:31.359+0000] {processor.py:186} INFO - Started process (PID=3290) to work on /opt/airflow/dags/hello_airflow.py
[2026-09-25T01:19:31.362+0000] {processor.py:914} INFO - Processing file /opt/airflow/dags/hello_airflow.py for tasks to queue
[2026-09-25T01:19:31.368+0000] {logging_mixin.py:190} INFO - [2026-09-25T01:19:31.367+0000] {dagbag.py:588} INFO - Filling up the DagBag from /opt/airflow/dags/hello_airflow.py
[2026-09-25T01:19:31.398+0000] {processor.py:925} INFO - DAG(s) 'hello_airflow' retrieved from /opt/airflow/dags/hello_airflow.py
[2026-09-25T01:19:31.452+0000] {logging_mixin.py:190} INFO - [2026-09-25T01:19:31.452+0000] {dag.py:3239} INFO - Sync 1 DAGs
[2026-09-25T01:19:31.478+0000] {logging_mixin.py:190} INFO - [2026-09-25T01:19:31.477+0000] {dag.py:4180} INFO - Setting next_dagrun for hello_airflow to None, run_after=None
[2026-09-25T01:19:31.508+0000] {processor.py:208} INFO - Processing /opt/airflow/dags/hello_airflow.py took 0.160 seconds
