[2026-09-24T00:00:09.789+0000] {processor.py:186} INFO - Started process (PID=404) to work on /opt/airflow/dags/hello_airflow.py
[2026-09-24T00:00:09.791+0000] {processor.py:914} INFO - Processing file /opt/airflow/dags/hello_airflow.py for tasks to queue
[2026-09-24T00:00:09.796+0000] {logging_mixin.py:190} INFO - [2026-09-24T00:00:09.795+0000] {dagbag.py:588} INFO - Filling up the DagBag from /opt/airflow/dags/hello_airflow.py
[2026-09-24T00:00:09.822+0000] {processor.py:925} INFO - DAG(s) 'hello_airflow' retrieved from /opt/airflow/dags/hello_airflow.py
[2026-09-24T00:00:09.868+0000] {logging_mixin.py:190} INFO - [2026-09-24T00:00:09.867+0000] {dag.py:3239} INFO - Sync 1 DAGs
[2026-09-24T00:00:09.890+0000] {logging_mixin.py:190} INFO - [2026-09-24T00:00:09.889+0000] {dag.py:4180} INFO - Setting next_dagrun for hello_airflow to None, run_after=None
[2026-09-24T00:00:09.917+0000] {processor.py:208} INFO - Processing /opt/airflow/dags/hello_airflow.py took 0.137 seconds
[2026-09-24T00:00:40.219+0000] {processor.py:186} INFO - Started process (PID=409) to work on /opt/airflow/dags/hello_airflow.py
[2026-09-24T00:00:40.222+0000] {processor.py:914} INFO - Processing file /opt/airflow/dags/hello_airflow.py for tasks to queue
[2026-09-24T00:00:40.230+0000] {logging_mixin.py:190} INFO - [2026-09-24T00:00:40.229+0000] {dagbag.py:588} INFO - Filling up the DagBag from /opt/airflow/dags/hello_airflow.py
[2026-09-24T00:00:40.332+0000] {processor.py:925} INFO - DAG(s) 'hello_airflow' retrieved from /opt/airflow/dags/hello_airflow.py
[2026-09-24T00:00:40.392+0000] {logging_mixin.py:190} INFO - [2026-09-24T00:00:40.392+0000] {dag.py:3239} INFO - Sync 1 DAGs
[2026-09-24T00:00:40.416+0000] {logging_mixin.py:190} INFO - [2026-09-24T00:00:40.416+0000] {dag.py:4180} INFO - Setting next_dagrun for hello_airflow to None, run_after=None
[2026-09-24T00:00:40.445+0000] {processor.py:208} INFO - Processing /opt/airflow/dags/hello_airflow.py took 0.245 seconds
[2026-09-24T00:01:10.715+0000] {processor.py:186} INFO - Started process (PID=414) to work on /opt/airflow/dags/hello_airflow.py
[2026-09-24T00:01:10.717+0000] {processor.py:914} INFO - Processing file /opt/airflow/dags/hello_airflow.py for tasks to queue
[2026-09-24T00:01:10.722+0000] {logging_mixin.py:190} INFO - [2026-09-24T00:01:10.721+0000] {dagbag.py:588} INFO - Filling up the DagBag from /opt/airflow/dags/hello_airflow.py
[2026-09-24T00:01:10.748+0000] {processor.py:925} INFO - DAG(s) 'hello_airflow' retrieved from /opt/airflow/dags/hello_airflow.py
[2026-09-24T00:01:10.805+0000] {logging_mixin.py:190} INFO - [2026-09-24T00:01:10.804+0000] {dag.py:3239} INFO - Sync 1 DAGs
[2026-09-24T00:01:10.836+0000] {logging_mixin.py:190} INFO - [2026-09-24T00:01:10.836+0000] {dag.py:4180} INFO - Setting next_dagrun for hello_airflow to None, run_after=None
[2026-09-24T00:01:10.866+0000] {processor.py:208} INFO - Processing /opt/airflow/dags/hello_airflow.py took 0.162 seconds
[2026-09-24T00:01:40.969+0000] {processor.py:186} INFO - Started process (PID=419) to work on /opt/airflow/dags/hello_airflow.py
[2026-09-24T00:01:40.971+0000] {processor.py:914} INFO - Processing file /opt/airflow/dags/hello_airflow.py for tasks to queue
[2026-09-24T00:01:40.976+0000] {logging_mixin.py:190} INFO - [2026-09-24T00:01:40.975+0000] {dagbag.py:588} INFO - Filling up the DagBag from /opt/airflow/dags/hello_airflow.py
[2026-09-24T00:01:41.002+0000] {processor.py:925} INFO - DAG(s) 'hello_airflow' retrieved from /opt/airflow/dags/hello_airflow.py
[2026-09-24T00:01:41.052+0000] {logging_mixin.py:190} INFO - [2026-09-24T00:01:41.051+0000] {dag.py:3239} INFO - Sync 1 DAGs
[2026-09-24T00:01:41.080+0000] {logging_mixin.py:190} INFO - [2026-09-24T00:01:41.079+0000] {dag.py:4180} INFO - Setting next_dagrun for hello_airflow to None, run_after=None
[2026-09-24T00:01:41.114+0000] {processor.py:208} INFO - Processing /opt/airflow/dags/hello_airflow.py took 0.156 seconds
[2026-09-24T00:02:11.386+0000] {processor.py:186} INFO - Started process (PID=424) to work on /opt/airflow/dags/hello_airflow.py
[2026-09-24T00:02:11.388+0000] {processor.py:914} INFO - Processing file /opt/airflow/dags/hello_airflow.py for tasks to queue
[2026-09-24T00:02:11.393+0000] {logging_mixin.py:190} INFO - [2026-09-24T00:02:11.393+0000] {dagbag.py:588} INFO - Filling up the DagBag from /opt/airflow/dags/hello_airflow.py
[2026-09-24T00:02:11.418+0000] {processor.py:925} INFO - DAG(s) 'hello_airflow' retrieved from /opt/airflow/dags/hello_airflow.py
[2026-09-24T00:02:11.460+0000] {logging_mixin.py:190} INFO - [2026-09-24T00:02:11.459+0000] {dag.py:3239} INFO - Sync 1 DAGs
[2026-09-24T00:02:11.481+0000] {logging_mixin.py:190} INFO - [2026-09-24T00:02:11.480+0000] {dag.py:4180} INFO - Setting next_dagrun for hello_airflow to None, run_after=None
[2026-09-24T00:02:11.507+0000] {processor.py:208} INFO - Processing /opt/airflow/dags/hello_airflow.py took 0.135 seconds
[2026-09-24T00:02:41.620+0000] {processor.py:186} INFO - Started process (PID=429) to work on /opt/airflow/dags/hello_airflow.py
[2026-09-24T00:02:41.622+0000] {processor.py:914} INFO - Processing file /opt/airflow/dags/hello_airflow.py for tasks to queue
[2026-09-24T00:02:41.626+0000] {logging_mixin.py:190} INFO - [2026-09-24T00:02:41.626+0000] {dagbag.py:588} INFO - Filling up the DagBag from /opt/airflow/dags/hello_airflow.py
[2026-09-24T00:02:41.649+0000] {processor.py:925} INFO - DAG(s) 'hello_airflow' retrieved from /opt/airflow/dags/hello_airflow.py
[2026-09-24T00:02:41.697+0000] {logging_mixin.py:190} INFO - [2026-09-24T00:02:41.696+0000] {dag.py:3239} INFO - Sync 1 DAGs
[2026-09-24T00:02:41.721+0000] {logging_mixin.py:190} INFO - [2026-09-24T00:02:41.721+0000] {dag.py:4180} INFO - Setting next_dagrun for hello_airflow to None, run_after=None
[2026-09-24T00:02:41.748+0000] {processor.py:208} INFO - Processing /opt/airflow/dags/hello_airflow.py took 0.136 seconds
[2026-09-24T00:03:11.980+0000] {processor.py:186} INFO - Started process (PID=434) to work on /opt/airflow/dags/hello_airflow.py
[2026-09-24T00:03:11.983+0000] {processor.py:914} INFO - Processing file /opt/airflow/dags/hello_airflow.py for tasks to queue
[2026-09-24T00:03:11.987+0000] {logging_mixin.py:190} INFO - [2026-09-24T00:03:11.987+0000] {dagbag.py:588} INFO - Filling up the DagBag from /opt/airflow/dags/hello_airflow.py
[2026-09-24T00:03:12.013+0000] {processor.py:925} INFO - DAG(s) 'hello_airflow' retrieved from /opt/airflow/dags/hello_airflow.py
[2026-09-24T00:03:12.061+0000] {logging_mixin.py:190} INFO - [2026-09-24T00:03:12.060+0000] {dag.py:3239} INFO - Sync 1 DAGs
[2026-09-24T00:03:12.086+0000] {logging_mixin.py:190} INFO - [2026-09-24T00:03:12.085+0000] {dag.py:4180} INFO - Setting next_dagrun for hello_airflow to None, run_after=None
[2026-09-24T00:03:12.112+0000] {processor.py:208} INFO - Processing /opt/airflow/dags/hello_airflow.py took 0.142 seconds
[2026-09-24T00:03:42.314+0000] {processor.py:186} INFO - Started process (PID=439) to work on /opt/airflow/dags/hello_airflow.py
[2026-09-24T00:03:42.316+0000] {processor.py:914} INFO - Processing file /opt/airflow/dags/hello_airflow.py for tasks to queue
[2026-09-24T00:03:42.320+0000] {logging_mixin.py:190} INFO - [2026-09-24T00:03:42.320+0000] {dagbag.py:588} INFO - Filling up the DagBag from /opt/airflow/dags/hello_airflow.py
[2026-09-24T00:03:42.350+0000] {processor.py:925} INFO - DAG(s) 'hello_airflow' retrieved from /opt/airflow/dags/hello_airflow.py
[2026-09-24T00:03:42.399+0000] {logging_mixin.py:190} INFO - [2026-09-24T00:03:42.398+0000] {dag.py:3239} INFO - Sync 1 DAGs
[2026-09-24T00:03:42.426+0000] {logging_mixin.py:190} INFO - [2026-09-24T00:03:42.425+0000] {dag.py:4180} INFO - Setting next_dagrun for hello_airflow to None, run_after=None
[2026-09-24T00:03:42.454+0000] {processor.py:208} INFO - Processing /opt/airflow/dags/hello_airflow.py took 0.148 seconds
[2026-09-24T00:04:12.606+0000] {processor.py:186} INFO - Started process (PID=444) to work on /opt/airflow/dags/hello_airflow.py
[2026-09-24T00:04:12.608+0000] {processor.py:914} INFO - Processing file /opt/airflow/dags/hello_airflow.py for tasks to queue
[2026-09-24T00:04:12.612+0000] {logging_mixin.py:190} INFO - [2026-09-24T00:04:12.612+0000] {dagbag.py:588} INFO - Filling up the DagBag from /opt/airflow/dags/hello_airflow.py
[2026-09-24T00:04:12.634+0000] {processor.py:925} INFO - DAG(s) 'hello_airflow' retrieved from /opt/airflow/dags/hello_airflow.py
[2026-09-24T00:04:12.677+0000] {logging_mixin.py:190} INFO - [2026-09-24T00:04:12.677+0000] {dag.py:3239} INFO - Sync 1 DAGs
[2026-09-24T00:04:12.698+0000] {logging_mixin.py:190} INFO - [2026-09-24T00:04:12.698+0000] {dag.py:4180} INFO - Setting next_dagrun for hello_airflow to None, run_after=None
[2026-09-24T00:04:12.728+0000] {processor.py:208} INFO - Processing /opt/airflow/dags/hello_airflow.py took 0.131 seconds
[2026-09-24T00:04:42.953+0000] {processor.py:186} INFO - Started process (PID=449) to work on /opt/airflow/dags/hello_airflow.py
[2026-09-24T00:04:42.955+0000] {processor.py:914} INFO - Processing file /opt/airflow/dags/hello_airflow.py for tasks to queue
[2026-09-24T00:04:42.959+0000] {logging_mixin.py:190} INFO - [2026-09-24T00:04:42.959+0000] {dagbag.py:588} INFO - Filling up the DagBag from /opt/airflow/dags/hello_airflow.py
[2026-09-24T00:04:42.984+0000] {processor.py:925} INFO - DAG(s) 'hello_airflow' retrieved from /opt/airflow/dags/hello_airflow.py
[2026-09-24T00:04:43.027+0000] {logging_mixin.py:190} INFO - [2026-09-24T00:04:43.026+0000] {dag.py:3239} INFO - Sync 1 DAGs
[2026-09-24T00:04:43.052+0000] {logging_mixin.py:190} INFO - [2026-09-24T00:04:43.051+0000] {dag.py:4180} INFO - Setting next_dagrun for hello_airflow to None, run_after=None
[2026-09-24T00:04:43.082+0000] {processor.py:208} INFO - Processing /opt/airflow/dags/hello_airflow.py took 0.142 seconds
[2026-09-24T00:05:13.264+0000] {processor.py:186} INFO - Started process (PID=454) to work on /opt/airflow/dags/hello_airflow.py
[2026-09-24T00:05:13.279+0000] {processor.py:914} INFO - Processing file /opt/airflow/dags/hello_airflow.py for tasks to queue
[2026-09-24T00:05:13.328+0000] {logging_mixin.py:190} INFO - [2026-09-24T00:05:13.325+0000] {dagbag.py:588} INFO - Filling up the DagBag from /opt/airflow/dags/hello_airflow.py
[2026-09-24T00:05:13.379+0000] {processor.py:925} INFO - DAG(s) 'hello_airflow' retrieved from /opt/airflow/dags/hello_airflow.py
[2026-09-24T00:05:13.432+0000] {logging_mixin.py:190} INFO - [2026-09-24T00:05:13.432+0000] {dag.py:3239} INFO - Sync 1 DAGs
[2026-09-24T00:05:13.458+0000] {logging_mixin.py:190} INFO - [2026-09-24T00:05:13.458+0000] {dag.py:4180} INFO - Setting next_dagrun for hello_airflow to None, run_after=None
[2026-09-24T00:05:13.488+0000] {processor.py:208} INFO - Processing /opt/airflow/dags/hello_airflow.py took 0.243 seconds
[2026-09-24T00:05:43.640+0000] {processor.py:186} INFO - Started process (PID=471) to work on /opt/airflow/dags/hello_airflow.py
[2026-09-24T00:05:43.642+0000] {processor.py:914} INFO - Processing file /opt/airflow/dags/hello_airflow.py for tasks to queue
[2026-09-24T00:05:43.648+0000] {logging_mixin.py:190} INFO - [2026-09-24T00:05:43.647+0000] {dagbag.py:588} INFO - Filling up the DagBag from /opt/airflow/dags/hello_airflow.py
[2026-09-24T00:05:43.674+0000] {processor.py:925} INFO - DAG(s) 'hello_airflow' retrieved from /opt/airflow/dags/hello_airflow.py
[2026-09-24T00:05:43.729+0000] {logging_mixin.py:190} INFO - [2026-09-24T00:05:43.728+0000] {dag.py:3239} INFO - Sync 1 DAGs
[2026-09-24T00:05:43.751+0000] {logging_mixin.py:190} INFO - [2026-09-24T00:05:43.751+0000] {dag.py:4180} INFO - Setting next_dagrun for hello_airflow to None, run_after=None
[2026-09-24T00:05:43.803+0000] {processor.py:208} INFO - Processing /opt/airflow/dags/hello_airflow.py took 0.172 seconds
[2026-09-24T00:06:13.981+0000] {processor.py:186} INFO - Started process (PID=476) to work on /opt/airflow/dags/hello_airflow.py
[2026-09-24T00:06:13.983+0000] {processor.py:914} INFO - Processing file /opt/airflow/dags/hello_airflow.py for tasks to queue
[2026-09-24T00:06:13.989+0000] {logging_mixin.py:190} INFO - [2026-09-24T00:06:13.989+0000] {dagbag.py:588} INFO - Filling up the DagBag from /opt/airflow/dags/hello_airflow.py
[2026-09-24T00:06:14.017+0000] {processor.py:925} INFO - DAG(s) 'hello_airflow' retrieved from /opt/airflow/dags/hello_airflow.py
[2026-09-24T00:06:14.065+0000] {logging_mixin.py:190} INFO - [2026-09-24T00:06:14.064+0000] {dag.py:3239} INFO - Sync 1 DAGs
[2026-09-24T00:06:14.097+0000] {logging_mixin.py:190} INFO - [2026-09-24T00:06:14.097+0000] {dag.py:4180} INFO - Setting next_dagrun for hello_airflow to None, run_after=None
[2026-09-24T00:06:14.141+0000] {processor.py:208} INFO - Processing /opt/airflow/dags/hello_airflow.py took 0.170 seconds
[2026-09-24T00:06:44.288+0000] {processor.py:186} INFO - Started process (PID=481) to work on /opt/airflow/dags/hello_airflow.py
[2026-09-24T00:06:44.290+0000] {processor.py:914} INFO - Processing file /opt/airflow/dags/hello_airflow.py for tasks to queue
[2026-09-24T00:06:44.297+0000] {logging_mixin.py:190} INFO - [2026-09-24T00:06:44.296+0000] {dagbag.py:588} INFO - Filling up the DagBag from /opt/airflow/dags/hello_airflow.py
[2026-09-24T00:06:44.323+0000] {processor.py:925} INFO - DAG(s) 'hello_airflow' retrieved from /opt/airflow/dags/hello_airflow.py
[2026-09-24T00:06:44.372+0000] {logging_mixin.py:190} INFO - [2026-09-24T00:06:44.372+0000] {dag.py:3239} INFO - Sync 1 DAGs
[2026-09-24T00:06:44.397+0000] {logging_mixin.py:190} INFO - [2026-09-24T00:06:44.397+0000] {dag.py:4180} INFO - Setting next_dagrun for hello_airflow to None, run_after=None
[2026-09-24T00:06:44.425+0000] {processor.py:208} INFO - Processing /opt/airflow/dags/hello_airflow.py took 0.147 seconds
[2026-09-24T00:07:14.699+0000] {processor.py:186} INFO - Started process (PID=486) to work on /opt/airflow/dags/hello_airflow.py
[2026-09-24T00:07:14.701+0000] {processor.py:914} INFO - Processing file /opt/airflow/dags/hello_airflow.py for tasks to queue
[2026-09-24T00:07:14.706+0000] {logging_mixin.py:190} INFO - [2026-09-24T00:07:14.705+0000] {dagbag.py:588} INFO - Filling up the DagBag from /opt/airflow/dags/hello_airflow.py
[2026-09-24T00:07:14.731+0000] {processor.py:925} INFO - DAG(s) 'hello_airflow' retrieved from /opt/airflow/dags/hello_airflow.py
[2026-09-24T00:07:14.774+0000] {logging_mixin.py:190} INFO - [2026-09-24T00:07:14.774+0000] {dag.py:3239} INFO - Sync 1 DAGs
[2026-09-24T00:07:14.800+0000] {logging_mixin.py:190} INFO - [2026-09-24T00:07:14.800+0000] {dag.py:4180} INFO - Setting next_dagrun for hello_airflow to None, run_after=None
[2026-09-24T00:07:14.836+0000] {processor.py:208} INFO - Processing /opt/airflow/dags/hello_airflow.py took 0.146 seconds
[2026-09-24T00:07:44.958+0000] {processor.py:186} INFO - Started process (PID=491) to work on /opt/airflow/dags/hello_airflow.py
[2026-09-24T00:07:44.960+0000] {processor.py:914} INFO - Processing file /opt/airflow/dags/hello_airflow.py for tasks to queue
[2026-09-24T00:07:44.964+0000] {logging_mixin.py:190} INFO - [2026-09-24T00:07:44.964+0000] {dagbag.py:588} INFO - Filling up the DagBag from /opt/airflow/dags/hello_airflow.py
[2026-09-24T00:07:44.987+0000] {processor.py:925} INFO - DAG(s) 'hello_airflow' retrieved from /opt/airflow/dags/hello_airflow.py
[2026-09-24T00:07:45.032+0000] {logging_mixin.py:190} INFO - [2026-09-24T00:07:45.032+0000] {dag.py:3239} INFO - Sync 1 DAGs
[2026-09-24T00:07:45.057+0000] {logging_mixin.py:190} INFO - [2026-09-24T00:07:45.057+0000] {dag.py:4180} INFO - Setting next_dagrun for hello_airflow to None, run_after=None
[2026-09-24T00:07:45.094+0000] {processor.py:208} INFO - Processing /opt/airflow/dags/hello_airflow.py took 0.145 seconds
[2026-09-24T00:08:15.357+0000] {processor.py:186} INFO - Started process (PID=496) to work on /opt/airflow/dags/hello_airflow.py
[2026-09-24T00:08:15.360+0000] {processor.py:914} INFO - Processing file /opt/airflow/dags/hello_airflow.py for tasks to queue
[2026-09-24T00:08:15.365+0000] {logging_mixin.py:190} INFO - [2026-09-24T00:08:15.364+0000] {dagbag.py:588} INFO - Filling up the DagBag from /opt/airflow/dags/hello_airflow.py
[2026-09-24T00:08:15.388+0000] {processor.py:925} INFO - DAG(s) 'hello_airflow' retrieved from /opt/airflow/dags/hello_airflow.py
[2026-09-24T00:08:15.432+0000] {logging_mixin.py:190} INFO - [2026-09-24T00:08:15.431+0000] {dag.py:3239} INFO - Sync 1 DAGs
[2026-09-24T00:08:15.454+0000] {logging_mixin.py:190} INFO - [2026-09-24T00:08:15.454+0000] {dag.py:4180} INFO - Setting next_dagrun for hello_airflow to None, run_after=None
[2026-09-24T00:08:15.481+0000] {processor.py:208} INFO - Processing /opt/airflow/dags/hello_airflow.py took 0.133 seconds
[2026-09-24T00:08:45.656+0000] {processor.py:186} INFO - Started process (PID=501) to work on /opt/airflow/dags/hello_airflow.py
[2026-09-24T00:08:45.658+0000] {processor.py:914} INFO - Processing file /opt/airflow/dags/hello_airflow.py for tasks to queue
[2026-09-24T00:08:45.663+0000] {logging_mixin.py:190} INFO - [2026-09-24T00:08:45.662+0000] {dagbag.py:588} INFO - Filling up the DagBag from /opt/airflow/dags/hello_airflow.py
[2026-09-24T00:08:45.693+0000] {processor.py:925} INFO - DAG(s) 'hello_airflow' retrieved from /opt/airflow/dags/hello_airflow.py
[2026-09-24T00:08:45.750+0000] {logging_mixin.py:190} INFO - [2026-09-24T00:08:45.749+0000] {dag.py:3239} INFO - Sync 1 DAGs
[2026-09-24T00:08:45.773+0000] {logging_mixin.py:190} INFO - [2026-09-24T00:08:45.773+0000] {dag.py:4180} INFO - Setting next_dagrun for hello_airflow to None, run_after=None
[2026-09-24T00:08:45.806+0000] {processor.py:208} INFO - Processing /opt/airflow/dags/hello_airflow.py took 0.164 seconds
[2026-09-24T00:09:16.027+0000] {processor.py:186} INFO - Started process (PID=506) to work on /opt/airflow/dags/hello_airflow.py
[2026-09-24T00:09:16.029+0000] {processor.py:914} INFO - Processing file /opt/airflow/dags/hello_airflow.py for tasks to queue
[2026-09-24T00:09:16.035+0000] {logging_mixin.py:190} INFO - [2026-09-24T00:09:16.035+0000] {dagbag.py:588} INFO - Filling up the DagBag from /opt/airflow/dags/hello_airflow.py
[2026-09-24T00:09:16.058+0000] {processor.py:925} INFO - DAG(s) 'hello_airflow' retrieved from /opt/airflow/dags/hello_airflow.py
[2026-09-24T00:09:16.107+0000] {logging_mixin.py:190} INFO - [2026-09-24T00:09:16.106+0000] {dag.py:3239} INFO - Sync 1 DAGs
[2026-09-24T00:09:16.129+0000] {logging_mixin.py:190} INFO - [2026-09-24T00:09:16.129+0000] {dag.py:4180} INFO - Setting next_dagrun for hello_airflow to None, run_after=None
[2026-09-24T00:09:16.160+0000] {processor.py:208} INFO - Processing /opt/airflow/dags/hello_airflow.py took 0.147 seconds
[2026-09-24T00:09:46.353+0000] {processor.py:186} INFO - Started process (PID=511) to work on /opt/airflow/dags/hello_airflow.py
[2026-09-24T00:09:46.355+0000] {processor.py:914} INFO - Processing file /opt/airflow/dags/hello_airflow.py for tasks to queue
[2026-09-24T00:09:46.363+0000] {logging_mixin.py:190} INFO - [2026-09-24T00:09:46.362+0000] {dagbag.py:588} INFO - Filling up the DagBag from /opt/airflow/dags/hello_airflow.py
[2026-09-24T00:09:46.390+0000] {processor.py:925} INFO - DAG(s) 'hello_airflow' retrieved from /opt/airflow/dags/hello_airflow.py
[2026-09-24T00:09:46.436+0000] {logging_mixin.py:190} INFO - [2026-09-24T00:09:46.436+0000] {dag.py:3239} INFO - Sync 1 DAGs
[2026-09-24T00:09:46.459+0000] {logging_mixin.py:190} INFO - [2026-09-24T00:09:46.459+0000] {dag.py:4180} INFO - Setting next_dagrun for hello_airflow to None, run_after=None
[2026-09-24T00:09:46.487+0000] {processor.py:208} INFO - Processing /opt/airflow/dags/hello_airflow.py took 0.144 seconds
[2026-09-24T00:10:16.641+0000] {processor.py:186} INFO - Started process (PID=516) to work on /opt/airflow/dags/hello_airflow.py
[2026-09-24T00:10:16.643+0000] {processor.py:914} INFO - Processing file /opt/airflow/dags/hello_airflow.py for tasks to queue
[2026-09-24T00:10:16.648+0000] {logging_mixin.py:190} INFO - [2026-09-24T00:10:16.647+0000] {dagbag.py:588} INFO - Filling up the DagBag from /opt/airflow/dags/hello_airflow.py
[2026-09-24T00:10:16.678+0000] {processor.py:925} INFO - DAG(s) 'hello_airflow' retrieved from /opt/airflow/dags/hello_airflow.py
[2026-09-24T00:10:16.724+0000] {logging_mixin.py:190} INFO - [2026-09-24T00:10:16.723+0000] {dag.py:3239} INFO - Sync 1 DAGs
[2026-09-24T00:10:16.749+0000] {logging_mixin.py:190} INFO - [2026-09-24T00:10:16.748+0000] {dag.py:4180} INFO - Setting next_dagrun for hello_airflow to None, run_after=None
[2026-09-24T00:10:16.777+0000] {processor.py:208} INFO - Processing /opt/airflow/dags/hello_airflow.py took 0.148 seconds
[2026-09-24T00:10:47.121+0000] {processor.py:186} INFO - Started process (PID=521) to work on /opt/airflow/dags/hello_airflow.py
[2026-09-24T00:10:47.123+0000] {processor.py:914} INFO - Processing file /opt/airflow/dags/hello_airflow.py for tasks to queue
[2026-09-24T00:10:47.127+0000] {logging_mixin.py:190} INFO - [2026-09-24T00:10:47.127+0000] {dagbag.py:588} INFO - Filling up the DagBag from /opt/airflow/dags/hello_airflow.py
[2026-09-24T00:10:47.156+0000] {processor.py:925} INFO - DAG(s) 'hello_airflow' retrieved from /opt/airflow/dags/hello_airflow.py
[2026-09-24T00:10:47.207+0000] {logging_mixin.py:190} INFO - [2026-09-24T00:10:47.206+0000] {dag.py:3239} INFO - Sync 1 DAGs
[2026-09-24T00:10:47.261+0000] {logging_mixin.py:190} INFO - [2026-09-24T00:10:47.261+0000] {dag.py:4180} INFO - Setting next_dagrun for hello_airflow to None, run_after=None
[2026-09-24T00:10:47.309+0000] {processor.py:208} INFO - Processing /opt/airflow/dags/hello_airflow.py took 0.198 seconds
[2026-09-24T00:11:17.377+0000] {processor.py:186} INFO - Started process (PID=526) to work on /opt/airflow/dags/hello_airflow.py
[2026-09-24T00:11:17.380+0000] {processor.py:914} INFO - Processing file /opt/airflow/dags/hello_airflow.py for tasks to queue
[2026-09-24T00:11:17.391+0000] {logging_mixin.py:190} INFO - [2026-09-24T00:11:17.391+0000] {dagbag.py:588} INFO - Filling up the DagBag from /opt/airflow/dags/hello_airflow.py
[2026-09-24T00:11:17.430+0000] {processor.py:925} INFO - DAG(s) 'hello_airflow' retrieved from /opt/airflow/dags/hello_airflow.py
[2026-09-24T00:11:17.477+0000] {logging_mixin.py:190} INFO - [2026-09-24T00:11:17.476+0000] {dag.py:3239} INFO - Sync 1 DAGs
[2026-09-24T00:11:17.502+0000] {logging_mixin.py:190} INFO - [2026-09-24T00:11:17.502+0000] {dag.py:4180} INFO - Setting next_dagrun for hello_airflow to None, run_after=None
[2026-09-24T00:11:17.543+0000] {processor.py:208} INFO - Processing /opt/airflow/dags/hello_airflow.py took 0.176 seconds
[2026-09-24T00:11:47.686+0000] {processor.py:186} INFO - Started process (PID=531) to work on /opt/airflow/dags/hello_airflow.py
[2026-09-24T00:11:47.688+0000] {processor.py:914} INFO - Processing file /opt/airflow/dags/hello_airflow.py for tasks to queue
[2026-09-24T00:11:47.692+0000] {logging_mixin.py:190} INFO - [2026-09-24T00:11:47.692+0000] {dagbag.py:588} INFO - Filling up the DagBag from /opt/airflow/dags/hello_airflow.py
[2026-09-24T00:11:47.720+0000] {processor.py:925} INFO - DAG(s) 'hello_airflow' retrieved from /opt/airflow/dags/hello_airflow.py
[2026-09-24T00:11:47.769+0000] {logging_mixin.py:190} INFO - [2026-09-24T00:11:47.769+0000] {dag.py:3239} INFO - Sync 1 DAGs
[2026-09-24T00:11:47.798+0000] {logging_mixin.py:190} INFO - [2026-09-24T00:11:47.797+0000] {dag.py:4180} INFO - Setting next_dagrun for hello_airflow to None, run_after=None
[2026-09-24T00:11:47.823+0000] {processor.py:208} INFO - Processing /opt/airflow/dags/hello_airflow.py took 0.150 seconds
[2026-09-24T00:12:18.428+0000] {processor.py:186} INFO - Started process (PID=541) to work on /opt/airflow/dags/hello_airflow.py
[2026-09-24T00:12:18.430+0000] {processor.py:914} INFO - Processing file /opt/airflow/dags/hello_airflow.py for tasks to queue
[2026-09-24T00:12:18.435+0000] {logging_mixin.py:190} INFO - [2026-09-24T00:12:18.434+0000] {dagbag.py:588} INFO - Filling up the DagBag from /opt/airflow/dags/hello_airflow.py
[2026-09-24T00:12:18.457+0000] {processor.py:925} INFO - DAG(s) 'hello_airflow' retrieved from /opt/airflow/dags/hello_airflow.py
[2026-09-24T00:12:18.502+0000] {logging_mixin.py:190} INFO - [2026-09-24T00:12:18.502+0000] {dag.py:3239} INFO - Sync 1 DAGs
[2026-09-24T00:12:18.524+0000] {logging_mixin.py:190} INFO - [2026-09-24T00:12:18.523+0000] {dag.py:4180} INFO - Setting next_dagrun for hello_airflow to None, run_after=None
[2026-09-24T00:12:18.568+0000] {processor.py:208} INFO - Processing /opt/airflow/dags/hello_airflow.py took 0.149 seconds
[2026-09-24T00:12:48.748+0000] {processor.py:186} INFO - Started process (PID=551) to work on /opt/airflow/dags/hello_airflow.py
[2026-09-24T00:12:48.757+0000] {processor.py:914} INFO - Processing file /opt/airflow/dags/hello_airflow.py for tasks to queue
[2026-09-24T00:12:48.762+0000] {logging_mixin.py:190} INFO - [2026-09-24T00:12:48.761+0000] {dagbag.py:588} INFO - Filling up the DagBag from /opt/airflow/dags/hello_airflow.py
[2026-09-24T00:12:48.793+0000] {processor.py:925} INFO - DAG(s) 'hello_airflow' retrieved from /opt/airflow/dags/hello_airflow.py
[2026-09-24T00:12:48.847+0000] {logging_mixin.py:190} INFO - [2026-09-24T00:12:48.847+0000] {dag.py:3239} INFO - Sync 1 DAGs
[2026-09-24T00:12:48.875+0000] {logging_mixin.py:190} INFO - [2026-09-24T00:12:48.875+0000] {dag.py:4180} INFO - Setting next_dagrun for hello_airflow to None, run_after=None
[2026-09-24T00:12:48.908+0000] {processor.py:208} INFO - Processing /opt/airflow/dags/hello_airflow.py took 0.171 seconds
[2026-09-24T00:13:19.144+0000] {processor.py:186} INFO - Started process (PID=561) to work on /opt/airflow/dags/hello_airflow.py
[2026-09-24T00:13:19.146+0000] {processor.py:914} INFO - Processing file /opt/airflow/dags/hello_airflow.py for tasks to queue
[2026-09-24T00:13:19.151+0000] {logging_mixin.py:190} INFO - [2026-09-24T00:13:19.150+0000] {dagbag.py:588} INFO - Filling up the DagBag from /opt/airflow/dags/hello_airflow.py
[2026-09-24T00:13:19.179+0000] {processor.py:925} INFO - DAG(s) 'hello_airflow' retrieved from /opt/airflow/dags/hello_airflow.py
[2026-09-24T00:13:19.224+0000] {logging_mixin.py:190} INFO - [2026-09-24T00:13:19.224+0000] {dag.py:3239} INFO - Sync 1 DAGs
[2026-09-24T00:13:19.248+0000] {logging_mixin.py:190} INFO - [2026-09-24T00:13:19.248+0000] {dag.py:4180} INFO - Setting next_dagrun for hello_airflow to None, run_after=None
[2026-09-24T00:13:19.413+0000] {processor.py:208} INFO - Processing /opt/airflow/dags/hello_airflow.py took 0.277 seconds
[2026-09-24T00:13:49.523+0000] {processor.py:186} INFO - Started process (PID=571) to work on /opt/airflow/dags/hello_airflow.py
[2026-09-24T00:13:49.533+0000] {processor.py:914} INFO - Processing file /opt/airflow/dags/hello_airflow.py for tasks to queue
[2026-09-24T00:13:49.538+0000] {logging_mixin.py:190} INFO - [2026-09-24T00:13:49.537+0000] {dagbag.py:588} INFO - Filling up the DagBag from /opt/airflow/dags/hello_airflow.py
[2026-09-24T00:13:49.574+0000] {processor.py:925} INFO - DAG(s) 'hello_airflow' retrieved from /opt/airflow/dags/hello_airflow.py
[2026-09-24T00:13:49.617+0000] {logging_mixin.py:190} INFO - [2026-09-24T00:13:49.617+0000] {dag.py:3239} INFO - Sync 1 DAGs
[2026-09-24T00:13:49.639+0000] {logging_mixin.py:190} INFO - [2026-09-24T00:13:49.639+0000] {dag.py:4180} INFO - Setting next_dagrun for hello_airflow to None, run_after=None
[2026-09-24T00:13:49.666+0000] {processor.py:208} INFO - Processing /opt/airflow/dags/hello_airflow.py took 0.152 seconds
[2026-09-24T00:14:20.168+0000] {processor.py:186} INFO - Started process (PID=581) to work on /opt/airflow/dags/hello_airflow.py
[2026-09-24T00:14:20.170+0000] {processor.py:914} INFO - Processing file /opt/airflow/dags/hello_airflow.py for tasks to queue
[2026-09-24T00:14:20.174+0000] {logging_mixin.py:190} INFO - [2026-09-24T00:14:20.174+0000] {dagbag.py:588} INFO - Filling up the DagBag from /opt/airflow/dags/hello_airflow.py
[2026-09-24T00:14:20.198+0000] {processor.py:925} INFO - DAG(s) 'hello_airflow' retrieved from /opt/airflow/dags/hello_airflow.py
[2026-09-24T00:14:20.248+0000] {logging_mixin.py:190} INFO - [2026-09-24T00:14:20.248+0000] {dag.py:3239} INFO - Sync 1 DAGs
[2026-09-24T00:14:20.271+0000] {logging_mixin.py:190} INFO - [2026-09-24T00:14:20.271+0000] {dag.py:4180} INFO - Setting next_dagrun for hello_airflow to None, run_after=None
[2026-09-24T00:14:20.301+0000] {processor.py:208} INFO - Processing /opt/airflow/dags/hello_airflow.py took 0.142 seconds
[2026-09-24T00:14:50.490+0000] {processor.py:186} INFO - Started process (PID=591) to work on /opt/airflow/dags/hello_airflow.py
[2026-09-24T00:14:50.492+0000] {processor.py:914} INFO - Processing file /opt/airflow/dags/hello_airflow.py for tasks to queue
[2026-09-24T00:14:50.498+0000] {logging_mixin.py:190} INFO - [2026-09-24T00:14:50.497+0000] {dagbag.py:588} INFO - Filling up the DagBag from /opt/airflow/dags/hello_airflow.py
[2026-09-24T00:14:50.526+0000] {processor.py:925} INFO - DAG(s) 'hello_airflow' retrieved from /opt/airflow/dags/hello_airflow.py
[2026-09-24T00:14:50.572+0000] {logging_mixin.py:190} INFO - [2026-09-24T00:14:50.571+0000] {dag.py:3239} INFO - Sync 1 DAGs
[2026-09-24T00:14:50.596+0000] {logging_mixin.py:190} INFO - [2026-09-24T00:14:50.596+0000] {dag.py:4180} INFO - Setting next_dagrun for hello_airflow to None, run_after=None
[2026-09-24T00:14:50.621+0000] {processor.py:208} INFO - Processing /opt/airflow/dags/hello_airflow.py took 0.140 seconds
[2026-09-24T00:15:20.836+0000] {processor.py:186} INFO - Started process (PID=601) to work on /opt/airflow/dags/hello_airflow.py
[2026-09-24T00:15:20.838+0000] {processor.py:914} INFO - Processing file /opt/airflow/dags/hello_airflow.py for tasks to queue
[2026-09-24T00:15:20.845+0000] {logging_mixin.py:190} INFO - [2026-09-24T00:15:20.843+0000] {dagbag.py:588} INFO - Filling up the DagBag from /opt/airflow/dags/hello_airflow.py
[2026-09-24T00:15:20.868+0000] {processor.py:925} INFO - DAG(s) 'hello_airflow' retrieved from /opt/airflow/dags/hello_airflow.py
[2026-09-24T00:15:20.915+0000] {logging_mixin.py:190} INFO - [2026-09-24T00:15:20.914+0000] {dag.py:3239} INFO - Sync 1 DAGs
[2026-09-24T00:15:20.937+0000] {logging_mixin.py:190} INFO - [2026-09-24T00:15:20.936+0000] {dag.py:4180} INFO - Setting next_dagrun for hello_airflow to None, run_after=None
[2026-09-24T00:15:20.971+0000] {processor.py:208} INFO - Processing /opt/airflow/dags/hello_airflow.py took 0.143 seconds
[2026-09-24T00:15:51.147+0000] {processor.py:186} INFO - Started process (PID=611) to work on /opt/airflow/dags/hello_airflow.py
[2026-09-24T00:15:51.149+0000] {processor.py:914} INFO - Processing file /opt/airflow/dags/hello_airflow.py for tasks to queue
[2026-09-24T00:15:51.154+0000] {logging_mixin.py:190} INFO - [2026-09-24T00:15:51.153+0000] {dagbag.py:588} INFO - Filling up the DagBag from /opt/airflow/dags/hello_airflow.py
[2026-09-24T00:15:51.180+0000] {processor.py:925} INFO - DAG(s) 'hello_airflow' retrieved from /opt/airflow/dags/hello_airflow.py
[2026-09-24T00:15:51.226+0000] {logging_mixin.py:190} INFO - [2026-09-24T00:15:51.225+0000] {dag.py:3239} INFO - Sync 1 DAGs
[2026-09-24T00:15:51.251+0000] {logging_mixin.py:190} INFO - [2026-09-24T00:15:51.251+0000] {dag.py:4180} INFO - Setting next_dagrun for hello_airflow to None, run_after=None
[2026-09-24T00:15:51.278+0000] {processor.py:208} INFO - Processing /opt/airflow/dags/hello_airflow.py took 0.142 seconds
[2026-09-24T00:16:21.505+0000] {processor.py:186} INFO - Started process (PID=621) to work on /opt/airflow/dags/hello_airflow.py
[2026-09-24T00:16:21.507+0000] {processor.py:914} INFO - Processing file /opt/airflow/dags/hello_airflow.py for tasks to queue
[2026-09-24T00:16:21.512+0000] {logging_mixin.py:190} INFO - [2026-09-24T00:16:21.512+0000] {dagbag.py:588} INFO - Filling up the DagBag from /opt/airflow/dags/hello_airflow.py
[2026-09-24T00:16:21.538+0000] {processor.py:925} INFO - DAG(s) 'hello_airflow' retrieved from /opt/airflow/dags/hello_airflow.py
[2026-09-24T00:16:21.582+0000] {logging_mixin.py:190} INFO - [2026-09-24T00:16:21.581+0000] {dag.py:3239} INFO - Sync 1 DAGs
[2026-09-24T00:16:21.602+0000] {logging_mixin.py:190} INFO - [2026-09-24T00:16:21.602+0000] {dag.py:4180} INFO - Setting next_dagrun for hello_airflow to None, run_after=None
[2026-09-24T00:16:21.647+0000] {processor.py:208} INFO - Processing /opt/airflow/dags/hello_airflow.py took 0.152 seconds
[2026-09-24T00:16:51.845+0000] {processor.py:186} INFO - Started process (PID=631) to work on /opt/airflow/dags/hello_airflow.py
[2026-09-24T00:16:51.848+0000] {processor.py:914} INFO - Processing file /opt/airflow/dags/hello_airflow.py for tasks to queue
[2026-09-24T00:16:51.852+0000] {logging_mixin.py:190} INFO - [2026-09-24T00:16:51.852+0000] {dagbag.py:588} INFO - Filling up the DagBag from /opt/airflow/dags/hello_airflow.py
[2026-09-24T00:16:51.881+0000] {processor.py:925} INFO - DAG(s) 'hello_airflow' retrieved from /opt/airflow/dags/hello_airflow.py
[2026-09-24T00:16:51.935+0000] {logging_mixin.py:190} INFO - [2026-09-24T00:16:51.935+0000] {dag.py:3239} INFO - Sync 1 DAGs
[2026-09-24T00:16:51.960+0000] {logging_mixin.py:190} INFO - [2026-09-24T00:16:51.960+0000] {dag.py:4180} INFO - Setting next_dagrun for hello_airflow to None, run_after=None
[2026-09-24T00:16:51.989+0000] {processor.py:208} INFO - Processing /opt/airflow/dags/hello_airflow.py took 0.153 seconds
[2026-09-24T00:17:22.315+0000] {processor.py:186} INFO - Started process (PID=641) to work on /opt/airflow/dags/hello_airflow.py
[2026-09-24T00:17:22.317+0000] {processor.py:914} INFO - Processing file /opt/airflow/dags/hello_airflow.py for tasks to queue
[2026-09-24T00:17:22.322+0000] {logging_mixin.py:190} INFO - [2026-09-24T00:17:22.321+0000] {dagbag.py:588} INFO - Filling up the DagBag from /opt/airflow/dags/hello_airflow.py
[2026-09-24T00:17:22.350+0000] {processor.py:925} INFO - DAG(s) 'hello_airflow' retrieved from /opt/airflow/dags/hello_airflow.py
[2026-09-24T00:17:22.396+0000] {logging_mixin.py:190} INFO - [2026-09-24T00:17:22.395+0000] {dag.py:3239} INFO - Sync 1 DAGs
[2026-09-24T00:17:22.418+0000] {logging_mixin.py:190} INFO - [2026-09-24T00:17:22.418+0000] {dag.py:4180} INFO - Setting next_dagrun for hello_airflow to None, run_after=None
[2026-09-24T00:17:22.449+0000] {processor.py:208} INFO - Processing /opt/airflow/dags/hello_airflow.py took 0.142 seconds
[2026-09-24T00:17:52.629+0000] {processor.py:186} INFO - Started process (PID=651) to work on /opt/airflow/dags/hello_airflow.py
[2026-09-24T00:17:52.631+0000] {processor.py:914} INFO - Processing file /opt/airflow/dags/hello_airflow.py for tasks to queue
[2026-09-24T00:17:52.635+0000] {logging_mixin.py:190} INFO - [2026-09-24T00:17:52.635+0000] {dagbag.py:588} INFO - Filling up the DagBag from /opt/airflow/dags/hello_airflow.py
[2026-09-24T00:17:52.659+0000] {processor.py:925} INFO - DAG(s) 'hello_airflow' retrieved from /opt/airflow/dags/hello_airflow.py
[2026-09-24T00:17:52.704+0000] {logging_mixin.py:190} INFO - [2026-09-24T00:17:52.704+0000] {dag.py:3239} INFO - Sync 1 DAGs
[2026-09-24T00:17:52.726+0000] {logging_mixin.py:190} INFO - [2026-09-24T00:17:52.725+0000] {dag.py:4180} INFO - Setting next_dagrun for hello_airflow to None, run_after=None
[2026-09-24T00:17:52.753+0000] {processor.py:208} INFO - Processing /opt/airflow/dags/hello_airflow.py took 0.133 seconds
[2026-09-24T00:18:23.001+0000] {processor.py:186} INFO - Started process (PID=661) to work on /opt/airflow/dags/hello_airflow.py
[2026-09-24T00:18:23.004+0000] {processor.py:914} INFO - Processing file /opt/airflow/dags/hello_airflow.py for tasks to queue
[2026-09-24T00:18:23.007+0000] {logging_mixin.py:190} INFO - [2026-09-24T00:18:23.007+0000] {dagbag.py:588} INFO - Filling up the DagBag from /opt/airflow/dags/hello_airflow.py
[2026-09-24T00:18:23.029+0000] {processor.py:925} INFO - DAG(s) 'hello_airflow' retrieved from /opt/airflow/dags/hello_airflow.py
[2026-09-24T00:18:23.080+0000] {logging_mixin.py:190} INFO - [2026-09-24T00:18:23.079+0000] {dag.py:3239} INFO - Sync 1 DAGs
[2026-09-24T00:18:23.107+0000] {logging_mixin.py:190} INFO - [2026-09-24T00:18:23.107+0000] {dag.py:4180} INFO - Setting next_dagrun for hello_airflow to None, run_after=None
[2026-09-24T00:18:23.149+0000] {processor.py:208} INFO - Processing /opt/airflow/dags/hello_airflow.py took 0.157 seconds
[2026-09-24T00:18:53.370+0000] {processor.py:186} INFO - Started process (PID=666) to work on /opt/airflow/dags/hello_airflow.py
[2026-09-24T00:18:53.372+0000] {processor.py:914} INFO - Processing file /opt/airflow/dags/hello_airflow.py for tasks to queue
[2026-09-24T00:18:53.375+0000] {logging_mixin.py:190} INFO - [2026-09-24T00:18:53.374+0000] {dagbag.py:588} INFO - Filling up the DagBag from /opt/airflow/dags/hello_airflow.py
[2026-09-24T00:18:53.402+0000] {processor.py:925} INFO - DAG(s) 'hello_airflow' retrieved from /opt/airflow/dags/hello_airflow.py
[2026-09-24T00:18:53.456+0000] {logging_mixin.py:190} INFO - [2026-09-24T00:18:53.456+0000] {dag.py:3239} INFO - Sync 1 DAGs
[2026-09-24T00:18:53.481+0000] {logging_mixin.py:190} INFO - [2026-09-24T00:18:53.480+0000] {dag.py:4180} INFO - Setting next_dagrun for hello_airflow to None, run_after=None
[2026-09-24T00:18:53.509+0000] {processor.py:208} INFO - Processing /opt/airflow/dags/hello_airflow.py took 0.148 seconds
[2026-09-24T00:19:23.716+0000] {processor.py:186} INFO - Started process (PID=671) to work on /opt/airflow/dags/hello_airflow.py
[2026-09-24T00:19:23.718+0000] {processor.py:914} INFO - Processing file /opt/airflow/dags/hello_airflow.py for tasks to queue
[2026-09-24T00:19:23.720+0000] {logging_mixin.py:190} INFO - [2026-09-24T00:19:23.720+0000] {dagbag.py:588} INFO - Filling up the DagBag from /opt/airflow/dags/hello_airflow.py
[2026-09-24T00:19:23.752+0000] {processor.py:925} INFO - DAG(s) 'hello_airflow' retrieved from /opt/airflow/dags/hello_airflow.py
[2026-09-24T00:19:23.798+0000] {logging_mixin.py:190} INFO - [2026-09-24T00:19:23.798+0000] {dag.py:3239} INFO - Sync 1 DAGs
[2026-09-24T00:19:23.823+0000] {logging_mixin.py:190} INFO - [2026-09-24T00:19:23.822+0000] {dag.py:4180} INFO - Setting next_dagrun for hello_airflow to None, run_after=None
[2026-09-24T00:19:23.850+0000] {processor.py:208} INFO - Processing /opt/airflow/dags/hello_airflow.py took 0.144 seconds
[2026-09-24T00:19:54.022+0000] {processor.py:186} INFO - Started process (PID=676) to work on /opt/airflow/dags/hello_airflow.py
[2026-09-24T00:19:54.024+0000] {processor.py:914} INFO - Processing file /opt/airflow/dags/hello_airflow.py for tasks to queue
[2026-09-24T00:19:54.026+0000] {logging_mixin.py:190} INFO - [2026-09-24T00:19:54.026+0000] {dagbag.py:588} INFO - Filling up the DagBag from /opt/airflow/dags/hello_airflow.py
[2026-09-24T00:19:54.050+0000] {processor.py:925} INFO - DAG(s) 'hello_airflow' retrieved from /opt/airflow/dags/hello_airflow.py
[2026-09-24T00:19:54.094+0000] {logging_mixin.py:190} INFO - [2026-09-24T00:19:54.094+0000] {dag.py:3239} INFO - Sync 1 DAGs
[2026-09-24T00:19:54.116+0000] {logging_mixin.py:190} INFO - [2026-09-24T00:19:54.116+0000] {dag.py:4180} INFO - Setting next_dagrun for hello_airflow to None, run_after=None
[2026-09-24T00:19:54.141+0000] {processor.py:208} INFO - Processing /opt/airflow/dags/hello_airflow.py took 0.128 seconds
[2026-09-24T00:20:24.367+0000] {processor.py:186} INFO - Started process (PID=681) to work on /opt/airflow/dags/hello_airflow.py
[2026-09-24T00:20:24.370+0000] {processor.py:914} INFO - Processing file /opt/airflow/dags/hello_airflow.py for tasks to queue
[2026-09-24T00:20:24.373+0000] {logging_mixin.py:190} INFO - [2026-09-24T00:20:24.372+0000] {dagbag.py:588} INFO - Filling up the DagBag from /opt/airflow/dags/hello_airflow.py
[2026-09-24T00:20:24.420+0000] {processor.py:925} INFO - DAG(s) 'hello_airflow' retrieved from /opt/airflow/dags/hello_airflow.py
[2026-09-24T00:20:24.466+0000] {logging_mixin.py:190} INFO - [2026-09-24T00:20:24.466+0000] {dag.py:3239} INFO - Sync 1 DAGs
[2026-09-24T00:20:24.492+0000] {logging_mixin.py:190} INFO - [2026-09-24T00:20:24.492+0000] {dag.py:4180} INFO - Setting next_dagrun for hello_airflow to None, run_after=None
[2026-09-24T00:20:24.530+0000] {processor.py:208} INFO - Processing /opt/airflow/dags/hello_airflow.py took 0.173 seconds
[2026-09-24T00:20:54.643+0000] {processor.py:186} INFO - Started process (PID=686) to work on /opt/airflow/dags/hello_airflow.py
[2026-09-24T00:20:54.646+0000] {processor.py:914} INFO - Processing file /opt/airflow/dags/hello_airflow.py for tasks to queue
[2026-09-24T00:20:54.648+0000] {logging_mixin.py:190} INFO - [2026-09-24T00:20:54.647+0000] {dagbag.py:588} INFO - Filling up the DagBag from /opt/airflow/dags/hello_airflow.py
[2026-09-24T00:20:54.673+0000] {processor.py:925} INFO - DAG(s) 'hello_airflow' retrieved from /opt/airflow/dags/hello_airflow.py
[2026-09-24T00:20:54.716+0000] {logging_mixin.py:190} INFO - [2026-09-24T00:20:54.716+0000] {dag.py:3239} INFO - Sync 1 DAGs
[2026-09-24T00:20:54.743+0000] {logging_mixin.py:190} INFO - [2026-09-24T00:20:54.742+0000] {dag.py:4180} INFO - Setting next_dagrun for hello_airflow to None, run_after=None
[2026-09-24T00:20:54.771+0000] {processor.py:208} INFO - Processing /opt/airflow/dags/hello_airflow.py took 0.139 seconds
[2026-09-24T00:21:24.892+0000] {processor.py:186} INFO - Started process (PID=691) to work on /opt/airflow/dags/hello_airflow.py
[2026-09-24T00:21:24.900+0000] {processor.py:914} INFO - Processing file /opt/airflow/dags/hello_airflow.py for tasks to queue
[2026-09-24T00:21:24.902+0000] {logging_mixin.py:190} INFO - [2026-09-24T00:21:24.902+0000] {dagbag.py:588} INFO - Filling up the DagBag from /opt/airflow/dags/hello_airflow.py
[2026-09-24T00:21:24.936+0000] {processor.py:925} INFO - DAG(s) 'hello_airflow' retrieved from /opt/airflow/dags/hello_airflow.py
[2026-09-24T00:21:25.006+0000] {logging_mixin.py:190} INFO - [2026-09-24T00:21:25.006+0000] {dag.py:3239} INFO - Sync 1 DAGs
[2026-09-24T00:21:25.113+0000] {logging_mixin.py:190} INFO - [2026-09-24T00:21:25.112+0000] {dag.py:4180} INFO - Setting next_dagrun for hello_airflow to None, run_after=None
[2026-09-24T00:21:25.144+0000] {processor.py:208} INFO - Processing /opt/airflow/dags/hello_airflow.py took 0.262 seconds
[2026-09-24T00:21:55.448+0000] {processor.py:186} INFO - Started process (PID=696) to work on /opt/airflow/dags/hello_airflow.py
[2026-09-24T00:21:55.450+0000] {processor.py:914} INFO - Processing file /opt/airflow/dags/hello_airflow.py for tasks to queue
[2026-09-24T00:21:55.457+0000] {logging_mixin.py:190} INFO - [2026-09-24T00:21:55.453+0000] {dagbag.py:588} INFO - Filling up the DagBag from /opt/airflow/dags/hello_airflow.py
[2026-09-24T00:21:55.483+0000] {processor.py:925} INFO - DAG(s) 'hello_airflow' retrieved from /opt/airflow/dags/hello_airflow.py
[2026-09-24T00:21:55.536+0000] {logging_mixin.py:190} INFO - [2026-09-24T00:21:55.535+0000] {dag.py:3239} INFO - Sync 1 DAGs
[2026-09-24T00:21:55.558+0000] {logging_mixin.py:190} INFO - [2026-09-24T00:21:55.558+0000] {dag.py:4180} INFO - Setting next_dagrun for hello_airflow to None, run_after=None
[2026-09-24T00:21:55.585+0000] {processor.py:208} INFO - Processing /opt/airflow/dags/hello_airflow.py took 0.145 seconds
[2026-09-24T00:22:25.723+0000] {processor.py:186} INFO - Started process (PID=701) to work on /opt/airflow/dags/hello_airflow.py
[2026-09-24T00:22:25.725+0000] {processor.py:914} INFO - Processing file /opt/airflow/dags/hello_airflow.py for tasks to queue
[2026-09-24T00:22:25.727+0000] {logging_mixin.py:190} INFO - [2026-09-24T00:22:25.727+0000] {dagbag.py:588} INFO - Filling up the DagBag from /opt/airflow/dags/hello_airflow.py
[2026-09-24T00:22:25.751+0000] {processor.py:925} INFO - DAG(s) 'hello_airflow' retrieved from /opt/airflow/dags/hello_airflow.py
[2026-09-24T00:22:25.798+0000] {logging_mixin.py:190} INFO - [2026-09-24T00:22:25.798+0000] {dag.py:3239} INFO - Sync 1 DAGs
[2026-09-24T00:22:25.822+0000] {logging_mixin.py:190} INFO - [2026-09-24T00:22:25.822+0000] {dag.py:4180} INFO - Setting next_dagrun for hello_airflow to None, run_after=None
[2026-09-24T00:22:25.849+0000] {processor.py:208} INFO - Processing /opt/airflow/dags/hello_airflow.py took 0.135 seconds
[2026-09-24T00:22:56.077+0000] {processor.py:186} INFO - Started process (PID=706) to work on /opt/airflow/dags/hello_airflow.py
[2026-09-24T00:22:56.082+0000] {processor.py:914} INFO - Processing file /opt/airflow/dags/hello_airflow.py for tasks to queue
[2026-09-24T00:22:56.085+0000] {logging_mixin.py:190} INFO - [2026-09-24T00:22:56.084+0000] {dagbag.py:588} INFO - Filling up the DagBag from /opt/airflow/dags/hello_airflow.py
[2026-09-24T00:22:56.109+0000] {processor.py:925} INFO - DAG(s) 'hello_airflow' retrieved from /opt/airflow/dags/hello_airflow.py
[2026-09-24T00:22:56.159+0000] {logging_mixin.py:190} INFO - [2026-09-24T00:22:56.159+0000] {dag.py:3239} INFO - Sync 1 DAGs
[2026-09-24T00:22:56.183+0000] {logging_mixin.py:190} INFO - [2026-09-24T00:22:56.183+0000] {dag.py:4180} INFO - Setting next_dagrun for hello_airflow to None, run_after=None
[2026-09-24T00:22:56.210+0000] {processor.py:208} INFO - Processing /opt/airflow/dags/hello_airflow.py took 0.141 seconds
[2026-09-24T00:23:26.456+0000] {processor.py:186} INFO - Started process (PID=711) to work on /opt/airflow/dags/hello_airflow.py
[2026-09-24T00:23:26.458+0000] {processor.py:914} INFO - Processing file /opt/airflow/dags/hello_airflow.py for tasks to queue
[2026-09-24T00:23:26.460+0000] {logging_mixin.py:190} INFO - [2026-09-24T00:23:26.460+0000] {dagbag.py:588} INFO - Filling up the DagBag from /opt/airflow/dags/hello_airflow.py
[2026-09-24T00:23:26.486+0000] {processor.py:925} INFO - DAG(s) 'hello_airflow' retrieved from /opt/airflow/dags/hello_airflow.py
[2026-09-24T00:23:26.537+0000] {logging_mixin.py:190} INFO - [2026-09-24T00:23:26.536+0000] {dag.py:3239} INFO - Sync 1 DAGs
[2026-09-24T00:23:26.562+0000] {logging_mixin.py:190} INFO - [2026-09-24T00:23:26.562+0000] {dag.py:4180} INFO - Setting next_dagrun for hello_airflow to None, run_after=None
[2026-09-24T00:23:26.590+0000] {processor.py:208} INFO - Processing /opt/airflow/dags/hello_airflow.py took 0.142 seconds
[2026-09-24T00:23:56.787+0000] {processor.py:186} INFO - Started process (PID=716) to work on /opt/airflow/dags/hello_airflow.py
[2026-09-24T00:23:56.790+0000] {processor.py:914} INFO - Processing file /opt/airflow/dags/hello_airflow.py for tasks to queue
[2026-09-24T00:23:56.792+0000] {logging_mixin.py:190} INFO - [2026-09-24T00:23:56.792+0000] {dagbag.py:588} INFO - Filling up the DagBag from /opt/airflow/dags/hello_airflow.py
[2026-09-24T00:23:56.820+0000] {processor.py:925} INFO - DAG(s) 'hello_airflow' retrieved from /opt/airflow/dags/hello_airflow.py
[2026-09-24T00:23:56.868+0000] {logging_mixin.py:190} INFO - [2026-09-24T00:23:56.868+0000] {dag.py:3239} INFO - Sync 1 DAGs
[2026-09-24T00:23:56.895+0000] {logging_mixin.py:190} INFO - [2026-09-24T00:23:56.895+0000] {dag.py:4180} INFO - Setting next_dagrun for hello_airflow to None, run_after=None
[2026-09-24T00:23:56.932+0000] {processor.py:208} INFO - Processing /opt/airflow/dags/hello_airflow.py took 0.154 seconds
[2026-09-24T00:24:27.282+0000] {processor.py:186} INFO - Started process (PID=721) to work on /opt/airflow/dags/hello_airflow.py
[2026-09-24T00:24:27.284+0000] {processor.py:914} INFO - Processing file /opt/airflow/dags/hello_airflow.py for tasks to queue
[2026-09-24T00:24:27.287+0000] {logging_mixin.py:190} INFO - [2026-09-24T00:24:27.286+0000] {dagbag.py:588} INFO - Filling up the DagBag from /opt/airflow/dags/hello_airflow.py
[2026-09-24T00:24:27.319+0000] {processor.py:925} INFO - DAG(s) 'hello_airflow' retrieved from /opt/airflow/dags/hello_airflow.py
[2026-09-24T00:24:27.386+0000] {logging_mixin.py:190} INFO - [2026-09-24T00:24:27.386+0000] {dag.py:3239} INFO - Sync 1 DAGs
[2026-09-24T00:24:27.422+0000] {logging_mixin.py:190} INFO - [2026-09-24T00:24:27.422+0000] {dag.py:4180} INFO - Setting next_dagrun for hello_airflow to None, run_after=None
[2026-09-24T00:24:27.454+0000] {processor.py:208} INFO - Processing /opt/airflow/dags/hello_airflow.py took 0.181 seconds
[2026-09-24T00:25:06.355+0000] {processor.py:186} INFO - Started process (PID=164) to work on /opt/airflow/dags/hello_airflow.py
[2026-09-24T00:25:06.357+0000] {processor.py:914} INFO - Processing file /opt/airflow/dags/hello_airflow.py for tasks to queue
[2026-09-24T00:25:06.360+0000] {logging_mixin.py:190} INFO - [2026-09-24T00:25:06.360+0000] {dagbag.py:588} INFO - Filling up the DagBag from /opt/airflow/dags/hello_airflow.py
[2026-09-24T00:25:06.401+0000] {processor.py:925} INFO - DAG(s) 'hello_airflow' retrieved from /opt/airflow/dags/hello_airflow.py
[2026-09-24T00:25:06.469+0000] {logging_mixin.py:190} INFO - [2026-09-24T00:25:06.469+0000] {dag.py:3239} INFO - Sync 1 DAGs
[2026-09-24T00:25:06.496+0000] {logging_mixin.py:190} INFO - [2026-09-24T00:25:06.496+0000] {dag.py:4180} INFO - Setting next_dagrun for hello_airflow to None, run_after=None
[2026-09-24T00:25:06.528+0000] {processor.py:208} INFO - Processing /opt/airflow/dags/hello_airflow.py took 0.182 seconds
[2026-09-24T00:25:36.625+0000] {processor.py:186} INFO - Started process (PID=169) to work on /opt/airflow/dags/hello_airflow.py
[2026-09-24T00:25:36.627+0000] {processor.py:914} INFO - Processing file /opt/airflow/dags/hello_airflow.py for tasks to queue
[2026-09-24T00:25:36.632+0000] {logging_mixin.py:190} INFO - [2026-09-24T00:25:36.632+0000] {dagbag.py:588} INFO - Filling up the DagBag from /opt/airflow/dags/hello_airflow.py
[2026-09-24T00:25:36.659+0000] {processor.py:925} INFO - DAG(s) 'hello_airflow' retrieved from /opt/airflow/dags/hello_airflow.py
[2026-09-24T00:25:36.709+0000] {logging_mixin.py:190} INFO - [2026-09-24T00:25:36.709+0000] {dag.py:3239} INFO - Sync 1 DAGs
[2026-09-24T00:25:36.732+0000] {logging_mixin.py:190} INFO - [2026-09-24T00:25:36.731+0000] {dag.py:4180} INFO - Setting next_dagrun for hello_airflow to None, run_after=None
[2026-09-24T00:25:36.767+0000] {processor.py:208} INFO - Processing /opt/airflow/dags/hello_airflow.py took 0.151 seconds
[2026-09-24T00:26:07.042+0000] {processor.py:186} INFO - Started process (PID=174) to work on /opt/airflow/dags/hello_airflow.py
[2026-09-24T00:26:07.043+0000] {processor.py:914} INFO - Processing file /opt/airflow/dags/hello_airflow.py for tasks to queue
[2026-09-24T00:26:07.052+0000] {logging_mixin.py:190} INFO - [2026-09-24T00:26:07.052+0000] {dagbag.py:588} INFO - Filling up the DagBag from /opt/airflow/dags/hello_airflow.py
[2026-09-24T00:26:07.075+0000] {processor.py:925} INFO - DAG(s) 'hello_airflow' retrieved from /opt/airflow/dags/hello_airflow.py
[2026-09-24T00:26:07.116+0000] {logging_mixin.py:190} INFO - [2026-09-24T00:26:07.115+0000] {dag.py:3239} INFO - Sync 1 DAGs
[2026-09-24T00:26:07.136+0000] {logging_mixin.py:190} INFO - [2026-09-24T00:26:07.136+0000] {dag.py:4180} INFO - Setting next_dagrun for hello_airflow to None, run_after=None
[2026-09-24T00:26:07.162+0000] {processor.py:208} INFO - Processing /opt/airflow/dags/hello_airflow.py took 0.128 seconds
[2026-09-24T00:26:37.294+0000] {processor.py:186} INFO - Started process (PID=179) to work on /opt/airflow/dags/hello_airflow.py
[2026-09-24T00:26:37.296+0000] {processor.py:914} INFO - Processing file /opt/airflow/dags/hello_airflow.py for tasks to queue
[2026-09-24T00:26:37.302+0000] {logging_mixin.py:190} INFO - [2026-09-24T00:26:37.301+0000] {dagbag.py:588} INFO - Filling up the DagBag from /opt/airflow/dags/hello_airflow.py
[2026-09-24T00:26:37.332+0000] {processor.py:925} INFO - DAG(s) 'hello_airflow' retrieved from /opt/airflow/dags/hello_airflow.py
[2026-09-24T00:26:37.378+0000] {logging_mixin.py:190} INFO - [2026-09-24T00:26:37.378+0000] {dag.py:3239} INFO - Sync 1 DAGs
[2026-09-24T00:26:37.401+0000] {logging_mixin.py:190} INFO - [2026-09-24T00:26:37.401+0000] {dag.py:4180} INFO - Setting next_dagrun for hello_airflow to None, run_after=None
[2026-09-24T00:26:37.430+0000] {processor.py:208} INFO - Processing /opt/airflow/dags/hello_airflow.py took 0.145 seconds
[2026-09-24T00:27:07.784+0000] {processor.py:186} INFO - Started process (PID=184) to work on /opt/airflow/dags/hello_airflow.py
[2026-09-24T00:27:07.785+0000] {processor.py:914} INFO - Processing file /opt/airflow/dags/hello_airflow.py for tasks to queue
[2026-09-24T00:27:07.790+0000] {logging_mixin.py:190} INFO - [2026-09-24T00:27:07.789+0000] {dagbag.py:588} INFO - Filling up the DagBag from /opt/airflow/dags/hello_airflow.py
[2026-09-24T00:27:07.814+0000] {processor.py:925} INFO - DAG(s) 'hello_airflow' retrieved from /opt/airflow/dags/hello_airflow.py
[2026-09-24T00:27:07.860+0000] {logging_mixin.py:190} INFO - [2026-09-24T00:27:07.859+0000] {dag.py:3239} INFO - Sync 1 DAGs
[2026-09-24T00:27:07.885+0000] {logging_mixin.py:190} INFO - [2026-09-24T00:27:07.885+0000] {dag.py:4180} INFO - Setting next_dagrun for hello_airflow to None, run_after=None
[2026-09-24T00:27:07.911+0000] {processor.py:208} INFO - Processing /opt/airflow/dags/hello_airflow.py took 0.138 seconds
[2026-09-24T00:27:38.177+0000] {processor.py:186} INFO - Started process (PID=189) to work on /opt/airflow/dags/hello_airflow.py
[2026-09-24T00:27:38.180+0000] {processor.py:914} INFO - Processing file /opt/airflow/dags/hello_airflow.py for tasks to queue
[2026-09-24T00:27:38.184+0000] {logging_mixin.py:190} INFO - [2026-09-24T00:27:38.184+0000] {dagbag.py:588} INFO - Filling up the DagBag from /opt/airflow/dags/hello_airflow.py
[2026-09-24T00:27:38.214+0000] {processor.py:925} INFO - DAG(s) 'hello_airflow' retrieved from /opt/airflow/dags/hello_airflow.py
[2026-09-24T00:27:38.270+0000] {logging_mixin.py:190} INFO - [2026-09-24T00:27:38.269+0000] {dag.py:3239} INFO - Sync 1 DAGs
[2026-09-24T00:27:38.308+0000] {logging_mixin.py:190} INFO - [2026-09-24T00:27:38.307+0000] {dag.py:4180} INFO - Setting next_dagrun for hello_airflow to None, run_after=None
[2026-09-24T00:27:38.339+0000] {processor.py:208} INFO - Processing /opt/airflow/dags/hello_airflow.py took 0.171 seconds
[2026-09-24T00:28:08.559+0000] {processor.py:186} INFO - Started process (PID=194) to work on /opt/airflow/dags/hello_airflow.py
[2026-09-24T00:28:08.560+0000] {processor.py:914} INFO - Processing file /opt/airflow/dags/hello_airflow.py for tasks to queue
[2026-09-24T00:28:08.565+0000] {logging_mixin.py:190} INFO - [2026-09-24T00:28:08.564+0000] {dagbag.py:588} INFO - Filling up the DagBag from /opt/airflow/dags/hello_airflow.py
[2026-09-24T00:28:08.589+0000] {processor.py:925} INFO - DAG(s) 'hello_airflow' retrieved from /opt/airflow/dags/hello_airflow.py
[2026-09-24T00:28:08.641+0000] {logging_mixin.py:190} INFO - [2026-09-24T00:28:08.641+0000] {dag.py:3239} INFO - Sync 1 DAGs
[2026-09-24T00:28:08.667+0000] {logging_mixin.py:190} INFO - [2026-09-24T00:28:08.667+0000] {dag.py:4180} INFO - Setting next_dagrun for hello_airflow to None, run_after=None
[2026-09-24T00:28:08.706+0000] {processor.py:208} INFO - Processing /opt/airflow/dags/hello_airflow.py took 0.160 seconds
[2026-09-24T00:28:39.026+0000] {processor.py:186} INFO - Started process (PID=199) to work on /opt/airflow/dags/hello_airflow.py
[2026-09-24T00:28:39.027+0000] {processor.py:914} INFO - Processing file /opt/airflow/dags/hello_airflow.py for tasks to queue
[2026-09-24T00:28:39.035+0000] {logging_mixin.py:190} INFO - [2026-09-24T00:28:39.031+0000] {dagbag.py:588} INFO - Filling up the DagBag from /opt/airflow/dags/hello_airflow.py
[2026-09-24T00:28:39.063+0000] {processor.py:925} INFO - DAG(s) 'hello_airflow' retrieved from /opt/airflow/dags/hello_airflow.py
[2026-09-24T00:28:39.106+0000] {logging_mixin.py:190} INFO - [2026-09-24T00:28:39.105+0000] {dag.py:3239} INFO - Sync 1 DAGs
[2026-09-24T00:28:39.200+0000] {logging_mixin.py:190} INFO - [2026-09-24T00:28:39.200+0000] {dag.py:4180} INFO - Setting next_dagrun for hello_airflow to None, run_after=None
[2026-09-24T00:28:39.251+0000] {processor.py:208} INFO - Processing /opt/airflow/dags/hello_airflow.py took 0.234 seconds
[2026-09-24T00:29:09.434+0000] {processor.py:186} INFO - Started process (PID=204) to work on /opt/airflow/dags/hello_airflow.py
[2026-09-24T00:29:09.436+0000] {processor.py:914} INFO - Processing file /opt/airflow/dags/hello_airflow.py for tasks to queue
[2026-09-24T00:29:09.440+0000] {logging_mixin.py:190} INFO - [2026-09-24T00:29:09.439+0000] {dagbag.py:588} INFO - Filling up the DagBag from /opt/airflow/dags/hello_airflow.py
[2026-09-24T00:29:09.468+0000] {processor.py:925} INFO - DAG(s) 'hello_airflow' retrieved from /opt/airflow/dags/hello_airflow.py
[2026-09-24T00:29:09.516+0000] {logging_mixin.py:190} INFO - [2026-09-24T00:29:09.516+0000] {dag.py:3239} INFO - Sync 1 DAGs
[2026-09-24T00:29:09.540+0000] {logging_mixin.py:190} INFO - [2026-09-24T00:29:09.539+0000] {dag.py:4180} INFO - Setting next_dagrun for hello_airflow to None, run_after=None
[2026-09-24T00:29:09.567+0000] {processor.py:208} INFO - Processing /opt/airflow/dags/hello_airflow.py took 0.143 seconds
[2026-09-24T00:29:39.900+0000] {processor.py:186} INFO - Started process (PID=209) to work on /opt/airflow/dags/hello_airflow.py
[2026-09-24T00:29:39.901+0000] {processor.py:914} INFO - Processing file /opt/airflow/dags/hello_airflow.py for tasks to queue
[2026-09-24T00:29:39.906+0000] {logging_mixin.py:190} INFO - [2026-09-24T00:29:39.905+0000] {dagbag.py:588} INFO - Filling up the DagBag from /opt/airflow/dags/hello_airflow.py
[2026-09-24T00:29:39.942+0000] {processor.py:925} INFO - DAG(s) 'hello_airflow' retrieved from /opt/airflow/dags/hello_airflow.py
[2026-09-24T00:29:39.983+0000] {logging_mixin.py:190} INFO - [2026-09-24T00:29:39.983+0000] {dag.py:3239} INFO - Sync 1 DAGs
[2026-09-24T00:29:40.005+0000] {logging_mixin.py:190} INFO - [2026-09-24T00:29:40.005+0000] {dag.py:4180} INFO - Setting next_dagrun for hello_airflow to None, run_after=None
[2026-09-24T00:29:40.031+0000] {processor.py:208} INFO - Processing /opt/airflow/dags/hello_airflow.py took 0.140 seconds
[2026-09-24T00:30:10.307+0000] {processor.py:186} INFO - Started process (PID=219) to work on /opt/airflow/dags/hello_airflow.py
[2026-09-24T00:30:10.309+0000] {processor.py:914} INFO - Processing file /opt/airflow/dags/hello_airflow.py for tasks to queue
[2026-09-24T00:30:10.316+0000] {logging_mixin.py:190} INFO - [2026-09-24T00:30:10.315+0000] {dagbag.py:588} INFO - Filling up the DagBag from /opt/airflow/dags/hello_airflow.py
[2026-09-24T00:30:10.356+0000] {processor.py:925} INFO - DAG(s) 'hello_airflow' retrieved from /opt/airflow/dags/hello_airflow.py
[2026-09-24T00:30:10.407+0000] {logging_mixin.py:190} INFO - [2026-09-24T00:30:10.406+0000] {dag.py:3239} INFO - Sync 1 DAGs
[2026-09-24T00:30:10.432+0000] {logging_mixin.py:190} INFO - [2026-09-24T00:30:10.432+0000] {dag.py:4180} INFO - Setting next_dagrun for hello_airflow to None, run_after=None
[2026-09-24T00:30:10.466+0000] {processor.py:208} INFO - Processing /opt/airflow/dags/hello_airflow.py took 0.170 seconds
[2026-09-24T00:30:40.979+0000] {processor.py:186} INFO - Started process (PID=233) to work on /opt/airflow/dags/hello_airflow.py
[2026-09-24T00:30:40.982+0000] {processor.py:914} INFO - Processing file /opt/airflow/dags/hello_airflow.py for tasks to queue
[2026-09-24T00:30:40.986+0000] {logging_mixin.py:190} INFO - [2026-09-24T00:30:40.986+0000] {dagbag.py:588} INFO - Filling up the DagBag from /opt/airflow/dags/hello_airflow.py
[2026-09-24T00:30:41.011+0000] {processor.py:925} INFO - DAG(s) 'hello_airflow' retrieved from /opt/airflow/dags/hello_airflow.py
[2026-09-24T00:30:41.056+0000] {logging_mixin.py:190} INFO - [2026-09-24T00:30:41.055+0000] {dag.py:3239} INFO - Sync 1 DAGs
[2026-09-24T00:30:41.079+0000] {logging_mixin.py:190} INFO - [2026-09-24T00:30:41.079+0000] {dag.py:4180} INFO - Setting next_dagrun for hello_airflow to None, run_after=None
[2026-09-24T00:30:41.109+0000] {processor.py:208} INFO - Processing /opt/airflow/dags/hello_airflow.py took 0.139 seconds
[2026-09-24T00:31:11.677+0000] {processor.py:186} INFO - Started process (PID=243) to work on /opt/airflow/dags/hello_airflow.py
[2026-09-24T00:31:11.678+0000] {processor.py:914} INFO - Processing file /opt/airflow/dags/hello_airflow.py for tasks to queue
[2026-09-24T00:31:11.682+0000] {logging_mixin.py:190} INFO - [2026-09-24T00:31:11.682+0000] {dagbag.py:588} INFO - Filling up the DagBag from /opt/airflow/dags/hello_airflow.py
[2026-09-24T00:31:11.716+0000] {processor.py:925} INFO - DAG(s) 'hello_airflow' retrieved from /opt/airflow/dags/hello_airflow.py
[2026-09-24T00:31:11.760+0000] {logging_mixin.py:190} INFO - [2026-09-24T00:31:11.759+0000] {dag.py:3239} INFO - Sync 1 DAGs
[2026-09-24T00:31:11.785+0000] {logging_mixin.py:190} INFO - [2026-09-24T00:31:11.784+0000] {dag.py:4180} INFO - Setting next_dagrun for hello_airflow to None, run_after=None
[2026-09-24T00:31:11.812+0000] {processor.py:208} INFO - Processing /opt/airflow/dags/hello_airflow.py took 0.144 seconds
[2026-09-24T00:31:42.024+0000] {processor.py:186} INFO - Started process (PID=253) to work on /opt/airflow/dags/hello_airflow.py
[2026-09-24T00:31:42.026+0000] {processor.py:914} INFO - Processing file /opt/airflow/dags/hello_airflow.py for tasks to queue
[2026-09-24T00:31:42.030+0000] {logging_mixin.py:190} INFO - [2026-09-24T00:31:42.029+0000] {dagbag.py:588} INFO - Filling up the DagBag from /opt/airflow/dags/hello_airflow.py
[2026-09-24T00:31:42.054+0000] {processor.py:925} INFO - DAG(s) 'hello_airflow' retrieved from /opt/airflow/dags/hello_airflow.py
[2026-09-24T00:31:42.102+0000] {logging_mixin.py:190} INFO - [2026-09-24T00:31:42.102+0000] {dag.py:3239} INFO - Sync 1 DAGs
[2026-09-24T00:31:42.124+0000] {logging_mixin.py:190} INFO - [2026-09-24T00:31:42.124+0000] {dag.py:4180} INFO - Setting next_dagrun for hello_airflow to None, run_after=None
[2026-09-24T00:31:42.152+0000] {processor.py:208} INFO - Processing /opt/airflow/dags/hello_airflow.py took 0.137 seconds
[2026-09-24T00:32:12.999+0000] {processor.py:186} INFO - Started process (PID=268) to work on /opt/airflow/dags/hello_airflow.py
[2026-09-24T00:32:13.001+0000] {processor.py:914} INFO - Processing file /opt/airflow/dags/hello_airflow.py for tasks to queue
[2026-09-24T00:32:13.006+0000] {logging_mixin.py:190} INFO - [2026-09-24T00:32:13.005+0000] {dagbag.py:588} INFO - Filling up the DagBag from /opt/airflow/dags/hello_airflow.py
[2026-09-24T00:32:13.035+0000] {processor.py:925} INFO - DAG(s) 'hello_airflow' retrieved from /opt/airflow/dags/hello_airflow.py
[2026-09-24T00:32:13.084+0000] {logging_mixin.py:190} INFO - [2026-09-24T00:32:13.083+0000] {dag.py:3239} INFO - Sync 1 DAGs
[2026-09-24T00:32:13.107+0000] {logging_mixin.py:190} INFO - [2026-09-24T00:32:13.107+0000] {dag.py:4180} INFO - Setting next_dagrun for hello_airflow to None, run_after=None
[2026-09-24T00:32:13.135+0000] {processor.py:208} INFO - Processing /opt/airflow/dags/hello_airflow.py took 0.145 seconds
[2026-09-24T00:32:43.458+0000] {processor.py:186} INFO - Started process (PID=282) to work on /opt/airflow/dags/hello_airflow.py
[2026-09-24T00:32:43.460+0000] {processor.py:914} INFO - Processing file /opt/airflow/dags/hello_airflow.py for tasks to queue
[2026-09-24T00:32:43.464+0000] {logging_mixin.py:190} INFO - [2026-09-24T00:32:43.464+0000] {dagbag.py:588} INFO - Filling up the DagBag from /opt/airflow/dags/hello_airflow.py
[2026-09-24T00:32:43.490+0000] {processor.py:925} INFO - DAG(s) 'hello_airflow' retrieved from /opt/airflow/dags/hello_airflow.py
[2026-09-24T00:32:43.535+0000] {logging_mixin.py:190} INFO - [2026-09-24T00:32:43.534+0000] {dag.py:3239} INFO - Sync 1 DAGs
[2026-09-24T00:32:43.558+0000] {logging_mixin.py:190} INFO - [2026-09-24T00:32:43.557+0000] {dag.py:4180} INFO - Setting next_dagrun for hello_airflow to None, run_after=None
[2026-09-24T00:32:43.585+0000] {processor.py:208} INFO - Processing /opt/airflow/dags/hello_airflow.py took 0.141 seconds
[2026-09-24T00:33:13.983+0000] {processor.py:186} INFO - Started process (PID=296) to work on /opt/airflow/dags/hello_airflow.py
[2026-09-24T00:33:13.984+0000] {processor.py:914} INFO - Processing file /opt/airflow/dags/hello_airflow.py for tasks to queue
[2026-09-24T00:33:13.990+0000] {logging_mixin.py:190} INFO - [2026-09-24T00:33:13.989+0000] {dagbag.py:588} INFO - Filling up the DagBag from /opt/airflow/dags/hello_airflow.py
[2026-09-24T00:33:14.013+0000] {processor.py:925} INFO - DAG(s) 'hello_airflow' retrieved from /opt/airflow/dags/hello_airflow.py
[2026-09-24T00:33:14.062+0000] {logging_mixin.py:190} INFO - [2026-09-24T00:33:14.061+0000] {dag.py:3239} INFO - Sync 1 DAGs
[2026-09-24T00:33:14.085+0000] {logging_mixin.py:190} INFO - [2026-09-24T00:33:14.084+0000] {dag.py:4180} INFO - Setting next_dagrun for hello_airflow to None, run_after=None
[2026-09-24T00:33:14.114+0000] {processor.py:208} INFO - Processing /opt/airflow/dags/hello_airflow.py took 0.140 seconds
[2026-09-24T00:33:44.474+0000] {processor.py:186} INFO - Started process (PID=306) to work on /opt/airflow/dags/hello_airflow.py
[2026-09-24T00:33:44.476+0000] {processor.py:914} INFO - Processing file /opt/airflow/dags/hello_airflow.py for tasks to queue
[2026-09-24T00:33:44.485+0000] {logging_mixin.py:190} INFO - [2026-09-24T00:33:44.480+0000] {dagbag.py:588} INFO - Filling up the DagBag from /opt/airflow/dags/hello_airflow.py
[2026-09-24T00:33:44.512+0000] {processor.py:925} INFO - DAG(s) 'hello_airflow' retrieved from /opt/airflow/dags/hello_airflow.py
[2026-09-24T00:33:44.565+0000] {logging_mixin.py:190} INFO - [2026-09-24T00:33:44.565+0000] {dag.py:3239} INFO - Sync 1 DAGs
[2026-09-24T00:33:44.588+0000] {logging_mixin.py:190} INFO - [2026-09-24T00:33:44.588+0000] {dag.py:4180} INFO - Setting next_dagrun for hello_airflow to None, run_after=None
[2026-09-24T00:33:44.616+0000] {processor.py:208} INFO - Processing /opt/airflow/dags/hello_airflow.py took 0.153 seconds
[2026-09-24T00:34:14.992+0000] {processor.py:186} INFO - Started process (PID=316) to work on /opt/airflow/dags/hello_airflow.py
[2026-09-24T00:34:14.994+0000] {processor.py:914} INFO - Processing file /opt/airflow/dags/hello_airflow.py for tasks to queue
[2026-09-24T00:34:14.999+0000] {logging_mixin.py:190} INFO - [2026-09-24T00:34:14.998+0000] {dagbag.py:588} INFO - Filling up the DagBag from /opt/airflow/dags/hello_airflow.py
[2026-09-24T00:34:15.023+0000] {processor.py:925} INFO - DAG(s) 'hello_airflow' retrieved from /opt/airflow/dags/hello_airflow.py
[2026-09-24T00:34:15.073+0000] {logging_mixin.py:190} INFO - [2026-09-24T00:34:15.073+0000] {dag.py:3239} INFO - Sync 1 DAGs
[2026-09-24T00:34:15.102+0000] {logging_mixin.py:190} INFO - [2026-09-24T00:34:15.102+0000] {dag.py:4180} INFO - Setting next_dagrun for hello_airflow to None, run_after=None
[2026-09-24T00:34:15.133+0000] {processor.py:208} INFO - Processing /opt/airflow/dags/hello_airflow.py took 0.150 seconds
[2026-09-24T00:34:56.082+0000] {processor.py:186} INFO - Started process (PID=166) to work on /opt/airflow/dags/hello_airflow.py
[2026-09-24T00:34:56.084+0000] {processor.py:914} INFO - Processing file /opt/airflow/dags/hello_airflow.py for tasks to queue
[2026-09-24T00:34:56.087+0000] {logging_mixin.py:190} INFO - [2026-09-24T00:34:56.086+0000] {dagbag.py:588} INFO - Filling up the DagBag from /opt/airflow/dags/hello_airflow.py
[2026-09-24T00:34:56.162+0000] {processor.py:925} INFO - DAG(s) 'hello_airflow' retrieved from /opt/airflow/dags/hello_airflow.py
[2026-09-24T00:34:56.245+0000] {logging_mixin.py:190} INFO - [2026-09-24T00:34:56.245+0000] {dag.py:3239} INFO - Sync 1 DAGs
[2026-09-24T00:34:56.640+0000] {logging_mixin.py:190} INFO - [2026-09-24T00:34:56.640+0000] {dag.py:4180} INFO - Setting next_dagrun for hello_airflow to None, run_after=None
[2026-09-24T00:34:56.704+0000] {processor.py:208} INFO - Processing /opt/airflow/dags/hello_airflow.py took 0.635 seconds
[2026-09-24T00:35:27.039+0000] {processor.py:186} INFO - Started process (PID=176) to work on /opt/airflow/dags/hello_airflow.py
[2026-09-24T00:35:27.042+0000] {processor.py:914} INFO - Processing file /opt/airflow/dags/hello_airflow.py for tasks to queue
[2026-09-24T00:35:27.048+0000] {logging_mixin.py:190} INFO - [2026-09-24T00:35:27.047+0000] {dagbag.py:588} INFO - Filling up the DagBag from /opt/airflow/dags/hello_airflow.py
[2026-09-24T00:35:27.077+0000] {processor.py:925} INFO - DAG(s) 'hello_airflow' retrieved from /opt/airflow/dags/hello_airflow.py
[2026-09-24T00:35:27.164+0000] {logging_mixin.py:190} INFO - [2026-09-24T00:35:27.164+0000] {dag.py:3239} INFO - Sync 1 DAGs
[2026-09-24T00:35:27.191+0000] {logging_mixin.py:190} INFO - [2026-09-24T00:35:27.191+0000] {dag.py:4180} INFO - Setting next_dagrun for hello_airflow to None, run_after=None
[2026-09-24T00:35:27.227+0000] {processor.py:208} INFO - Processing /opt/airflow/dags/hello_airflow.py took 0.199 seconds
[2026-09-24T00:35:57.630+0000] {processor.py:186} INFO - Started process (PID=190) to work on /opt/airflow/dags/hello_airflow.py
[2026-09-24T00:35:57.632+0000] {processor.py:914} INFO - Processing file /opt/airflow/dags/hello_airflow.py for tasks to queue
[2026-09-24T00:35:57.644+0000] {logging_mixin.py:190} INFO - [2026-09-24T00:35:57.643+0000] {dagbag.py:588} INFO - Filling up the DagBag from /opt/airflow/dags/hello_airflow.py
[2026-09-24T00:35:57.667+0000] {processor.py:925} INFO - DAG(s) 'hello_airflow' retrieved from /opt/airflow/dags/hello_airflow.py
[2026-09-24T00:35:57.716+0000] {logging_mixin.py:190} INFO - [2026-09-24T00:35:57.715+0000] {dag.py:3239} INFO - Sync 1 DAGs
[2026-09-24T00:35:57.739+0000] {logging_mixin.py:190} INFO - [2026-09-24T00:35:57.739+0000] {dag.py:4180} INFO - Setting next_dagrun for hello_airflow to None, run_after=None
[2026-09-24T00:35:57.784+0000] {processor.py:208} INFO - Processing /opt/airflow/dags/hello_airflow.py took 0.164 seconds
[2026-09-24T00:36:28.196+0000] {processor.py:186} INFO - Started process (PID=200) to work on /opt/airflow/dags/hello_airflow.py
[2026-09-24T00:36:28.198+0000] {processor.py:914} INFO - Processing file /opt/airflow/dags/hello_airflow.py for tasks to queue
[2026-09-24T00:36:28.202+0000] {logging_mixin.py:190} INFO - [2026-09-24T00:36:28.201+0000] {dagbag.py:588} INFO - Filling up the DagBag from /opt/airflow/dags/hello_airflow.py
[2026-09-24T00:36:28.227+0000] {processor.py:925} INFO - DAG(s) 'hello_airflow' retrieved from /opt/airflow/dags/hello_airflow.py
[2026-09-24T00:36:28.278+0000] {logging_mixin.py:190} INFO - [2026-09-24T00:36:28.277+0000] {dag.py:3239} INFO - Sync 1 DAGs
[2026-09-24T00:36:28.302+0000] {logging_mixin.py:190} INFO - [2026-09-24T00:36:28.301+0000] {dag.py:4180} INFO - Setting next_dagrun for hello_airflow to None, run_after=None
[2026-09-24T00:36:28.329+0000] {processor.py:208} INFO - Processing /opt/airflow/dags/hello_airflow.py took 0.144 seconds
[2026-09-24T00:36:59.019+0000] {processor.py:186} INFO - Started process (PID=222) to work on /opt/airflow/dags/hello_airflow.py
[2026-09-24T00:36:59.021+0000] {processor.py:914} INFO - Processing file /opt/airflow/dags/hello_airflow.py for tasks to queue
[2026-09-24T00:36:59.025+0000] {logging_mixin.py:190} INFO - [2026-09-24T00:36:59.025+0000] {dagbag.py:588} INFO - Filling up the DagBag from /opt/airflow/dags/hello_airflow.py
[2026-09-24T00:36:59.049+0000] {processor.py:925} INFO - DAG(s) 'hello_airflow' retrieved from /opt/airflow/dags/hello_airflow.py
[2026-09-24T00:36:59.095+0000] {logging_mixin.py:190} INFO - [2026-09-24T00:36:59.094+0000] {dag.py:3239} INFO - Sync 1 DAGs
[2026-09-24T00:36:59.117+0000] {logging_mixin.py:190} INFO - [2026-09-24T00:36:59.117+0000] {dag.py:4180} INFO - Setting next_dagrun for hello_airflow to None, run_after=None
[2026-09-24T00:36:59.146+0000] {processor.py:208} INFO - Processing /opt/airflow/dags/hello_airflow.py took 0.135 seconds
[2026-09-24T00:37:29.509+0000] {processor.py:186} INFO - Started process (PID=236) to work on /opt/airflow/dags/hello_airflow.py
[2026-09-24T00:37:29.511+0000] {processor.py:914} INFO - Processing file /opt/airflow/dags/hello_airflow.py for tasks to queue
[2026-09-24T00:37:29.516+0000] {logging_mixin.py:190} INFO - [2026-09-24T00:37:29.515+0000] {dagbag.py:588} INFO - Filling up the DagBag from /opt/airflow/dags/hello_airflow.py
[2026-09-24T00:37:29.549+0000] {processor.py:925} INFO - DAG(s) 'hello_airflow' retrieved from /opt/airflow/dags/hello_airflow.py
[2026-09-24T00:37:29.599+0000] {logging_mixin.py:190} INFO - [2026-09-24T00:37:29.599+0000] {dag.py:3239} INFO - Sync 1 DAGs
[2026-09-24T00:37:29.624+0000] {logging_mixin.py:190} INFO - [2026-09-24T00:37:29.623+0000] {dag.py:4180} INFO - Setting next_dagrun for hello_airflow to None, run_after=None
[2026-09-24T00:37:29.651+0000] {processor.py:208} INFO - Processing /opt/airflow/dags/hello_airflow.py took 0.151 seconds
[2026-09-24T00:38:00.225+0000] {processor.py:186} INFO - Started process (PID=246) to work on /opt/airflow/dags/hello_airflow.py
[2026-09-24T00:38:00.229+0000] {processor.py:914} INFO - Processing file /opt/airflow/dags/hello_airflow.py for tasks to queue
[2026-09-24T00:38:00.238+0000] {logging_mixin.py:190} INFO - [2026-09-24T00:38:00.238+0000] {dagbag.py:588} INFO - Filling up the DagBag from /opt/airflow/dags/hello_airflow.py
[2026-09-24T00:38:00.272+0000] {processor.py:925} INFO - DAG(s) 'hello_airflow' retrieved from /opt/airflow/dags/hello_airflow.py
[2026-09-24T00:38:00.323+0000] {logging_mixin.py:190} INFO - [2026-09-24T00:38:00.322+0000] {dag.py:3239} INFO - Sync 1 DAGs
[2026-09-24T00:38:00.347+0000] {logging_mixin.py:190} INFO - [2026-09-24T00:38:00.347+0000] {dag.py:4180} INFO - Setting next_dagrun for hello_airflow to None, run_after=None
[2026-09-24T00:38:00.393+0000] {processor.py:208} INFO - Processing /opt/airflow/dags/hello_airflow.py took 0.177 seconds
[2026-09-24T00:38:30.873+0000] {processor.py:186} INFO - Started process (PID=260) to work on /opt/airflow/dags/hello_airflow.py
[2026-09-24T00:38:30.875+0000] {processor.py:914} INFO - Processing file /opt/airflow/dags/hello_airflow.py for tasks to queue
[2026-09-24T00:38:30.879+0000] {logging_mixin.py:190} INFO - [2026-09-24T00:38:30.879+0000] {dagbag.py:588} INFO - Filling up the DagBag from /opt/airflow/dags/hello_airflow.py
[2026-09-24T00:38:30.904+0000] {processor.py:925} INFO - DAG(s) 'hello_airflow' retrieved from /opt/airflow/dags/hello_airflow.py
[2026-09-24T00:38:30.950+0000] {logging_mixin.py:190} INFO - [2026-09-24T00:38:30.950+0000] {dag.py:3239} INFO - Sync 1 DAGs
[2026-09-24T00:38:30.983+0000] {logging_mixin.py:190} INFO - [2026-09-24T00:38:30.983+0000] {dag.py:4180} INFO - Setting next_dagrun for hello_airflow to None, run_after=None
[2026-09-24T00:38:31.011+0000] {processor.py:208} INFO - Processing /opt/airflow/dags/hello_airflow.py took 0.148 seconds
[2026-09-24T00:39:01.331+0000] {processor.py:186} INFO - Started process (PID=270) to work on /opt/airflow/dags/hello_airflow.py
[2026-09-24T00:39:01.333+0000] {processor.py:914} INFO - Processing file /opt/airflow/dags/hello_airflow.py for tasks to queue
[2026-09-24T00:39:01.337+0000] {logging_mixin.py:190} INFO - [2026-09-24T00:39:01.337+0000] {dagbag.py:588} INFO - Filling up the DagBag from /opt/airflow/dags/hello_airflow.py
[2026-09-24T00:39:01.360+0000] {processor.py:925} INFO - DAG(s) 'hello_airflow' retrieved from /opt/airflow/dags/hello_airflow.py
[2026-09-24T00:39:01.411+0000] {logging_mixin.py:190} INFO - [2026-09-24T00:39:01.411+0000] {dag.py:3239} INFO - Sync 1 DAGs
[2026-09-24T00:39:01.432+0000] {logging_mixin.py:190} INFO - [2026-09-24T00:39:01.432+0000] {dag.py:4180} INFO - Setting next_dagrun for hello_airflow to None, run_after=None
[2026-09-24T00:39:01.457+0000] {processor.py:208} INFO - Processing /opt/airflow/dags/hello_airflow.py took 0.136 seconds
[2026-09-24T00:39:31.862+0000] {processor.py:186} INFO - Started process (PID=285) to work on /opt/airflow/dags/hello_airflow.py
[2026-09-24T00:39:31.864+0000] {processor.py:914} INFO - Processing file /opt/airflow/dags/hello_airflow.py for tasks to queue
[2026-09-24T00:39:31.868+0000] {logging_mixin.py:190} INFO - [2026-09-24T00:39:31.868+0000] {dagbag.py:588} INFO - Filling up the DagBag from /opt/airflow/dags/hello_airflow.py
[2026-09-24T00:39:31.891+0000] {processor.py:925} INFO - DAG(s) 'hello_airflow' retrieved from /opt/airflow/dags/hello_airflow.py
[2026-09-24T00:39:31.934+0000] {logging_mixin.py:190} INFO - [2026-09-24T00:39:31.934+0000] {dag.py:3239} INFO - Sync 1 DAGs
[2026-09-24T00:39:31.965+0000] {logging_mixin.py:190} INFO - [2026-09-24T00:39:31.965+0000] {dag.py:4180} INFO - Setting next_dagrun for hello_airflow to None, run_after=None
[2026-09-24T00:39:31.994+0000] {processor.py:208} INFO - Processing /opt/airflow/dags/hello_airflow.py took 0.141 seconds
[2026-09-24T00:40:02.354+0000] {processor.py:186} INFO - Started process (PID=299) to work on /opt/airflow/dags/hello_airflow.py
[2026-09-24T00:40:02.356+0000] {processor.py:914} INFO - Processing file /opt/airflow/dags/hello_airflow.py for tasks to queue
[2026-09-24T00:40:02.360+0000] {logging_mixin.py:190} INFO - [2026-09-24T00:40:02.359+0000] {dagbag.py:588} INFO - Filling up the DagBag from /opt/airflow/dags/hello_airflow.py
[2026-09-24T00:40:02.382+0000] {processor.py:925} INFO - DAG(s) 'hello_airflow' retrieved from /opt/airflow/dags/hello_airflow.py
[2026-09-24T00:40:02.421+0000] {logging_mixin.py:190} INFO - [2026-09-24T00:40:02.421+0000] {dag.py:3239} INFO - Sync 1 DAGs
[2026-09-24T00:40:02.441+0000] {logging_mixin.py:190} INFO - [2026-09-24T00:40:02.441+0000] {dag.py:4180} INFO - Setting next_dagrun for hello_airflow to None, run_after=None
[2026-09-24T00:40:02.467+0000] {processor.py:208} INFO - Processing /opt/airflow/dags/hello_airflow.py took 0.120 seconds
[2026-09-24T00:40:32.851+0000] {processor.py:186} INFO - Started process (PID=309) to work on /opt/airflow/dags/hello_airflow.py
[2026-09-24T00:40:32.853+0000] {processor.py:914} INFO - Processing file /opt/airflow/dags/hello_airflow.py for tasks to queue
[2026-09-24T00:40:32.858+0000] {logging_mixin.py:190} INFO - [2026-09-24T00:40:32.857+0000] {dagbag.py:588} INFO - Filling up the DagBag from /opt/airflow/dags/hello_airflow.py
[2026-09-24T00:40:32.877+0000] {processor.py:925} INFO - DAG(s) 'hello_airflow' retrieved from /opt/airflow/dags/hello_airflow.py
[2026-09-24T00:40:32.915+0000] {logging_mixin.py:190} INFO - [2026-09-24T00:40:32.914+0000] {dag.py:3239} INFO - Sync 1 DAGs
[2026-09-24T00:40:32.935+0000] {logging_mixin.py:190} INFO - [2026-09-24T00:40:32.935+0000] {dag.py:4180} INFO - Setting next_dagrun for hello_airflow to None, run_after=None
[2026-09-24T00:40:32.959+0000] {processor.py:208} INFO - Processing /opt/airflow/dags/hello_airflow.py took 0.119 seconds
[2026-09-24T00:41:03.250+0000] {processor.py:186} INFO - Started process (PID=319) to work on /opt/airflow/dags/hello_airflow.py
[2026-09-24T00:41:03.252+0000] {processor.py:914} INFO - Processing file /opt/airflow/dags/hello_airflow.py for tasks to queue
[2026-09-24T00:41:03.256+0000] {logging_mixin.py:190} INFO - [2026-09-24T00:41:03.255+0000] {dagbag.py:588} INFO - Filling up the DagBag from /opt/airflow/dags/hello_airflow.py
[2026-09-24T00:41:03.279+0000] {processor.py:925} INFO - DAG(s) 'hello_airflow' retrieved from /opt/airflow/dags/hello_airflow.py
[2026-09-24T00:41:03.324+0000] {logging_mixin.py:190} INFO - [2026-09-24T00:41:03.324+0000] {dag.py:3239} INFO - Sync 1 DAGs
[2026-09-24T00:41:03.346+0000] {logging_mixin.py:190} INFO - [2026-09-24T00:41:03.346+0000] {dag.py:4180} INFO - Setting next_dagrun for hello_airflow to None, run_after=None
[2026-09-24T00:41:03.372+0000] {processor.py:208} INFO - Processing /opt/airflow/dags/hello_airflow.py took 0.132 seconds
[2026-09-24T00:41:33.647+0000] {processor.py:186} INFO - Started process (PID=329) to work on /opt/airflow/dags/hello_airflow.py
[2026-09-24T00:41:33.649+0000] {processor.py:914} INFO - Processing file /opt/airflow/dags/hello_airflow.py for tasks to queue
[2026-09-24T00:41:33.653+0000] {logging_mixin.py:190} INFO - [2026-09-24T00:41:33.653+0000] {dagbag.py:588} INFO - Filling up the DagBag from /opt/airflow/dags/hello_airflow.py
[2026-09-24T00:41:33.676+0000] {processor.py:925} INFO - DAG(s) 'hello_airflow' retrieved from /opt/airflow/dags/hello_airflow.py
[2026-09-24T00:41:33.721+0000] {logging_mixin.py:190} INFO - [2026-09-24T00:41:33.720+0000] {dag.py:3239} INFO - Sync 1 DAGs
[2026-09-24T00:41:33.742+0000] {logging_mixin.py:190} INFO - [2026-09-24T00:41:33.742+0000] {dag.py:4180} INFO - Setting next_dagrun for hello_airflow to None, run_after=None
[2026-09-24T00:41:33.768+0000] {processor.py:208} INFO - Processing /opt/airflow/dags/hello_airflow.py took 0.130 seconds
[2026-09-24T00:42:04.141+0000] {processor.py:186} INFO - Started process (PID=343) to work on /opt/airflow/dags/hello_airflow.py
[2026-09-24T00:42:04.143+0000] {processor.py:914} INFO - Processing file /opt/airflow/dags/hello_airflow.py for tasks to queue
[2026-09-24T00:42:04.149+0000] {logging_mixin.py:190} INFO - [2026-09-24T00:42:04.149+0000] {dagbag.py:588} INFO - Filling up the DagBag from /opt/airflow/dags/hello_airflow.py
[2026-09-24T00:42:04.172+0000] {processor.py:925} INFO - DAG(s) 'hello_airflow' retrieved from /opt/airflow/dags/hello_airflow.py
[2026-09-24T00:42:04.213+0000] {logging_mixin.py:190} INFO - [2026-09-24T00:42:04.213+0000] {dag.py:3239} INFO - Sync 1 DAGs
[2026-09-24T00:42:04.236+0000] {logging_mixin.py:190} INFO - [2026-09-24T00:42:04.236+0000] {dag.py:4180} INFO - Setting next_dagrun for hello_airflow to None, run_after=None
[2026-09-24T00:42:04.262+0000] {processor.py:208} INFO - Processing /opt/airflow/dags/hello_airflow.py took 0.131 seconds
[2026-09-24T00:42:34.564+0000] {processor.py:186} INFO - Started process (PID=353) to work on /opt/airflow/dags/hello_airflow.py
[2026-09-24T00:42:34.567+0000] {processor.py:914} INFO - Processing file /opt/airflow/dags/hello_airflow.py for tasks to queue
[2026-09-24T00:42:34.573+0000] {logging_mixin.py:190} INFO - [2026-09-24T00:42:34.572+0000] {dagbag.py:588} INFO - Filling up the DagBag from /opt/airflow/dags/hello_airflow.py
[2026-09-24T00:42:34.597+0000] {processor.py:925} INFO - DAG(s) 'hello_airflow' retrieved from /opt/airflow/dags/hello_airflow.py
[2026-09-24T00:42:34.639+0000] {logging_mixin.py:190} INFO - [2026-09-24T00:42:34.639+0000] {dag.py:3239} INFO - Sync 1 DAGs
[2026-09-24T00:42:34.660+0000] {logging_mixin.py:190} INFO - [2026-09-24T00:42:34.660+0000] {dag.py:4180} INFO - Setting next_dagrun for hello_airflow to None, run_after=None
[2026-09-24T00:42:34.684+0000] {processor.py:208} INFO - Processing /opt/airflow/dags/hello_airflow.py took 0.130 seconds
[2026-09-24T00:43:05.005+0000] {processor.py:186} INFO - Started process (PID=363) to work on /opt/airflow/dags/hello_airflow.py
[2026-09-24T00:43:05.007+0000] {processor.py:914} INFO - Processing file /opt/airflow/dags/hello_airflow.py for tasks to queue
[2026-09-24T00:43:05.011+0000] {logging_mixin.py:190} INFO - [2026-09-24T00:43:05.011+0000] {dagbag.py:588} INFO - Filling up the DagBag from /opt/airflow/dags/hello_airflow.py
[2026-09-24T00:43:05.034+0000] {processor.py:925} INFO - DAG(s) 'hello_airflow' retrieved from /opt/airflow/dags/hello_airflow.py
[2026-09-24T00:43:05.073+0000] {logging_mixin.py:190} INFO - [2026-09-24T00:43:05.072+0000] {dag.py:3239} INFO - Sync 1 DAGs
[2026-09-24T00:43:05.094+0000] {logging_mixin.py:190} INFO - [2026-09-24T00:43:05.094+0000] {dag.py:4180} INFO - Setting next_dagrun for hello_airflow to None, run_after=None
[2026-09-24T00:43:05.123+0000] {processor.py:208} INFO - Processing /opt/airflow/dags/hello_airflow.py took 0.125 seconds
[2026-09-24T00:43:35.533+0000] {processor.py:186} INFO - Started process (PID=377) to work on /opt/airflow/dags/hello_airflow.py
[2026-09-24T00:43:35.535+0000] {processor.py:914} INFO - Processing file /opt/airflow/dags/hello_airflow.py for tasks to queue
[2026-09-24T00:43:35.539+0000] {logging_mixin.py:190} INFO - [2026-09-24T00:43:35.538+0000] {dagbag.py:588} INFO - Filling up the DagBag from /opt/airflow/dags/hello_airflow.py
[2026-09-24T00:43:35.559+0000] {processor.py:925} INFO - DAG(s) 'hello_airflow' retrieved from /opt/airflow/dags/hello_airflow.py
[2026-09-24T00:43:35.598+0000] {logging_mixin.py:190} INFO - [2026-09-24T00:43:35.597+0000] {dag.py:3239} INFO - Sync 1 DAGs
[2026-09-24T00:43:35.618+0000] {logging_mixin.py:190} INFO - [2026-09-24T00:43:35.618+0000] {dag.py:4180} INFO - Setting next_dagrun for hello_airflow to None, run_after=None
[2026-09-24T00:43:35.641+0000] {processor.py:208} INFO - Processing /opt/airflow/dags/hello_airflow.py took 0.116 seconds
[2026-09-24T00:44:05.949+0000] {processor.py:186} INFO - Started process (PID=387) to work on /opt/airflow/dags/hello_airflow.py
[2026-09-24T00:44:05.953+0000] {processor.py:914} INFO - Processing file /opt/airflow/dags/hello_airflow.py for tasks to queue
[2026-09-24T00:44:05.957+0000] {logging_mixin.py:190} INFO - [2026-09-24T00:44:05.957+0000] {dagbag.py:588} INFO - Filling up the DagBag from /opt/airflow/dags/hello_airflow.py
[2026-09-24T00:44:05.983+0000] {processor.py:925} INFO - DAG(s) 'hello_airflow' retrieved from /opt/airflow/dags/hello_airflow.py
[2026-09-24T00:44:06.025+0000] {logging_mixin.py:190} INFO - [2026-09-24T00:44:06.025+0000] {dag.py:3239} INFO - Sync 1 DAGs
[2026-09-24T00:44:06.047+0000] {logging_mixin.py:190} INFO - [2026-09-24T00:44:06.046+0000] {dag.py:4180} INFO - Setting next_dagrun for hello_airflow to None, run_after=None
[2026-09-24T00:44:06.073+0000] {processor.py:208} INFO - Processing /opt/airflow/dags/hello_airflow.py took 0.133 seconds
[2026-09-24T00:44:36.358+0000] {processor.py:186} INFO - Started process (PID=397) to work on /opt/airflow/dags/hello_airflow.py
[2026-09-24T00:44:36.360+0000] {processor.py:914} INFO - Processing file /opt/airflow/dags/hello_airflow.py for tasks to queue
[2026-09-24T00:44:36.364+0000] {logging_mixin.py:190} INFO - [2026-09-24T00:44:36.363+0000] {dagbag.py:588} INFO - Filling up the DagBag from /opt/airflow/dags/hello_airflow.py
[2026-09-24T00:44:36.386+0000] {processor.py:925} INFO - DAG(s) 'hello_airflow' retrieved from /opt/airflow/dags/hello_airflow.py
[2026-09-24T00:44:36.424+0000] {logging_mixin.py:190} INFO - [2026-09-24T00:44:36.424+0000] {dag.py:3239} INFO - Sync 1 DAGs
[2026-09-24T00:44:36.444+0000] {logging_mixin.py:190} INFO - [2026-09-24T00:44:36.443+0000] {dag.py:4180} INFO - Setting next_dagrun for hello_airflow to None, run_after=None
[2026-09-24T00:44:36.472+0000] {processor.py:208} INFO - Processing /opt/airflow/dags/hello_airflow.py took 0.123 seconds
[2026-09-24T00:45:06.764+0000] {processor.py:186} INFO - Started process (PID=407) to work on /opt/airflow/dags/hello_airflow.py
[2026-09-24T00:45:06.766+0000] {processor.py:914} INFO - Processing file /opt/airflow/dags/hello_airflow.py for tasks to queue
[2026-09-24T00:45:06.770+0000] {logging_mixin.py:190} INFO - [2026-09-24T00:45:06.770+0000] {dagbag.py:588} INFO - Filling up the DagBag from /opt/airflow/dags/hello_airflow.py
[2026-09-24T00:45:06.793+0000] {processor.py:925} INFO - DAG(s) 'hello_airflow' retrieved from /opt/airflow/dags/hello_airflow.py
[2026-09-24T00:45:06.834+0000] {logging_mixin.py:190} INFO - [2026-09-24T00:45:06.834+0000] {dag.py:3239} INFO - Sync 1 DAGs
[2026-09-24T00:45:06.855+0000] {logging_mixin.py:190} INFO - [2026-09-24T00:45:06.855+0000] {dag.py:4180} INFO - Setting next_dagrun for hello_airflow to None, run_after=None
[2026-09-24T00:45:06.880+0000] {processor.py:208} INFO - Processing /opt/airflow/dags/hello_airflow.py took 0.124 seconds
[2026-09-24T00:45:37.173+0000] {processor.py:186} INFO - Started process (PID=417) to work on /opt/airflow/dags/hello_airflow.py
[2026-09-24T00:45:37.175+0000] {processor.py:914} INFO - Processing file /opt/airflow/dags/hello_airflow.py for tasks to queue
[2026-09-24T00:45:37.179+0000] {logging_mixin.py:190} INFO - [2026-09-24T00:45:37.179+0000] {dagbag.py:588} INFO - Filling up the DagBag from /opt/airflow/dags/hello_airflow.py
[2026-09-24T00:45:37.208+0000] {processor.py:925} INFO - DAG(s) 'hello_airflow' retrieved from /opt/airflow/dags/hello_airflow.py
[2026-09-24T00:45:37.250+0000] {logging_mixin.py:190} INFO - [2026-09-24T00:45:37.250+0000] {dag.py:3239} INFO - Sync 1 DAGs
[2026-09-24T00:45:37.273+0000] {logging_mixin.py:190} INFO - [2026-09-24T00:45:37.273+0000] {dag.py:4180} INFO - Setting next_dagrun for hello_airflow to None, run_after=None
[2026-09-24T00:45:37.298+0000] {processor.py:208} INFO - Processing /opt/airflow/dags/hello_airflow.py took 0.135 seconds
[2026-09-24T00:46:07.582+0000] {processor.py:186} INFO - Started process (PID=427) to work on /opt/airflow/dags/hello_airflow.py
[2026-09-24T00:46:07.584+0000] {processor.py:914} INFO - Processing file /opt/airflow/dags/hello_airflow.py for tasks to queue
[2026-09-24T00:46:07.587+0000] {logging_mixin.py:190} INFO - [2026-09-24T00:46:07.587+0000] {dagbag.py:588} INFO - Filling up the DagBag from /opt/airflow/dags/hello_airflow.py
[2026-09-24T00:46:07.610+0000] {processor.py:925} INFO - DAG(s) 'hello_airflow' retrieved from /opt/airflow/dags/hello_airflow.py
[2026-09-24T00:46:07.659+0000] {logging_mixin.py:190} INFO - [2026-09-24T00:46:07.659+0000] {dag.py:3239} INFO - Sync 1 DAGs
[2026-09-24T00:46:07.683+0000] {logging_mixin.py:190} INFO - [2026-09-24T00:46:07.682+0000] {dag.py:4180} INFO - Setting next_dagrun for hello_airflow to None, run_after=None
[2026-09-24T00:46:07.711+0000] {processor.py:208} INFO - Processing /opt/airflow/dags/hello_airflow.py took 0.138 seconds
[2026-09-24T00:46:37.986+0000] {processor.py:186} INFO - Started process (PID=437) to work on /opt/airflow/dags/hello_airflow.py
[2026-09-24T00:46:37.988+0000] {processor.py:914} INFO - Processing file /opt/airflow/dags/hello_airflow.py for tasks to queue
[2026-09-24T00:46:37.992+0000] {logging_mixin.py:190} INFO - [2026-09-24T00:46:37.992+0000] {dagbag.py:588} INFO - Filling up the DagBag from /opt/airflow/dags/hello_airflow.py
[2026-09-24T00:46:38.015+0000] {processor.py:925} INFO - DAG(s) 'hello_airflow' retrieved from /opt/airflow/dags/hello_airflow.py
[2026-09-24T00:46:38.057+0000] {logging_mixin.py:190} INFO - [2026-09-24T00:46:38.057+0000] {dag.py:3239} INFO - Sync 1 DAGs
[2026-09-24T00:46:38.078+0000] {logging_mixin.py:190} INFO - [2026-09-24T00:46:38.077+0000] {dag.py:4180} INFO - Setting next_dagrun for hello_airflow to None, run_after=None
[2026-09-24T00:46:38.102+0000] {processor.py:208} INFO - Processing /opt/airflow/dags/hello_airflow.py took 0.125 seconds
[2026-09-24T00:47:08.400+0000] {processor.py:186} INFO - Started process (PID=447) to work on /opt/airflow/dags/hello_airflow.py
[2026-09-24T00:47:08.402+0000] {processor.py:914} INFO - Processing file /opt/airflow/dags/hello_airflow.py for tasks to queue
[2026-09-24T00:47:08.406+0000] {logging_mixin.py:190} INFO - [2026-09-24T00:47:08.405+0000] {dagbag.py:588} INFO - Filling up the DagBag from /opt/airflow/dags/hello_airflow.py
[2026-09-24T00:47:08.429+0000] {processor.py:925} INFO - DAG(s) 'hello_airflow' retrieved from /opt/airflow/dags/hello_airflow.py
[2026-09-24T00:47:08.471+0000] {logging_mixin.py:190} INFO - [2026-09-24T00:47:08.471+0000] {dag.py:3239} INFO - Sync 1 DAGs
[2026-09-24T00:47:08.492+0000] {logging_mixin.py:190} INFO - [2026-09-24T00:47:08.492+0000] {dag.py:4180} INFO - Setting next_dagrun for hello_airflow to None, run_after=None
[2026-09-24T00:47:08.517+0000] {processor.py:208} INFO - Processing /opt/airflow/dags/hello_airflow.py took 0.126 seconds
[2026-09-24T00:47:38.824+0000] {processor.py:186} INFO - Started process (PID=457) to work on /opt/airflow/dags/hello_airflow.py
[2026-09-24T00:47:38.826+0000] {processor.py:914} INFO - Processing file /opt/airflow/dags/hello_airflow.py for tasks to queue
[2026-09-24T00:47:38.830+0000] {logging_mixin.py:190} INFO - [2026-09-24T00:47:38.829+0000] {dagbag.py:588} INFO - Filling up the DagBag from /opt/airflow/dags/hello_airflow.py
[2026-09-24T00:47:38.852+0000] {processor.py:925} INFO - DAG(s) 'hello_airflow' retrieved from /opt/airflow/dags/hello_airflow.py
[2026-09-24T00:47:38.893+0000] {logging_mixin.py:190} INFO - [2026-09-24T00:47:38.893+0000] {dag.py:3239} INFO - Sync 1 DAGs
[2026-09-24T00:47:38.914+0000] {logging_mixin.py:190} INFO - [2026-09-24T00:47:38.913+0000] {dag.py:4180} INFO - Setting next_dagrun for hello_airflow to None, run_after=None
[2026-09-24T00:47:38.939+0000] {processor.py:208} INFO - Processing /opt/airflow/dags/hello_airflow.py took 0.123 seconds
[2026-09-24T00:48:09.250+0000] {processor.py:186} INFO - Started process (PID=467) to work on /opt/airflow/dags/hello_airflow.py
[2026-09-24T00:48:09.252+0000] {processor.py:914} INFO - Processing file /opt/airflow/dags/hello_airflow.py for tasks to queue
[2026-09-24T00:48:09.256+0000] {logging_mixin.py:190} INFO - [2026-09-24T00:48:09.256+0000] {dagbag.py:588} INFO - Filling up the DagBag from /opt/airflow/dags/hello_airflow.py
[2026-09-24T00:48:09.278+0000] {processor.py:925} INFO - DAG(s) 'hello_airflow' retrieved from /opt/airflow/dags/hello_airflow.py
[2026-09-24T00:48:09.319+0000] {logging_mixin.py:190} INFO - [2026-09-24T00:48:09.319+0000] {dag.py:3239} INFO - Sync 1 DAGs
[2026-09-24T00:48:09.340+0000] {logging_mixin.py:190} INFO - [2026-09-24T00:48:09.339+0000] {dag.py:4180} INFO - Setting next_dagrun for hello_airflow to None, run_after=None
[2026-09-24T00:48:09.363+0000] {processor.py:208} INFO - Processing /opt/airflow/dags/hello_airflow.py took 0.122 seconds
[2026-09-24T00:48:39.663+0000] {processor.py:186} INFO - Started process (PID=477) to work on /opt/airflow/dags/hello_airflow.py
[2026-09-24T00:48:39.665+0000] {processor.py:914} INFO - Processing file /opt/airflow/dags/hello_airflow.py for tasks to queue
[2026-09-24T00:48:39.670+0000] {logging_mixin.py:190} INFO - [2026-09-24T00:48:39.669+0000] {dagbag.py:588} INFO - Filling up the DagBag from /opt/airflow/dags/hello_airflow.py
[2026-09-24T00:48:39.692+0000] {processor.py:925} INFO - DAG(s) 'hello_airflow' retrieved from /opt/airflow/dags/hello_airflow.py
[2026-09-24T00:48:39.732+0000] {logging_mixin.py:190} INFO - [2026-09-24T00:48:39.731+0000] {dag.py:3239} INFO - Sync 1 DAGs
[2026-09-24T00:48:39.752+0000] {logging_mixin.py:190} INFO - [2026-09-24T00:48:39.752+0000] {dag.py:4180} INFO - Setting next_dagrun for hello_airflow to None, run_after=None
[2026-09-24T00:48:39.782+0000] {processor.py:208} INFO - Processing /opt/airflow/dags/hello_airflow.py took 0.127 seconds
[2026-09-24T00:49:10.075+0000] {processor.py:186} INFO - Started process (PID=487) to work on /opt/airflow/dags/hello_airflow.py
[2026-09-24T00:49:10.077+0000] {processor.py:914} INFO - Processing file /opt/airflow/dags/hello_airflow.py for tasks to queue
[2026-09-24T00:49:10.082+0000] {logging_mixin.py:190} INFO - [2026-09-24T00:49:10.081+0000] {dagbag.py:588} INFO - Filling up the DagBag from /opt/airflow/dags/hello_airflow.py
[2026-09-24T00:49:10.104+0000] {processor.py:925} INFO - DAG(s) 'hello_airflow' retrieved from /opt/airflow/dags/hello_airflow.py
[2026-09-24T00:49:10.145+0000] {logging_mixin.py:190} INFO - [2026-09-24T00:49:10.145+0000] {dag.py:3239} INFO - Sync 1 DAGs
[2026-09-24T00:49:10.166+0000] {logging_mixin.py:190} INFO - [2026-09-24T00:49:10.165+0000] {dag.py:4180} INFO - Setting next_dagrun for hello_airflow to None, run_after=None
[2026-09-24T00:49:10.191+0000] {processor.py:208} INFO - Processing /opt/airflow/dags/hello_airflow.py took 0.124 seconds
[2026-09-24T00:49:40.492+0000] {processor.py:186} INFO - Started process (PID=497) to work on /opt/airflow/dags/hello_airflow.py
[2026-09-24T00:49:40.494+0000] {processor.py:914} INFO - Processing file /opt/airflow/dags/hello_airflow.py for tasks to queue
[2026-09-24T00:49:40.497+0000] {logging_mixin.py:190} INFO - [2026-09-24T00:49:40.497+0000] {dagbag.py:588} INFO - Filling up the DagBag from /opt/airflow/dags/hello_airflow.py
[2026-09-24T00:49:40.520+0000] {processor.py:925} INFO - DAG(s) 'hello_airflow' retrieved from /opt/airflow/dags/hello_airflow.py
[2026-09-24T00:49:40.561+0000] {logging_mixin.py:190} INFO - [2026-09-24T00:49:40.560+0000] {dag.py:3239} INFO - Sync 1 DAGs
[2026-09-24T00:49:40.581+0000] {logging_mixin.py:190} INFO - [2026-09-24T00:49:40.581+0000] {dag.py:4180} INFO - Setting next_dagrun for hello_airflow to None, run_after=None
[2026-09-24T00:49:40.607+0000] {processor.py:208} INFO - Processing /opt/airflow/dags/hello_airflow.py took 0.124 seconds
[2026-09-24T00:50:10.960+0000] {processor.py:186} INFO - Started process (PID=507) to work on /opt/airflow/dags/hello_airflow.py
[2026-09-24T00:50:10.963+0000] {processor.py:914} INFO - Processing file /opt/airflow/dags/hello_airflow.py for tasks to queue
[2026-09-24T00:50:10.967+0000] {logging_mixin.py:190} INFO - [2026-09-24T00:50:10.966+0000] {dagbag.py:588} INFO - Filling up the DagBag from /opt/airflow/dags/hello_airflow.py
[2026-09-24T00:50:10.989+0000] {processor.py:925} INFO - DAG(s) 'hello_airflow' retrieved from /opt/airflow/dags/hello_airflow.py
[2026-09-24T00:50:11.029+0000] {logging_mixin.py:190} INFO - [2026-09-24T00:50:11.029+0000] {dag.py:3239} INFO - Sync 1 DAGs
[2026-09-24T00:50:11.050+0000] {logging_mixin.py:190} INFO - [2026-09-24T00:50:11.050+0000] {dag.py:4180} INFO - Setting next_dagrun for hello_airflow to None, run_after=None
[2026-09-24T00:50:11.077+0000] {processor.py:208} INFO - Processing /opt/airflow/dags/hello_airflow.py took 0.124 seconds
[2026-09-24T00:50:41.390+0000] {processor.py:186} INFO - Started process (PID=517) to work on /opt/airflow/dags/hello_airflow.py
[2026-09-24T00:50:41.392+0000] {processor.py:914} INFO - Processing file /opt/airflow/dags/hello_airflow.py for tasks to queue
[2026-09-24T00:50:41.396+0000] {logging_mixin.py:190} INFO - [2026-09-24T00:50:41.396+0000] {dagbag.py:588} INFO - Filling up the DagBag from /opt/airflow/dags/hello_airflow.py
[2026-09-24T00:50:41.419+0000] {processor.py:925} INFO - DAG(s) 'hello_airflow' retrieved from /opt/airflow/dags/hello_airflow.py
[2026-09-24T00:50:41.460+0000] {logging_mixin.py:190} INFO - [2026-09-24T00:50:41.460+0000] {dag.py:3239} INFO - Sync 1 DAGs
[2026-09-24T00:50:41.480+0000] {logging_mixin.py:190} INFO - [2026-09-24T00:50:41.480+0000] {dag.py:4180} INFO - Setting next_dagrun for hello_airflow to None, run_after=None
[2026-09-24T00:50:41.505+0000] {processor.py:208} INFO - Processing /opt/airflow/dags/hello_airflow.py took 0.123 seconds
[2026-09-24T00:51:11.869+0000] {processor.py:186} INFO - Started process (PID=527) to work on /opt/airflow/dags/hello_airflow.py
[2026-09-24T00:51:11.871+0000] {processor.py:914} INFO - Processing file /opt/airflow/dags/hello_airflow.py for tasks to queue
[2026-09-24T00:51:11.876+0000] {logging_mixin.py:190} INFO - [2026-09-24T00:51:11.875+0000] {dagbag.py:588} INFO - Filling up the DagBag from /opt/airflow/dags/hello_airflow.py
[2026-09-24T00:51:11.901+0000] {processor.py:925} INFO - DAG(s) 'hello_airflow' retrieved from /opt/airflow/dags/hello_airflow.py
[2026-09-24T00:51:11.945+0000] {logging_mixin.py:190} INFO - [2026-09-24T00:51:11.945+0000] {dag.py:3239} INFO - Sync 1 DAGs
[2026-09-24T00:51:11.967+0000] {logging_mixin.py:190} INFO - [2026-09-24T00:51:11.967+0000] {dag.py:4180} INFO - Setting next_dagrun for hello_airflow to None, run_after=None
[2026-09-24T00:51:11.991+0000] {processor.py:208} INFO - Processing /opt/airflow/dags/hello_airflow.py took 0.132 seconds
[2026-09-24T00:51:42.300+0000] {processor.py:186} INFO - Started process (PID=537) to work on /opt/airflow/dags/hello_airflow.py
[2026-09-24T00:51:42.302+0000] {processor.py:914} INFO - Processing file /opt/airflow/dags/hello_airflow.py for tasks to queue
[2026-09-24T00:51:42.307+0000] {logging_mixin.py:190} INFO - [2026-09-24T00:51:42.306+0000] {dagbag.py:588} INFO - Filling up the DagBag from /opt/airflow/dags/hello_airflow.py
[2026-09-24T00:51:42.338+0000] {processor.py:925} INFO - DAG(s) 'hello_airflow' retrieved from /opt/airflow/dags/hello_airflow.py
[2026-09-24T00:51:42.380+0000] {logging_mixin.py:190} INFO - [2026-09-24T00:51:42.380+0000] {dag.py:3239} INFO - Sync 1 DAGs
[2026-09-24T00:51:42.403+0000] {logging_mixin.py:190} INFO - [2026-09-24T00:51:42.403+0000] {dag.py:4180} INFO - Setting next_dagrun for hello_airflow to None, run_after=None
[2026-09-24T00:51:42.428+0000] {processor.py:208} INFO - Processing /opt/airflow/dags/hello_airflow.py took 0.137 seconds
[2026-09-24T00:52:12.829+0000] {processor.py:186} INFO - Started process (PID=547) to work on /opt/airflow/dags/hello_airflow.py
[2026-09-24T00:52:12.831+0000] {processor.py:914} INFO - Processing file /opt/airflow/dags/hello_airflow.py for tasks to queue
[2026-09-24T00:52:12.835+0000] {logging_mixin.py:190} INFO - [2026-09-24T00:52:12.834+0000] {dagbag.py:588} INFO - Filling up the DagBag from /opt/airflow/dags/hello_airflow.py
[2026-09-24T00:52:12.858+0000] {processor.py:925} INFO - DAG(s) 'hello_airflow' retrieved from /opt/airflow/dags/hello_airflow.py
[2026-09-24T00:52:12.905+0000] {logging_mixin.py:190} INFO - [2026-09-24T00:52:12.904+0000] {dag.py:3239} INFO - Sync 1 DAGs
[2026-09-24T00:52:12.929+0000] {logging_mixin.py:190} INFO - [2026-09-24T00:52:12.928+0000] {dag.py:4180} INFO - Setting next_dagrun for hello_airflow to None, run_after=None
[2026-09-24T00:52:12.956+0000] {processor.py:208} INFO - Processing /opt/airflow/dags/hello_airflow.py took 0.137 seconds
[2026-09-24T00:52:43.103+0000] {processor.py:186} INFO - Started process (PID=557) to work on /opt/airflow/dags/hello_airflow.py
[2026-09-24T00:52:43.105+0000] {processor.py:914} INFO - Processing file /opt/airflow/dags/hello_airflow.py for tasks to queue
[2026-09-24T00:52:43.109+0000] {logging_mixin.py:190} INFO - [2026-09-24T00:52:43.108+0000] {dagbag.py:588} INFO - Filling up the DagBag from /opt/airflow/dags/hello_airflow.py
[2026-09-24T00:52:43.131+0000] {processor.py:925} INFO - DAG(s) 'hello_airflow' retrieved from /opt/airflow/dags/hello_airflow.py
[2026-09-24T00:52:43.185+0000] {logging_mixin.py:190} INFO - [2026-09-24T00:52:43.184+0000] {dag.py:3239} INFO - Sync 1 DAGs
[2026-09-24T00:52:43.213+0000] {logging_mixin.py:190} INFO - [2026-09-24T00:52:43.213+0000] {dag.py:4180} INFO - Setting next_dagrun for hello_airflow to None, run_after=None
[2026-09-24T00:52:43.240+0000] {processor.py:208} INFO - Processing /opt/airflow/dags/hello_airflow.py took 0.146 seconds
[2026-09-24T00:53:13.626+0000] {processor.py:186} INFO - Started process (PID=567) to work on /opt/airflow/dags/hello_airflow.py
[2026-09-24T00:53:13.628+0000] {processor.py:914} INFO - Processing file /opt/airflow/dags/hello_airflow.py for tasks to queue
[2026-09-24T00:53:13.632+0000] {logging_mixin.py:190} INFO - [2026-09-24T00:53:13.632+0000] {dagbag.py:588} INFO - Filling up the DagBag from /opt/airflow/dags/hello_airflow.py
[2026-09-24T00:53:13.656+0000] {processor.py:925} INFO - DAG(s) 'hello_airflow' retrieved from /opt/airflow/dags/hello_airflow.py
[2026-09-24T00:53:13.704+0000] {logging_mixin.py:190} INFO - [2026-09-24T00:53:13.704+0000] {dag.py:3239} INFO - Sync 1 DAGs
[2026-09-24T00:53:13.737+0000] {logging_mixin.py:190} INFO - [2026-09-24T00:53:13.737+0000] {dag.py:4180} INFO - Setting next_dagrun for hello_airflow to None, run_after=None
[2026-09-24T00:53:13.764+0000] {processor.py:208} INFO - Processing /opt/airflow/dags/hello_airflow.py took 0.147 seconds
[2026-09-24T00:53:44.107+0000] {processor.py:186} INFO - Started process (PID=577) to work on /opt/airflow/dags/hello_airflow.py
[2026-09-24T00:53:44.110+0000] {processor.py:914} INFO - Processing file /opt/airflow/dags/hello_airflow.py for tasks to queue
[2026-09-24T00:53:44.120+0000] {logging_mixin.py:190} INFO - [2026-09-24T00:53:44.119+0000] {dagbag.py:588} INFO - Filling up the DagBag from /opt/airflow/dags/hello_airflow.py
[2026-09-24T00:53:44.160+0000] {processor.py:925} INFO - DAG(s) 'hello_airflow' retrieved from /opt/airflow/dags/hello_airflow.py
[2026-09-24T00:53:44.226+0000] {logging_mixin.py:190} INFO - [2026-09-24T00:53:44.226+0000] {dag.py:3239} INFO - Sync 1 DAGs
[2026-09-24T00:53:44.253+0000] {logging_mixin.py:190} INFO - [2026-09-24T00:53:44.253+0000] {dag.py:4180} INFO - Setting next_dagrun for hello_airflow to None, run_after=None
[2026-09-24T00:53:44.284+0000] {processor.py:208} INFO - Processing /opt/airflow/dags/hello_airflow.py took 0.190 seconds
[2026-09-24T00:54:14.574+0000] {processor.py:186} INFO - Started process (PID=587) to work on /opt/airflow/dags/hello_airflow.py
[2026-09-24T00:54:14.576+0000] {processor.py:914} INFO - Processing file /opt/airflow/dags/hello_airflow.py for tasks to queue
[2026-09-24T00:54:14.580+0000] {logging_mixin.py:190} INFO - [2026-09-24T00:54:14.579+0000] {dagbag.py:588} INFO - Filling up the DagBag from /opt/airflow/dags/hello_airflow.py
[2026-09-24T00:54:14.606+0000] {processor.py:925} INFO - DAG(s) 'hello_airflow' retrieved from /opt/airflow/dags/hello_airflow.py
[2026-09-24T00:54:14.658+0000] {logging_mixin.py:190} INFO - [2026-09-24T00:54:14.658+0000] {dag.py:3239} INFO - Sync 1 DAGs
[2026-09-24T00:54:14.683+0000] {logging_mixin.py:190} INFO - [2026-09-24T00:54:14.683+0000] {dag.py:4180} INFO - Setting next_dagrun for hello_airflow to None, run_after=None
[2026-09-24T00:54:14.712+0000] {processor.py:208} INFO - Processing /opt/airflow/dags/hello_airflow.py took 0.147 seconds
[2026-09-24T00:54:45.121+0000] {processor.py:186} INFO - Started process (PID=597) to work on /opt/airflow/dags/hello_airflow.py
[2026-09-24T00:54:45.123+0000] {processor.py:914} INFO - Processing file /opt/airflow/dags/hello_airflow.py for tasks to queue
[2026-09-24T00:54:45.127+0000] {logging_mixin.py:190} INFO - [2026-09-24T00:54:45.127+0000] {dagbag.py:588} INFO - Filling up the DagBag from /opt/airflow/dags/hello_airflow.py
[2026-09-24T00:54:45.148+0000] {processor.py:925} INFO - DAG(s) 'hello_airflow' retrieved from /opt/airflow/dags/hello_airflow.py
[2026-09-24T00:54:45.187+0000] {logging_mixin.py:190} INFO - [2026-09-24T00:54:45.187+0000] {dag.py:3239} INFO - Sync 1 DAGs
[2026-09-24T00:54:45.207+0000] {logging_mixin.py:190} INFO - [2026-09-24T00:54:45.207+0000] {dag.py:4180} INFO - Setting next_dagrun for hello_airflow to None, run_after=None
[2026-09-24T00:54:45.233+0000] {processor.py:208} INFO - Processing /opt/airflow/dags/hello_airflow.py took 0.120 seconds
[2026-09-24T00:55:15.728+0000] {processor.py:186} INFO - Started process (PID=617) to work on /opt/airflow/dags/hello_airflow.py
[2026-09-24T00:55:15.730+0000] {processor.py:914} INFO - Processing file /opt/airflow/dags/hello_airflow.py for tasks to queue
[2026-09-24T00:55:15.733+0000] {logging_mixin.py:190} INFO - [2026-09-24T00:55:15.733+0000] {dagbag.py:588} INFO - Filling up the DagBag from /opt/airflow/dags/hello_airflow.py
[2026-09-24T00:55:15.755+0000] {processor.py:925} INFO - DAG(s) 'hello_airflow' retrieved from /opt/airflow/dags/hello_airflow.py
[2026-09-24T00:55:15.800+0000] {logging_mixin.py:190} INFO - [2026-09-24T00:55:15.800+0000] {dag.py:3239} INFO - Sync 1 DAGs
[2026-09-24T00:55:15.823+0000] {logging_mixin.py:190} INFO - [2026-09-24T00:55:15.822+0000] {dag.py:4180} INFO - Setting next_dagrun for hello_airflow to None, run_after=None
[2026-09-24T00:55:15.847+0000] {processor.py:208} INFO - Processing /opt/airflow/dags/hello_airflow.py took 0.128 seconds
[2026-09-24T00:55:46.275+0000] {processor.py:186} INFO - Started process (PID=632) to work on /opt/airflow/dags/hello_airflow.py
[2026-09-24T00:55:46.277+0000] {processor.py:914} INFO - Processing file /opt/airflow/dags/hello_airflow.py for tasks to queue
[2026-09-24T00:55:46.281+0000] {logging_mixin.py:190} INFO - [2026-09-24T00:55:46.281+0000] {dagbag.py:588} INFO - Filling up the DagBag from /opt/airflow/dags/hello_airflow.py
[2026-09-24T00:55:46.303+0000] {processor.py:925} INFO - DAG(s) 'hello_airflow' retrieved from /opt/airflow/dags/hello_airflow.py
[2026-09-24T00:55:46.346+0000] {logging_mixin.py:190} INFO - [2026-09-24T00:55:46.346+0000] {dag.py:3239} INFO - Sync 1 DAGs
[2026-09-24T00:55:46.369+0000] {logging_mixin.py:190} INFO - [2026-09-24T00:55:46.368+0000] {dag.py:4180} INFO - Setting next_dagrun for hello_airflow to None, run_after=None
[2026-09-24T00:55:46.398+0000] {processor.py:208} INFO - Processing /opt/airflow/dags/hello_airflow.py took 0.132 seconds
[2026-09-24T00:56:16.841+0000] {processor.py:186} INFO - Started process (PID=647) to work on /opt/airflow/dags/hello_airflow.py
[2026-09-24T00:56:16.843+0000] {processor.py:914} INFO - Processing file /opt/airflow/dags/hello_airflow.py for tasks to queue
[2026-09-24T00:56:16.848+0000] {logging_mixin.py:190} INFO - [2026-09-24T00:56:16.847+0000] {dagbag.py:588} INFO - Filling up the DagBag from /opt/airflow/dags/hello_airflow.py
[2026-09-24T00:56:16.871+0000] {processor.py:925} INFO - DAG(s) 'hello_airflow' retrieved from /opt/airflow/dags/hello_airflow.py
[2026-09-24T00:56:16.912+0000] {logging_mixin.py:190} INFO - [2026-09-24T00:56:16.912+0000] {dag.py:3239} INFO - Sync 1 DAGs
[2026-09-24T00:56:16.932+0000] {logging_mixin.py:190} INFO - [2026-09-24T00:56:16.931+0000] {dag.py:4180} INFO - Setting next_dagrun for hello_airflow to None, run_after=None
[2026-09-24T00:56:16.956+0000] {processor.py:208} INFO - Processing /opt/airflow/dags/hello_airflow.py took 0.123 seconds
[2026-09-24T00:56:47.344+0000] {processor.py:186} INFO - Started process (PID=671) to work on /opt/airflow/dags/hello_airflow.py
[2026-09-24T00:56:47.347+0000] {processor.py:914} INFO - Processing file /opt/airflow/dags/hello_airflow.py for tasks to queue
[2026-09-24T00:56:47.351+0000] {logging_mixin.py:190} INFO - [2026-09-24T00:56:47.350+0000] {dagbag.py:588} INFO - Filling up the DagBag from /opt/airflow/dags/hello_airflow.py
[2026-09-24T00:56:47.379+0000] {processor.py:925} INFO - DAG(s) 'hello_airflow' retrieved from /opt/airflow/dags/hello_airflow.py
[2026-09-24T00:56:47.429+0000] {logging_mixin.py:190} INFO - [2026-09-24T00:56:47.429+0000] {dag.py:3239} INFO - Sync 1 DAGs
[2026-09-24T00:56:47.454+0000] {logging_mixin.py:190} INFO - [2026-09-24T00:56:47.454+0000] {dag.py:4180} INFO - Setting next_dagrun for hello_airflow to None, run_after=None
[2026-09-24T00:56:47.489+0000] {processor.py:208} INFO - Processing /opt/airflow/dags/hello_airflow.py took 0.156 seconds
[2026-09-24T00:57:18.085+0000] {processor.py:186} INFO - Started process (PID=686) to work on /opt/airflow/dags/hello_airflow.py
[2026-09-24T00:57:18.087+0000] {processor.py:914} INFO - Processing file /opt/airflow/dags/hello_airflow.py for tasks to queue
[2026-09-24T00:57:18.090+0000] {logging_mixin.py:190} INFO - [2026-09-24T00:57:18.090+0000] {dagbag.py:588} INFO - Filling up the DagBag from /opt/airflow/dags/hello_airflow.py
[2026-09-24T00:57:18.113+0000] {processor.py:925} INFO - DAG(s) 'hello_airflow' retrieved from /opt/airflow/dags/hello_airflow.py
[2026-09-24T00:57:18.155+0000] {logging_mixin.py:190} INFO - [2026-09-24T00:57:18.155+0000] {dag.py:3239} INFO - Sync 1 DAGs
[2026-09-24T00:57:18.178+0000] {logging_mixin.py:190} INFO - [2026-09-24T00:57:18.177+0000] {dag.py:4180} INFO - Setting next_dagrun for hello_airflow to None, run_after=None
[2026-09-24T00:57:18.206+0000] {processor.py:208} INFO - Processing /opt/airflow/dags/hello_airflow.py took 0.129 seconds
[2026-09-24T00:57:48.676+0000] {processor.py:186} INFO - Started process (PID=701) to work on /opt/airflow/dags/hello_airflow.py
[2026-09-24T00:57:48.678+0000] {processor.py:914} INFO - Processing file /opt/airflow/dags/hello_airflow.py for tasks to queue
[2026-09-24T00:57:48.682+0000] {logging_mixin.py:190} INFO - [2026-09-24T00:57:48.682+0000] {dagbag.py:588} INFO - Filling up the DagBag from /opt/airflow/dags/hello_airflow.py
[2026-09-24T00:57:48.706+0000] {processor.py:925} INFO - DAG(s) 'hello_airflow' retrieved from /opt/airflow/dags/hello_airflow.py
[2026-09-24T00:57:48.747+0000] {logging_mixin.py:190} INFO - [2026-09-24T00:57:48.747+0000] {dag.py:3239} INFO - Sync 1 DAGs
[2026-09-24T00:57:48.767+0000] {logging_mixin.py:190} INFO - [2026-09-24T00:57:48.767+0000] {dag.py:4180} INFO - Setting next_dagrun for hello_airflow to None, run_after=None
[2026-09-24T00:57:48.798+0000] {processor.py:208} INFO - Processing /opt/airflow/dags/hello_airflow.py took 0.131 seconds
[2026-09-24T00:58:19.155+0000] {processor.py:186} INFO - Started process (PID=716) to work on /opt/airflow/dags/hello_airflow.py
[2026-09-24T00:58:19.157+0000] {processor.py:914} INFO - Processing file /opt/airflow/dags/hello_airflow.py for tasks to queue
[2026-09-24T00:58:19.161+0000] {logging_mixin.py:190} INFO - [2026-09-24T00:58:19.160+0000] {dagbag.py:588} INFO - Filling up the DagBag from /opt/airflow/dags/hello_airflow.py
[2026-09-24T00:58:19.184+0000] {processor.py:925} INFO - DAG(s) 'hello_airflow' retrieved from /opt/airflow/dags/hello_airflow.py
[2026-09-24T00:58:19.226+0000] {logging_mixin.py:190} INFO - [2026-09-24T00:58:19.226+0000] {dag.py:3239} INFO - Sync 1 DAGs
[2026-09-24T00:58:19.247+0000] {logging_mixin.py:190} INFO - [2026-09-24T00:58:19.246+0000] {dag.py:4180} INFO - Setting next_dagrun for hello_airflow to None, run_after=None
[2026-09-24T00:58:19.271+0000] {processor.py:208} INFO - Processing /opt/airflow/dags/hello_airflow.py took 0.125 seconds
[2026-09-24T00:58:49.778+0000] {processor.py:186} INFO - Started process (PID=731) to work on /opt/airflow/dags/hello_airflow.py
[2026-09-24T00:58:49.780+0000] {processor.py:914} INFO - Processing file /opt/airflow/dags/hello_airflow.py for tasks to queue
[2026-09-24T00:58:49.784+0000] {logging_mixin.py:190} INFO - [2026-09-24T00:58:49.784+0000] {dagbag.py:588} INFO - Filling up the DagBag from /opt/airflow/dags/hello_airflow.py
[2026-09-24T00:58:49.807+0000] {processor.py:925} INFO - DAG(s) 'hello_airflow' retrieved from /opt/airflow/dags/hello_airflow.py
[2026-09-24T00:58:49.856+0000] {logging_mixin.py:190} INFO - [2026-09-24T00:58:49.855+0000] {dag.py:3239} INFO - Sync 1 DAGs
[2026-09-24T00:58:49.884+0000] {logging_mixin.py:190} INFO - [2026-09-24T00:58:49.883+0000] {dag.py:4180} INFO - Setting next_dagrun for hello_airflow to None, run_after=None
[2026-09-24T00:58:49.914+0000] {processor.py:208} INFO - Processing /opt/airflow/dags/hello_airflow.py took 0.145 seconds
[2026-09-24T00:59:20.276+0000] {processor.py:186} INFO - Started process (PID=746) to work on /opt/airflow/dags/hello_airflow.py
[2026-09-24T00:59:20.279+0000] {processor.py:914} INFO - Processing file /opt/airflow/dags/hello_airflow.py for tasks to queue
[2026-09-24T00:59:20.284+0000] {logging_mixin.py:190} INFO - [2026-09-24T00:59:20.284+0000] {dagbag.py:588} INFO - Filling up the DagBag from /opt/airflow/dags/hello_airflow.py
[2026-09-24T00:59:20.308+0000] {processor.py:925} INFO - DAG(s) 'hello_airflow' retrieved from /opt/airflow/dags/hello_airflow.py
[2026-09-24T00:59:20.349+0000] {logging_mixin.py:190} INFO - [2026-09-24T00:59:20.349+0000] {dag.py:3239} INFO - Sync 1 DAGs
[2026-09-24T00:59:20.372+0000] {logging_mixin.py:190} INFO - [2026-09-24T00:59:20.371+0000] {dag.py:4180} INFO - Setting next_dagrun for hello_airflow to None, run_after=None
[2026-09-24T00:59:20.400+0000] {processor.py:208} INFO - Processing /opt/airflow/dags/hello_airflow.py took 0.133 seconds
[2026-09-24T00:59:50.901+0000] {processor.py:186} INFO - Started process (PID=761) to work on /opt/airflow/dags/hello_airflow.py
[2026-09-24T00:59:50.903+0000] {processor.py:914} INFO - Processing file /opt/airflow/dags/hello_airflow.py for tasks to queue
[2026-09-24T00:59:50.911+0000] {logging_mixin.py:190} INFO - [2026-09-24T00:59:50.910+0000] {dagbag.py:588} INFO - Filling up the DagBag from /opt/airflow/dags/hello_airflow.py
[2026-09-24T00:59:50.941+0000] {processor.py:925} INFO - DAG(s) 'hello_airflow' retrieved from /opt/airflow/dags/hello_airflow.py
[2026-09-24T00:59:50.990+0000] {logging_mixin.py:190} INFO - [2026-09-24T00:59:50.989+0000] {dag.py:3239} INFO - Sync 1 DAGs
[2026-09-24T00:59:51.013+0000] {logging_mixin.py:190} INFO - [2026-09-24T00:59:51.013+0000] {dag.py:4180} INFO - Setting next_dagrun for hello_airflow to None, run_after=None
[2026-09-24T00:59:51.041+0000] {processor.py:208} INFO - Processing /opt/airflow/dags/hello_airflow.py took 0.150 seconds
[2026-09-24T01:00:21.442+0000] {processor.py:186} INFO - Started process (PID=776) to work on /opt/airflow/dags/hello_airflow.py
[2026-09-24T01:00:21.444+0000] {processor.py:914} INFO - Processing file /opt/airflow/dags/hello_airflow.py for tasks to queue
[2026-09-24T01:00:21.448+0000] {logging_mixin.py:190} INFO - [2026-09-24T01:00:21.448+0000] {dagbag.py:588} INFO - Filling up the DagBag from /opt/airflow/dags/hello_airflow.py
[2026-09-24T01:00:21.472+0000] {processor.py:925} INFO - DAG(s) 'hello_airflow' retrieved from /opt/airflow/dags/hello_airflow.py
[2026-09-24T01:00:21.520+0000] {logging_mixin.py:190} INFO - [2026-09-24T01:00:21.519+0000] {dag.py:3239} INFO - Sync 1 DAGs
[2026-09-24T01:00:21.541+0000] {logging_mixin.py:190} INFO - [2026-09-24T01:00:21.541+0000] {dag.py:4180} INFO - Setting next_dagrun for hello_airflow to None, run_after=None
[2026-09-24T01:00:21.564+0000] {processor.py:208} INFO - Processing /opt/airflow/dags/hello_airflow.py took 0.131 seconds
[2026-09-24T01:00:52.017+0000] {processor.py:186} INFO - Started process (PID=791) to work on /opt/airflow/dags/hello_airflow.py
[2026-09-24T01:00:52.020+0000] {processor.py:914} INFO - Processing file /opt/airflow/dags/hello_airflow.py for tasks to queue
[2026-09-24T01:00:52.026+0000] {logging_mixin.py:190} INFO - [2026-09-24T01:00:52.026+0000] {dagbag.py:588} INFO - Filling up the DagBag from /opt/airflow/dags/hello_airflow.py
[2026-09-24T01:00:52.053+0000] {processor.py:925} INFO - DAG(s) 'hello_airflow' retrieved from /opt/airflow/dags/hello_airflow.py
[2026-09-24T01:00:52.096+0000] {logging_mixin.py:190} INFO - [2026-09-24T01:00:52.096+0000] {dag.py:3239} INFO - Sync 1 DAGs
[2026-09-24T01:00:52.117+0000] {logging_mixin.py:190} INFO - [2026-09-24T01:00:52.117+0000] {dag.py:4180} INFO - Setting next_dagrun for hello_airflow to None, run_after=None
[2026-09-24T01:00:52.141+0000] {processor.py:208} INFO - Processing /opt/airflow/dags/hello_airflow.py took 0.133 seconds
[2026-09-24T01:01:22.532+0000] {processor.py:186} INFO - Started process (PID=806) to work on /opt/airflow/dags/hello_airflow.py
[2026-09-24T01:01:22.535+0000] {processor.py:914} INFO - Processing file /opt/airflow/dags/hello_airflow.py for tasks to queue
[2026-09-24T01:01:22.539+0000] {logging_mixin.py:190} INFO - [2026-09-24T01:01:22.539+0000] {dagbag.py:588} INFO - Filling up the DagBag from /opt/airflow/dags/hello_airflow.py
[2026-09-24T01:01:22.561+0000] {processor.py:925} INFO - DAG(s) 'hello_airflow' retrieved from /opt/airflow/dags/hello_airflow.py
[2026-09-24T01:01:22.610+0000] {logging_mixin.py:190} INFO - [2026-09-24T01:01:22.609+0000] {dag.py:3239} INFO - Sync 1 DAGs
[2026-09-24T01:01:22.632+0000] {logging_mixin.py:190} INFO - [2026-09-24T01:01:22.632+0000] {dag.py:4180} INFO - Setting next_dagrun for hello_airflow to None, run_after=None
[2026-09-24T01:01:22.654+0000] {processor.py:208} INFO - Processing /opt/airflow/dags/hello_airflow.py took 0.133 seconds
[2026-09-24T01:01:53.157+0000] {processor.py:186} INFO - Started process (PID=821) to work on /opt/airflow/dags/hello_airflow.py
[2026-09-24T01:01:53.159+0000] {processor.py:914} INFO - Processing file /opt/airflow/dags/hello_airflow.py for tasks to queue
[2026-09-24T01:01:53.164+0000] {logging_mixin.py:190} INFO - [2026-09-24T01:01:53.163+0000] {dagbag.py:588} INFO - Filling up the DagBag from /opt/airflow/dags/hello_airflow.py
[2026-09-24T01:01:53.190+0000] {processor.py:925} INFO - DAG(s) 'hello_airflow' retrieved from /opt/airflow/dags/hello_airflow.py
[2026-09-24T01:01:53.234+0000] {logging_mixin.py:190} INFO - [2026-09-24T01:01:53.233+0000] {dag.py:3239} INFO - Sync 1 DAGs
[2026-09-24T01:01:53.255+0000] {logging_mixin.py:190} INFO - [2026-09-24T01:01:53.255+0000] {dag.py:4180} INFO - Setting next_dagrun for hello_airflow to None, run_after=None
[2026-09-24T01:01:53.280+0000] {processor.py:208} INFO - Processing /opt/airflow/dags/hello_airflow.py took 0.133 seconds
[2026-09-24T01:02:23.738+0000] {processor.py:186} INFO - Started process (PID=836) to work on /opt/airflow/dags/hello_airflow.py
[2026-09-24T01:02:23.740+0000] {processor.py:914} INFO - Processing file /opt/airflow/dags/hello_airflow.py for tasks to queue
[2026-09-24T01:02:23.744+0000] {logging_mixin.py:190} INFO - [2026-09-24T01:02:23.744+0000] {dagbag.py:588} INFO - Filling up the DagBag from /opt/airflow/dags/hello_airflow.py
[2026-09-24T01:02:23.768+0000] {processor.py:925} INFO - DAG(s) 'hello_airflow' retrieved from /opt/airflow/dags/hello_airflow.py
[2026-09-24T01:02:23.810+0000] {logging_mixin.py:190} INFO - [2026-09-24T01:02:23.810+0000] {dag.py:3239} INFO - Sync 1 DAGs
[2026-09-24T01:02:23.831+0000] {logging_mixin.py:190} INFO - [2026-09-24T01:02:23.831+0000] {dag.py:4180} INFO - Setting next_dagrun for hello_airflow to None, run_after=None
[2026-09-24T01:02:23.858+0000] {processor.py:208} INFO - Processing /opt/airflow/dags/hello_airflow.py took 0.129 seconds
[2026-09-24T01:02:54.254+0000] {processor.py:186} INFO - Started process (PID=851) to work on /opt/airflow/dags/hello_airflow.py
[2026-09-24T01:02:54.258+0000] {processor.py:914} INFO - Processing file /opt/airflow/dags/hello_airflow.py for tasks to queue
[2026-09-24T01:02:54.264+0000] {logging_mixin.py:190} INFO - [2026-09-24T01:02:54.263+0000] {dagbag.py:588} INFO - Filling up the DagBag from /opt/airflow/dags/hello_airflow.py
[2026-09-24T01:02:54.290+0000] {processor.py:925} INFO - DAG(s) 'hello_airflow' retrieved from /opt/airflow/dags/hello_airflow.py
[2026-09-24T01:02:54.368+0000] {logging_mixin.py:190} INFO - [2026-09-24T01:02:54.367+0000] {dag.py:3239} INFO - Sync 1 DAGs
[2026-09-24T01:02:54.392+0000] {logging_mixin.py:190} INFO - [2026-09-24T01:02:54.392+0000] {dag.py:4180} INFO - Setting next_dagrun for hello_airflow to None, run_after=None
[2026-09-24T01:02:54.418+0000] {processor.py:208} INFO - Processing /opt/airflow/dags/hello_airflow.py took 0.174 seconds
[2026-09-24T01:03:24.815+0000] {processor.py:186} INFO - Started process (PID=866) to work on /opt/airflow/dags/hello_airflow.py
[2026-09-24T01:03:24.817+0000] {processor.py:914} INFO - Processing file /opt/airflow/dags/hello_airflow.py for tasks to queue
[2026-09-24T01:03:24.821+0000] {logging_mixin.py:190} INFO - [2026-09-24T01:03:24.821+0000] {dagbag.py:588} INFO - Filling up the DagBag from /opt/airflow/dags/hello_airflow.py
[2026-09-24T01:03:24.844+0000] {processor.py:925} INFO - DAG(s) 'hello_airflow' retrieved from /opt/airflow/dags/hello_airflow.py
[2026-09-24T01:03:24.885+0000] {logging_mixin.py:190} INFO - [2026-09-24T01:03:24.885+0000] {dag.py:3239} INFO - Sync 1 DAGs
[2026-09-24T01:03:24.906+0000] {logging_mixin.py:190} INFO - [2026-09-24T01:03:24.905+0000] {dag.py:4180} INFO - Setting next_dagrun for hello_airflow to None, run_after=None
[2026-09-24T01:03:24.929+0000] {processor.py:208} INFO - Processing /opt/airflow/dags/hello_airflow.py took 0.121 seconds
[2026-09-24T01:03:55.373+0000] {processor.py:186} INFO - Started process (PID=881) to work on /opt/airflow/dags/hello_airflow.py
[2026-09-24T01:03:55.375+0000] {processor.py:914} INFO - Processing file /opt/airflow/dags/hello_airflow.py for tasks to queue
[2026-09-24T01:03:55.380+0000] {logging_mixin.py:190} INFO - [2026-09-24T01:03:55.379+0000] {dagbag.py:588} INFO - Filling up the DagBag from /opt/airflow/dags/hello_airflow.py
[2026-09-24T01:03:55.403+0000] {processor.py:925} INFO - DAG(s) 'hello_airflow' retrieved from /opt/airflow/dags/hello_airflow.py
[2026-09-24T01:03:55.443+0000] {logging_mixin.py:190} INFO - [2026-09-24T01:03:55.442+0000] {dag.py:3239} INFO - Sync 1 DAGs
[2026-09-24T01:03:55.462+0000] {logging_mixin.py:190} INFO - [2026-09-24T01:03:55.462+0000] {dag.py:4180} INFO - Setting next_dagrun for hello_airflow to None, run_after=None
[2026-09-24T01:03:55.486+0000] {processor.py:208} INFO - Processing /opt/airflow/dags/hello_airflow.py took 0.122 seconds
[2026-09-24T01:04:25.853+0000] {processor.py:186} INFO - Started process (PID=896) to work on /opt/airflow/dags/hello_airflow.py
[2026-09-24T01:04:25.855+0000] {processor.py:914} INFO - Processing file /opt/airflow/dags/hello_airflow.py for tasks to queue
[2026-09-24T01:04:25.860+0000] {logging_mixin.py:190} INFO - [2026-09-24T01:04:25.859+0000] {dagbag.py:588} INFO - Filling up the DagBag from /opt/airflow/dags/hello_airflow.py
[2026-09-24T01:04:25.883+0000] {processor.py:925} INFO - DAG(s) 'hello_airflow' retrieved from /opt/airflow/dags/hello_airflow.py
[2026-09-24T01:04:25.925+0000] {logging_mixin.py:190} INFO - [2026-09-24T01:04:25.925+0000] {dag.py:3239} INFO - Sync 1 DAGs
[2026-09-24T01:04:25.947+0000] {logging_mixin.py:190} INFO - [2026-09-24T01:04:25.946+0000] {dag.py:4180} INFO - Setting next_dagrun for hello_airflow to None, run_after=None
[2026-09-24T01:04:25.970+0000] {processor.py:208} INFO - Processing /opt/airflow/dags/hello_airflow.py took 0.126 seconds
[2026-09-24T01:04:56.422+0000] {processor.py:186} INFO - Started process (PID=911) to work on /opt/airflow/dags/hello_airflow.py
[2026-09-24T01:04:56.424+0000] {processor.py:914} INFO - Processing file /opt/airflow/dags/hello_airflow.py for tasks to queue
[2026-09-24T01:04:56.428+0000] {logging_mixin.py:190} INFO - [2026-09-24T01:04:56.428+0000] {dagbag.py:588} INFO - Filling up the DagBag from /opt/airflow/dags/hello_airflow.py
[2026-09-24T01:04:56.458+0000] {processor.py:925} INFO - DAG(s) 'hello_airflow' retrieved from /opt/airflow/dags/hello_airflow.py
[2026-09-24T01:04:56.575+0000] {logging_mixin.py:190} INFO - [2026-09-24T01:04:56.575+0000] {dag.py:3239} INFO - Sync 1 DAGs
[2026-09-24T01:04:56.597+0000] {logging_mixin.py:190} INFO - [2026-09-24T01:04:56.597+0000] {dag.py:4180} INFO - Setting next_dagrun for hello_airflow to None, run_after=None
[2026-09-24T01:04:56.620+0000] {processor.py:208} INFO - Processing /opt/airflow/dags/hello_airflow.py took 0.207 seconds
[2026-09-24T01:05:27.065+0000] {processor.py:186} INFO - Started process (PID=926) to work on /opt/airflow/dags/hello_airflow.py
[2026-09-24T01:05:27.067+0000] {processor.py:914} INFO - Processing file /opt/airflow/dags/hello_airflow.py for tasks to queue
[2026-09-24T01:05:27.071+0000] {logging_mixin.py:190} INFO - [2026-09-24T01:05:27.070+0000] {dagbag.py:588} INFO - Filling up the DagBag from /opt/airflow/dags/hello_airflow.py
[2026-09-24T01:05:27.095+0000] {processor.py:925} INFO - DAG(s) 'hello_airflow' retrieved from /opt/airflow/dags/hello_airflow.py
[2026-09-24T01:05:27.134+0000] {logging_mixin.py:190} INFO - [2026-09-24T01:05:27.133+0000] {dag.py:3239} INFO - Sync 1 DAGs
[2026-09-24T01:05:27.155+0000] {logging_mixin.py:190} INFO - [2026-09-24T01:05:27.154+0000] {dag.py:4180} INFO - Setting next_dagrun for hello_airflow to None, run_after=None
[2026-09-24T01:05:27.178+0000] {processor.py:208} INFO - Processing /opt/airflow/dags/hello_airflow.py took 0.125 seconds
